listing_key,ticker,exchange,asset_type,name,current_etf_category,b3_gap_category,source_presence,candidate_sources,candidate_source_urls,candidate_names,candidate_asset_types,candidate_isins,candidate_sectors,candidate_category_review_decision,official_subset_review_decision,official_subset_closure_eligibility,active_exchange_directory_match,any_official_b3_source_match,b3_resolution_queue,residual_decision,review_bucket,review_priority,review_strategy,apply_eligibility,verification_evidence_required,b3_source_gap_evidence_path,source_gap_resolution_gate,recommended_next_source,source_gate,b3_listing_context,official_candidate_context,review_gate_context
B3::BIAU39,BIAU39,B3,ETF,Ishares Gold Trust,Equity,bdr_or_foreign_receipt,present_only_in_non_exchange_directory_source,b3_bdr_etfs,https://sistemaswebb3-listados.b3.com.br/listedCompaniesProxy/CompanyCall/,ISHARES GOLD TRUST,ETF,,,no_official_candidate_category,official_subset_bdr_without_category_no_data_change,closure_ready_official_subset_bdr_without_category_source_gap,false,true,official_bdr_subset_without_category_source_gap_closed,official_b3_non_directory_source_requires_scope_or_parser_review,official_b3_non_directory_source_review,P2,close_bdr_subset_gap_without_data_change_keep_category_source_gap,review_scope_or_parser_before_any_data_change,official_b3_source_row_plus_scope_decision_or_parser_fix_before_reclassifying_gap,official_b3_bdr_subset_listing_evidence_category_source_gap,close_directory_gap_only_keep_identifier_and_category_unchanged,Official B3 BDR/ETF subset confirms the listing; keep category/ISIN unchanged until stronger B3 or issuer evidence exposes them.,"No B3 category, ISIN, name, symbol, or scope change is authorized; the official BDR subset evidence only closes the active-directory gap.",listing_key=B3::BIAU39;ticker=BIAU39;asset_type=ETF;b3_gap_category=bdr_or_foreign_receipt;current_etf_category=Equity,source_presence=present_only_in_non_exchange_directory_source;candidate_sources=b3_bdr_etfs;candidate_isins_present=false;candidate_sectors_present=false;active_exchange_directory_match=false;any_official_b3_source_match=true,b3_resolution_queue=official_bdr_subset_without_category_source_gap_closed;residual_decision=official_b3_non_directory_source_requires_scope_or_parser_review;review_bucket=official_b3_non_directory_source_review;official_subset_review_decision=official_subset_bdr_without_category_no_data_change;official_subset_closure_eligibility=closure_ready_official_subset_bdr_without_category_source_gap;apply_eligibility=review_scope_or_parser_before_any_data_change;verification_evidence_required=official_b3_source_row_plus_scope_decision_or_parser_fix_before_reclassifying_gap
B3::BSLV39,BSLV39,B3,ETF,Ishares Silver Trust,Equity,bdr_or_foreign_receipt,present_only_in_non_exchange_directory_source,b3_bdr_etfs,https://sistemaswebb3-listados.b3.com.br/listedCompaniesProxy/CompanyCall/,ISHARES SILVER TRUST,ETF,,,no_official_candidate_category,official_subset_bdr_without_category_no_data_change,closure_ready_official_subset_bdr_without_category_source_gap,false,true,official_bdr_subset_without_category_source_gap_closed,official_b3_non_directory_source_requires_scope_or_parser_review,official_b3_non_directory_source_review,P2,close_bdr_subset_gap_without_data_change_keep_category_source_gap,review_scope_or_parser_before_any_data_change,official_b3_source_row_plus_scope_decision_or_parser_fix_before_reclassifying_gap,official_b3_bdr_subset_listing_evidence_category_source_gap,close_directory_gap_only_keep_identifier_and_category_unchanged,Official B3 BDR/ETF subset confirms the listing; keep category/ISIN unchanged until stronger B3 or issuer evidence exposes them.,"No B3 category, ISIN, name, symbol, or scope change is authorized; the official BDR subset evidence only closes the active-directory gap.",listing_key=B3::BSLV39;ticker=BSLV39;asset_type=ETF;b3_gap_category=bdr_or_foreign_receipt;current_etf_category=Equity,source_presence=present_only_in_non_exchange_directory_source;candidate_sources=b3_bdr_etfs;candidate_isins_present=false;candidate_sectors_present=false;active_exchange_directory_match=false;any_official_b3_source_match=true,b3_resolution_queue=official_bdr_subset_without_category_source_gap_closed;residual_decision=official_b3_non_directory_source_requires_scope_or_parser_review;review_bucket=official_b3_non_directory_source_review;official_subset_review_decision=official_subset_bdr_without_category_no_data_change;official_subset_closure_eligibility=closure_ready_official_subset_bdr_without_category_source_gap;apply_eligibility=review_scope_or_parser_before_any_data_change;verification_evidence_required=official_b3_source_row_plus_scope_decision_or_parser_fix_before_reclassifying_gap
B3::B5MB11,B5MB11,B3,ETF,ETF Bradesco Ima-B5 Plus Fundo De Indice,Fixed Income,unit_or_fund_line,present_only_in_non_exchange_directory_source,b3_listed_etfs,https://sistemaswebb3-listados.b3.com.br/fundsListedProxy/Search/,FUNDO DE INVESTIMENTO DE ÍNDICE - CLASSE DE INVESTIMENTO ETF BRADESCO IMA-B5+ - RESP LIMITAD,ETF,,Fixed Income,official_candidate_category_already_reflected,official_subset_category_already_reflected_no_data_change,closure_ready_official_subset_category_already_reflected,false,true,official_subset_category_already_reflected_scope_review,official_b3_non_directory_source_requires_scope_or_parser_review,official_b3_non_directory_source_review,P2,confirm_official_subset_scope_or_parser_gap_before_closing_directory_gap,review_scope_or_parser_before_any_data_change,official_b3_source_row_plus_scope_decision_or_parser_fix_before_reclassifying_gap,official_b3_subset_listing_evidence_category_already_reflected,close_directory_gap_only_after_scope_or_parser_review,Current active B3 exchange directory or reviewed parser/scope evidence for the listed ETF/fund subset.,Close the directory gap only after confirming the subset is intentionally outside the active directory or parser-scoped.,listing_key=B3::B5MB11;ticker=B5MB11;asset_type=ETF;b3_gap_category=unit_or_fund_line;current_etf_category=Fixed Income,source_presence=present_only_in_non_exchange_directory_source;candidate_sources=b3_listed_etfs;candidate_isins_present=false;candidate_sectors_present=true;active_exchange_directory_match=false;any_official_b3_source_match=true,b3_resolution_queue=official_subset_category_already_reflected_scope_review;residual_decision=official_b3_non_directory_source_requires_scope_or_parser_review;review_bucket=official_b3_non_directory_source_review;official_subset_review_decision=official_subset_category_already_reflected_no_data_change;official_subset_closure_eligibility=closure_ready_official_subset_category_already_reflected;apply_eligibility=review_scope_or_parser_before_any_data_change;verification_evidence_required=official_b3_source_row_plus_scope_decision_or_parser_fix_before_reclassifying_gap
B3::B5P211,B5P211,B3,ETF,It Now Ima-B5 P2 Fundo De Indice,Fixed Income,unit_or_fund_line,present_only_in_non_exchange_directory_source,b3_listed_etfs,https://sistemaswebb3-listados.b3.com.br/fundsListedProxy/Search/,IT NOW IMA-B5 P2 FUNDO DE INDICE RESPONSABILIDADE LIMITADA,ETF,,Fixed Income,official_candidate_category_already_reflected,official_subset_category_already_reflected_no_data_change,closure_ready_official_subset_category_already_reflected,false,true,official_subset_category_already_reflected_scope_review,official_b3_non_directory_source_requires_scope_or_parser_review,official_b3_non_directory_source_review,P2,confirm_official_subset_scope_or_parser_gap_before_closing_directory_gap,review_scope_or_parser_before_any_data_change,official_b3_source_row_plus_scope_decision_or_parser_fix_before_reclassifying_gap,official_b3_subset_listing_evidence_category_already_reflected,close_directory_gap_only_after_scope_or_parser_review,Current active B3 exchange directory or reviewed parser/scope evidence for the listed ETF/fund subset.,Close the directory gap only after confirming the subset is intentionally outside the active directory or parser-scoped.,listing_key=B3::B5P211;ticker=B5P211;asset_type=ETF;b3_gap_category=unit_or_fund_line;current_etf_category=Fixed Income,source_presence=present_only_in_non_exchange_directory_source;candidate_sources=b3_listed_etfs;candidate_isins_present=false;candidate_sectors_present=true;active_exchange_directory_match=false;any_official_b3_source_match=true,b3_resolution_queue=official_subset_category_already_reflected_scope_review;residual_decision=official_b3_non_directory_source_requires_scope_or_parser_review;review_bucket=official_b3_non_directory_source_review;official_subset_review_decision=official_subset_category_already_reflected_no_data_change;official_subset_closure_eligibility=closure_ready_official_subset_category_already_reflected;apply_eligibility=review_scope_or_parser_before_any_data_change;verification_evidence_required=official_b3_source_row_plus_scope_decision_or_parser_fix_before_reclassifying_gap
B3::BDAP11,BDAP11,B3,ETF,Bb Etf Indice Dap5 B3 Fundo De Indice,Fixed Income,unit_or_fund_line,present_only_in_non_exchange_directory_source,b3_listed_etfs,https://sistemaswebb3-listados.b3.com.br/fundsListedProxy/Search/,BB ETF ÍNDICE DAP5 B3 FUNDO DE ÍNDICE RESPONSABILIDADE LIMITADA,ETF,,Fixed Income,official_candidate_category_already_reflected,official_subset_category_already_reflected_no_data_change,closure_ready_official_subset_category_already_reflected,false,true,official_subset_category_already_reflected_scope_review,official_b3_non_directory_source_requires_scope_or_parser_review,official_b3_non_directory_source_review,P2,confirm_official_subset_scope_or_parser_gap_before_closing_directory_gap,review_scope_or_parser_before_any_data_change,official_b3_source_row_plus_scope_decision_or_parser_fix_before_reclassifying_gap,official_b3_subset_listing_evidence_category_already_reflected,close_directory_gap_only_after_scope_or_parser_review,Current active B3 exchange directory or reviewed parser/scope evidence for the listed ETF/fund subset.,Close the directory gap only after confirming the subset is intentionally outside the active directory or parser-scoped.,listing_key=B3::BDAP11;ticker=BDAP11;asset_type=ETF;b3_gap_category=unit_or_fund_line;current_etf_category=Fixed Income,source_presence=present_only_in_non_exchange_directory_source;candidate_sources=b3_listed_etfs;candidate_isins_present=false;candidate_sectors_present=true;active_exchange_directory_match=false;any_official_b3_source_match=true,b3_resolution_queue=official_subset_category_already_reflected_scope_review;residual_decision=official_b3_non_directory_source_requires_scope_or_parser_review;review_bucket=official_b3_non_directory_source_review;official_subset_review_decision=official_subset_category_already_reflected_no_data_change;official_subset_closure_eligibility=closure_ready_official_subset_category_already_reflected;apply_eligibility=review_scope_or_parser_before_any_data_change;verification_evidence_required=official_b3_source_row_plus_scope_decision_or_parser_fix_before_reclassifying_gap
B3::FIXA11,FIXA11,B3,ETF,Mirae Asset Renda Fixa Pre Fundo De Indice,Fixed Income,unit_or_fund_line,present_only_in_non_exchange_directory_source,b3_listed_etfs,https://sistemaswebb3-listados.b3.com.br/fundsListedProxy/Search/,BB ETF RENDA FIXA PRÉ ÍNDICE FUTURO DE TAXAS DE JUROS S&P/B3  FUNDO DE ÍNDICE RESP LIMITADA,ETF,,Fixed Income,official_candidate_category_already_reflected,official_subset_category_already_reflected_no_data_change,closure_ready_official_subset_category_already_reflected,false,true,official_subset_category_already_reflected_scope_review,official_b3_non_directory_source_requires_scope_or_parser_review,official_b3_non_directory_source_review,P2,confirm_official_subset_scope_or_parser_gap_before_closing_directory_gap,review_scope_or_parser_before_any_data_change,official_b3_source_row_plus_scope_decision_or_parser_fix_before_reclassifying_gap,official_b3_subset_listing_evidence_category_already_reflected,close_directory_gap_only_after_scope_or_parser_review,Current active B3 exchange directory or reviewed parser/scope evidence for the listed ETF/fund subset.,Close the directory gap only after confirming the subset is intentionally outside the active directory or parser-scoped.,listing_key=B3::FIXA11;ticker=FIXA11;asset_type=ETF;b3_gap_category=unit_or_fund_line;current_etf_category=Fixed Income,source_presence=present_only_in_non_exchange_directory_source;candidate_sources=b3_listed_etfs;candidate_isins_present=false;candidate_sectors_present=true;active_exchange_directory_match=false;any_official_b3_source_match=true,b3_resolution_queue=official_subset_category_already_reflected_scope_review;residual_decision=official_b3_non_directory_source_requires_scope_or_parser_review;review_bucket=official_b3_non_directory_source_review;official_subset_review_decision=official_subset_category_already_reflected_no_data_change;official_subset_closure_eligibility=closure_ready_official_subset_category_already_reflected;apply_eligibility=review_scope_or_parser_before_any_data_change;verification_evidence_required=official_b3_source_row_plus_scope_decision_or_parser_fix_before_reclassifying_gap
B3::IB5M11,IB5M11,B3,ETF,It Now IMA-B5+ Fundo De Indice,Fixed Income,unit_or_fund_line,present_only_in_non_exchange_directory_source,b3_listed_etfs,https://sistemaswebb3-listados.b3.com.br/fundsListedProxy/Search/,IT NOW IMA-B5+ FUNDO DE ÍNDICE RESPONSABILIDADE LIMITADA,ETF,,Fixed Income,official_candidate_category_already_reflected,official_subset_category_already_reflected_no_data_change,closure_ready_official_subset_category_already_reflected,false,true,official_subset_category_already_reflected_scope_review,official_b3_non_directory_source_requires_scope_or_parser_review,official_b3_non_directory_source_review,P2,confirm_official_subset_scope_or_parser_gap_before_closing_directory_gap,review_scope_or_parser_before_any_data_change,official_b3_source_row_plus_scope_decision_or_parser_fix_before_reclassifying_gap,official_b3_subset_listing_evidence_category_already_reflected,close_directory_gap_only_after_scope_or_parser_review,Current active B3 exchange directory or reviewed parser/scope evidence for the listed ETF/fund subset.,Close the directory gap only after confirming the subset is intentionally outside the active directory or parser-scoped.,listing_key=B3::IB5M11;ticker=IB5M11;asset_type=ETF;b3_gap_category=unit_or_fund_line;current_etf_category=Fixed Income,source_presence=present_only_in_non_exchange_directory_source;candidate_sources=b3_listed_etfs;candidate_isins_present=false;candidate_sectors_present=true;active_exchange_directory_match=false;any_official_b3_source_match=true,b3_resolution_queue=official_subset_category_already_reflected_scope_review;residual_decision=official_b3_non_directory_source_requires_scope_or_parser_review;review_bucket=official_b3_non_directory_source_review;official_subset_review_decision=official_subset_category_already_reflected_no_data_change;official_subset_closure_eligibility=closure_ready_official_subset_category_already_reflected;apply_eligibility=review_scope_or_parser_before_any_data_change;verification_evidence_required=official_b3_source_row_plus_scope_decision_or_parser_fix_before_reclassifying_gap
B3::IMAB11,IMAB11,B3,ETF,It Now Id ETF Ima-B Fundo De Indice,Fixed Income,unit_or_fund_line,present_only_in_non_exchange_directory_source,b3_listed_etfs,https://sistemaswebb3-listados.b3.com.br/fundsListedProxy/Search/,IT NOW ID ETF IMA-B FUNDO DE ÍNDICE RESPONSABILIDADE LIMITADA,ETF,,Fixed Income,official_candidate_category_already_reflected,official_subset_category_already_reflected_no_data_change,closure_ready_official_subset_category_already_reflected,false,true,official_subset_category_already_reflected_scope_review,official_b3_non_directory_source_requires_scope_or_parser_review,official_b3_non_directory_source_review,P2,confirm_official_subset_scope_or_parser_gap_before_closing_directory_gap,review_scope_or_parser_before_any_data_change,official_b3_source_row_plus_scope_decision_or_parser_fix_before_reclassifying_gap,official_b3_subset_listing_evidence_category_already_reflected,close_directory_gap_only_after_scope_or_parser_review,Current active B3 exchange directory or reviewed parser/scope evidence for the listed ETF/fund subset.,Close the directory gap only after confirming the subset is intentionally outside the active directory or parser-scoped.,listing_key=B3::IMAB11;ticker=IMAB11;asset_type=ETF;b3_gap_category=unit_or_fund_line;current_etf_category=Fixed Income,source_presence=present_only_in_non_exchange_directory_source;candidate_sources=b3_listed_etfs;candidate_isins_present=false;candidate_sectors_present=true;active_exchange_directory_match=false;any_official_b3_source_match=true,b3_resolution_queue=official_subset_category_already_reflected_scope_review;residual_decision=official_b3_non_directory_source_requires_scope_or_parser_review;review_bucket=official_b3_non_directory_source_review;official_subset_review_decision=official_subset_category_already_reflected_no_data_change;official_subset_closure_eligibility=closure_ready_official_subset_category_already_reflected;apply_eligibility=review_scope_or_parser_before_any_data_change;verification_evidence_required=official_b3_source_row_plus_scope_decision_or_parser_fix_before_reclassifying_gap
B3::IMBB11,IMBB11,B3,ETF,Etf Bradesco Ima-B Fundo De Indice,Fixed Income,unit_or_fund_line,present_only_in_non_exchange_directory_source,b3_listed_etfs,https://sistemaswebb3-listados.b3.com.br/fundsListedProxy/Search/,FUNDO DE INVESTIMENTO DE ÍNDICE - CLASSE DE INVESTIMENTO ETF BRADESCO IMA-B - RESP LIMITADA,ETF,,Fixed Income,official_candidate_category_already_reflected,official_subset_category_already_reflected_no_data_change,closure_ready_official_subset_category_already_reflected,false,true,official_subset_category_already_reflected_scope_review,official_b3_non_directory_source_requires_scope_or_parser_review,official_b3_non_directory_source_review,P2,confirm_official_subset_scope_or_parser_gap_before_closing_directory_gap,review_scope_or_parser_before_any_data_change,official_b3_source_row_plus_scope_decision_or_parser_fix_before_reclassifying_gap,official_b3_subset_listing_evidence_category_already_reflected,close_directory_gap_only_after_scope_or_parser_review,Current active B3 exchange directory or reviewed parser/scope evidence for the listed ETF/fund subset.,Close the directory gap only after confirming the subset is intentionally outside the active directory or parser-scoped.,listing_key=B3::IMBB11;ticker=IMBB11;asset_type=ETF;b3_gap_category=unit_or_fund_line;current_etf_category=Fixed Income,source_presence=present_only_in_non_exchange_directory_source;candidate_sources=b3_listed_etfs;candidate_isins_present=false;candidate_sectors_present=true;active_exchange_directory_match=false;any_official_b3_source_match=true,b3_resolution_queue=official_subset_category_already_reflected_scope_review;residual_decision=official_b3_non_directory_source_requires_scope_or_parser_review;review_bucket=official_b3_non_directory_source_review;official_subset_review_decision=official_subset_category_already_reflected_no_data_change;official_subset_closure_eligibility=closure_ready_official_subset_category_already_reflected;apply_eligibility=review_scope_or_parser_before_any_data_change;verification_evidence_required=official_b3_source_row_plus_scope_decision_or_parser_fix_before_reclassifying_gap
B3::IRFM11,IRFM11,B3,ETF,It Now IRF - M P2 Fundo De Indice,Fixed Income,unit_or_fund_line,present_only_in_non_exchange_directory_source,b3_listed_etfs,https://sistemaswebb3-listados.b3.com.br/fundsListedProxy/Search/,IT NOW IRF-M P2 FUNDO DE ÍNDICE RESPONSABILIDADE LIMITADA,ETF,,Fixed Income,official_candidate_category_already_reflected,official_subset_category_already_reflected_no_data_change,closure_ready_official_subset_category_already_reflected,false,true,official_subset_category_already_reflected_scope_review,official_b3_non_directory_source_requires_scope_or_parser_review,official_b3_non_directory_source_review,P2,confirm_official_subset_scope_or_parser_gap_before_closing_directory_gap,review_scope_or_parser_before_any_data_change,official_b3_source_row_plus_scope_decision_or_parser_fix_before_reclassifying_gap,official_b3_subset_listing_evidence_category_already_reflected,close_directory_gap_only_after_scope_or_parser_review,Current active B3 exchange directory or reviewed parser/scope evidence for the listed ETF/fund subset.,Close the directory gap only after confirming the subset is intentionally outside the active directory or parser-scoped.,listing_key=B3::IRFM11;ticker=IRFM11;asset_type=ETF;b3_gap_category=unit_or_fund_line;current_etf_category=Fixed Income,source_presence=present_only_in_non_exchange_directory_source;candidate_sources=b3_listed_etfs;candidate_isins_present=false;candidate_sectors_present=true;active_exchange_directory_match=false;any_official_b3_source_match=true,b3_resolution_queue=official_subset_category_already_reflected_scope_review;residual_decision=official_b3_non_directory_source_requires_scope_or_parser_review;review_bucket=official_b3_non_directory_source_review;official_subset_review_decision=official_subset_category_already_reflected_no_data_change;official_subset_closure_eligibility=closure_ready_official_subset_category_already_reflected;apply_eligibility=review_scope_or_parser_before_any_data_change;verification_evidence_required=official_b3_source_row_plus_scope_decision_or_parser_fix_before_reclassifying_gap
B3::LFIN11,LFIN11,B3,ETF,BTG PACTUAL TEVA LETRAS FINANCEIRAS DI QUALIDADE FUNDO DE ÍNDICE,Fixed Income,unit_or_fund_line,present_only_in_non_exchange_directory_source,b3_listed_etfs,https://sistemaswebb3-listados.b3.com.br/fundsListedProxy/Search/,BTG PACTUAL TEVA LETRAS FINANCEIRAS DI QUALIDADE FUNDO DE ÍNDICE,ETF,,Fixed Income,official_candidate_category_already_reflected,official_subset_category_already_reflected_no_data_change,closure_ready_official_subset_category_already_reflected,false,true,official_subset_category_already_reflected_scope_review,official_b3_non_directory_source_requires_scope_or_parser_review,official_b3_non_directory_source_review,P2,confirm_official_subset_scope_or_parser_gap_before_closing_directory_gap,review_scope_or_parser_before_any_data_change,official_b3_source_row_plus_scope_decision_or_parser_fix_before_reclassifying_gap,official_b3_subset_listing_evidence_category_already_reflected,close_directory_gap_only_after_scope_or_parser_review,Current active B3 exchange directory or reviewed parser/scope evidence for the listed ETF/fund subset.,Close the directory gap only after confirming the subset is intentionally outside the active directory or parser-scoped.,listing_key=B3::LFIN11;ticker=LFIN11;asset_type=ETF;b3_gap_category=unit_or_fund_line;current_etf_category=Fixed Income,source_presence=present_only_in_non_exchange_directory_source;candidate_sources=b3_listed_etfs;candidate_isins_present=false;candidate_sectors_present=true;active_exchange_directory_match=false;any_official_b3_source_match=true,b3_resolution_queue=official_subset_category_already_reflected_scope_review;residual_decision=official_b3_non_directory_source_requires_scope_or_parser_review;review_bucket=official_b3_non_directory_source_review;official_subset_review_decision=official_subset_category_already_reflected_no_data_change;official_subset_closure_eligibility=closure_ready_official_subset_category_already_reflected;apply_eligibility=review_scope_or_parser_before_any_data_change;verification_evidence_required=official_b3_source_row_plus_scope_decision_or_parser_fix_before_reclassifying_gap
B3::LFTB11,LFTB11,B3,ETF,Investo Etf Marketvector Brazil Treasury 760 Day Target Duration Classe De Indice - Responsab Limita,Fixed Income,unit_or_fund_line,present_only_in_non_exchange_directory_source,b3_listed_etfs,https://sistemaswebb3-listados.b3.com.br/fundsListedProxy/Search/,INVESTO ETF MARKETVECTOR BRAZIL TREASURY 760 DAY TARGET DURATION CLASSE DE ÍNDICE - RESP LIMITADA,ETF,,Fixed Income,official_candidate_category_already_reflected,official_subset_category_already_reflected_no_data_change,closure_ready_official_subset_category_already_reflected,false,true,official_subset_category_already_reflected_scope_review,official_b3_non_directory_source_requires_scope_or_parser_review,official_b3_non_directory_source_review,P2,confirm_official_subset_scope_or_parser_gap_before_closing_directory_gap,review_scope_or_parser_before_any_data_change,official_b3_source_row_plus_scope_decision_or_parser_fix_before_reclassifying_gap,official_b3_subset_listing_evidence_category_already_reflected,close_directory_gap_only_after_scope_or_parser_review,Current active B3 exchange directory or reviewed parser/scope evidence for the listed ETF/fund subset.,Close the directory gap only after confirming the subset is intentionally outside the active directory or parser-scoped.,listing_key=B3::LFTB11;ticker=LFTB11;asset_type=ETF;b3_gap_category=unit_or_fund_line;current_etf_category=Fixed Income,source_presence=present_only_in_non_exchange_directory_source;candidate_sources=b3_listed_etfs;candidate_isins_present=false;candidate_sectors_present=true;active_exchange_directory_match=false;any_official_b3_source_match=true,b3_resolution_queue=official_subset_category_already_reflected_scope_review;residual_decision=official_b3_non_directory_source_requires_scope_or_parser_review;review_bucket=official_b3_non_directory_source_review;official_subset_review_decision=official_subset_category_already_reflected_no_data_change;official_subset_closure_eligibility=closure_ready_official_subset_category_already_reflected;apply_eligibility=review_scope_or_parser_before_any_data_change;verification_evidence_required=official_b3_source_row_plus_scope_decision_or_parser_fix_before_reclassifying_gap
B3::LFTS11,LFTS11,B3,ETF,Investo Teva Tesouro Selic Etf - Fundo De Investimento De Indice,Commodity,unit_or_fund_line,present_only_in_non_exchange_directory_source,b3_listed_etfs,https://sistemaswebb3-listados.b3.com.br/fundsListedProxy/Search/,INVESTO TEVA TESOURO SELIC ETF CLASSE DE ÍNDICE - RESPONSABILIDADE LIMITADA,ETF,,Commodity,official_candidate_category_already_reflected,official_subset_category_already_reflected_no_data_change,closure_ready_official_subset_category_already_reflected,false,true,official_subset_category_already_reflected_scope_review,official_b3_non_directory_source_requires_scope_or_parser_review,official_b3_non_directory_source_review,P2,confirm_official_subset_scope_or_parser_gap_before_closing_directory_gap,review_scope_or_parser_before_any_data_change,official_b3_source_row_plus_scope_decision_or_parser_fix_before_reclassifying_gap,official_b3_subset_listing_evidence_category_already_reflected,close_directory_gap_only_after_scope_or_parser_review,Current active B3 exchange directory or reviewed parser/scope evidence for the listed ETF/fund subset.,Close the directory gap only after confirming the subset is intentionally outside the active directory or parser-scoped.,listing_key=B3::LFTS11;ticker=LFTS11;asset_type=ETF;b3_gap_category=unit_or_fund_line;current_etf_category=Commodity,source_presence=present_only_in_non_exchange_directory_source;candidate_sources=b3_listed_etfs;candidate_isins_present=false;candidate_sectors_present=true;active_exchange_directory_match=false;any_official_b3_source_match=true,b3_resolution_queue=official_subset_category_already_reflected_scope_review;residual_decision=official_b3_non_directory_source_requires_scope_or_parser_review;review_bucket=official_b3_non_directory_source_review;official_subset_review_decision=official_subset_category_already_reflected_no_data_change;official_subset_closure_eligibility=closure_ready_official_subset_category_already_reflected;apply_eligibility=review_scope_or_parser_before_any_data_change;verification_evidence_required=official_b3_source_row_plus_scope_decision_or_parser_fix_before_reclassifying_gap
B3::NLFA11,NLFA11,B3,ETF,Nu Letras Financeiras Anbima Classe De Índice - Responsabilidade Limitada,Fixed Income,unit_or_fund_line,present_only_in_non_exchange_directory_source,b3_listed_etfs,https://sistemaswebb3-listados.b3.com.br/fundsListedProxy/Search/,NU LETRAS FINANCEIRAS ANBIMA CLASSE DE  ÍNDICE - RESPONSABILIDADE LIMITADA,ETF,,Fixed Income,official_candidate_category_already_reflected,official_subset_category_already_reflected_no_data_change,closure_ready_official_subset_category_already_reflected,false,true,official_subset_category_already_reflected_scope_review,official_b3_non_directory_source_requires_scope_or_parser_review,official_b3_non_directory_source_review,P2,confirm_official_subset_scope_or_parser_gap_before_closing_directory_gap,review_scope_or_parser_before_any_data_change,official_b3_source_row_plus_scope_decision_or_parser_fix_before_reclassifying_gap,official_b3_subset_listing_evidence_category_already_reflected,close_directory_gap_only_after_scope_or_parser_review,Current active B3 exchange directory or reviewed parser/scope evidence for the listed ETF/fund subset.,Close the directory gap only after confirming the subset is intentionally outside the active directory or parser-scoped.,listing_key=B3::NLFA11;ticker=NLFA11;asset_type=ETF;b3_gap_category=unit_or_fund_line;current_etf_category=Fixed Income,source_presence=present_only_in_non_exchange_directory_source;candidate_sources=b3_listed_etfs;candidate_isins_present=false;candidate_sectors_present=true;active_exchange_directory_match=false;any_official_b3_source_match=true,b3_resolution_queue=official_subset_category_already_reflected_scope_review;residual_decision=official_b3_non_directory_source_requires_scope_or_parser_review;review_bucket=official_b3_non_directory_source_review;official_subset_review_decision=official_subset_category_already_reflected_no_data_change;official_subset_closure_eligibility=closure_ready_official_subset_category_already_reflected;apply_eligibility=review_scope_or_parser_before_any_data_change;verification_evidence_required=official_b3_source_row_plus_scope_decision_or_parser_fix_before_reclassifying_gap
B3::NTNS11,NTNS11,B3,ETF,Investo Teva Tesouro Ipca+ 0 A 4 Anos Etf - Fundo De Investimento De Indice,Commodity,unit_or_fund_line,present_only_in_non_exchange_directory_source,b3_listed_etfs,https://sistemaswebb3-listados.b3.com.br/fundsListedProxy/Search/,INVESTO TEVA TESOURO IPCA+ 0 A 4 ANOS ETF CLASSE DE ÍNDICE - RESPONSABILIDADE LIMITADA,ETF,,Commodity,official_candidate_category_already_reflected,official_subset_category_already_reflected_no_data_change,closure_ready_official_subset_category_already_reflected,false,true,official_subset_category_already_reflected_scope_review,official_b3_non_directory_source_requires_scope_or_parser_review,official_b3_non_directory_source_review,P2,confirm_official_subset_scope_or_parser_gap_before_closing_directory_gap,review_scope_or_parser_before_any_data_change,official_b3_source_row_plus_scope_decision_or_parser_fix_before_reclassifying_gap,official_b3_subset_listing_evidence_category_already_reflected,close_directory_gap_only_after_scope_or_parser_review,Current active B3 exchange directory or reviewed parser/scope evidence for the listed ETF/fund subset.,Close the directory gap only after confirming the subset is intentionally outside the active directory or parser-scoped.,listing_key=B3::NTNS11;ticker=NTNS11;asset_type=ETF;b3_gap_category=unit_or_fund_line;current_etf_category=Commodity,source_presence=present_only_in_non_exchange_directory_source;candidate_sources=b3_listed_etfs;candidate_isins_present=false;candidate_sectors_present=true;active_exchange_directory_match=false;any_official_b3_source_match=true,b3_resolution_queue=official_subset_category_already_reflected_scope_review;residual_decision=official_b3_non_directory_source_requires_scope_or_parser_review;review_bucket=official_b3_non_directory_source_review;official_subset_review_decision=official_subset_category_already_reflected_no_data_change;official_subset_closure_eligibility=closure_ready_official_subset_category_already_reflected;apply_eligibility=review_scope_or_parser_before_any_data_change;verification_evidence_required=official_b3_source_row_plus_scope_decision_or_parser_fix_before_reclassifying_gap
B3::PACC11,PACC11,B3,ETF,Btg Pactual Ima-B 5 P2 Fundo De Indice,Fixed Income,unit_or_fund_line,present_only_in_non_exchange_directory_source,b3_listed_etfs,https://sistemaswebb3-listados.b3.com.br/fundsListedProxy/Search/,BTG PACTUAL IMA-B 5 P2 FUNDO DE ÍNDICE,ETF,,Fixed Income,official_candidate_category_already_reflected,official_subset_category_already_reflected_no_data_change,closure_ready_official_subset_category_already_reflected,false,true,official_subset_category_already_reflected_scope_review,official_b3_non_directory_source_requires_scope_or_parser_review,official_b3_non_directory_source_review,P2,confirm_official_subset_scope_or_parser_gap_before_closing_directory_gap,review_scope_or_parser_before_any_data_change,official_b3_source_row_plus_scope_decision_or_parser_fix_before_reclassifying_gap,official_b3_subset_listing_evidence_category_already_reflected,close_directory_gap_only_after_scope_or_parser_review,Current active B3 exchange directory or reviewed parser/scope evidence for the listed ETF/fund subset.,Close the directory gap only after confirming the subset is intentionally outside the active directory or parser-scoped.,listing_key=B3::PACC11;ticker=PACC11;asset_type=ETF;b3_gap_category=unit_or_fund_line;current_etf_category=Fixed Income,source_presence=present_only_in_non_exchange_directory_source;candidate_sources=b3_listed_etfs;candidate_isins_present=false;candidate_sectors_present=true;active_exchange_directory_match=false;any_official_b3_source_match=true,b3_resolution_queue=official_subset_category_already_reflected_scope_review;residual_decision=official_b3_non_directory_source_requires_scope_or_parser_review;review_bucket=official_b3_non_directory_source_review;official_subset_review_decision=official_subset_category_already_reflected_no_data_change;official_subset_closure_eligibility=closure_ready_official_subset_category_already_reflected;apply_eligibility=review_scope_or_parser_before_any_data_change;verification_evidence_required=official_b3_source_row_plus_scope_decision_or_parser_fix_before_reclassifying_gap
B3::PACG11,PACG11,B3,ETF,BTG Pactual Ima-B Fundo De Indice,Fixed Income,unit_or_fund_line,present_only_in_non_exchange_directory_source,b3_listed_etfs,https://sistemaswebb3-listados.b3.com.br/fundsListedProxy/Search/,BTG PACTUAL IMA-B FUNDO DE ÍNDICE,ETF,,Fixed Income,official_candidate_category_already_reflected,official_subset_category_already_reflected_no_data_change,closure_ready_official_subset_category_already_reflected,false,true,official_subset_category_already_reflected_scope_review,official_b3_non_directory_source_requires_scope_or_parser_review,official_b3_non_directory_source_review,P2,confirm_official_subset_scope_or_parser_gap_before_closing_directory_gap,review_scope_or_parser_before_any_data_change,official_b3_source_row_plus_scope_decision_or_parser_fix_before_reclassifying_gap,official_b3_subset_listing_evidence_category_already_reflected,close_directory_gap_only_after_scope_or_parser_review,Current active B3 exchange directory or reviewed parser/scope evidence for the listed ETF/fund subset.,Close the directory gap only after confirming the subset is intentionally outside the active directory or parser-scoped.,listing_key=B3::PACG11;ticker=PACG11;asset_type=ETF;b3_gap_category=unit_or_fund_line;current_etf_category=Fixed Income,source_presence=present_only_in_non_exchange_directory_source;candidate_sources=b3_listed_etfs;candidate_isins_present=false;candidate_sectors_present=true;active_exchange_directory_match=false;any_official_b3_source_match=true,b3_resolution_queue=official_subset_category_already_reflected_scope_review;residual_decision=official_b3_non_directory_source_requires_scope_or_parser_review;review_bucket=official_b3_non_directory_source_review;official_subset_review_decision=official_subset_category_already_reflected_no_data_change;official_subset_closure_eligibility=closure_ready_official_subset_category_already_reflected;apply_eligibility=review_scope_or_parser_before_any_data_change;verification_evidence_required=official_b3_source_row_plus_scope_decision_or_parser_fix_before_reclassifying_gap
B3::ADMF3,ADMF3,B3,Stock,CIABRASF CIA BRASILEIRA DE SERVIÇOS FINANCEIROS SA,,local_share_line,absent_from_all_b3_masterfile_sources,,,,,,,no_official_candidate_category,not_official_subset_source_gap,blocked_until_current_official_active_source_evidence,false,false,absent_from_all_b3_sources_local_share_source_gap,accepted_source_gap_not_in_any_current_b3_masterfile_source,missing_from_all_b3_masterfile_sources_source_gap,P3,keep_local_share_gap_until_current_official_b3_or_issuer_evidence,source_gap_keep_existing_dataset_row_until_official_active_source_evidence,new_current_b3_directory_or_official_issuer_exchange_evidence_for_exact_listing_key,current_b3_exchange_directory_or_cvm_issuer_listing_evidence,do_not_delete_or_rename_until_current_b3_cvm_or_issuer_listing_evidence_is_reviewed,"Current B3 exchange directory, B3 issuer page, CVM filing, or issuer investor-relations listing evidence.",Keep row as source gap until current official B3 or issuer evidence proves the active local-share listing.,listing_key=B3::ADMF3;ticker=ADMF3;asset_type=Stock;b3_gap_category=local_share_line;current_etf_category=none,source_presence=absent_from_all_b3_masterfile_sources;candidate_sources=none;candidate_isins_present=false;candidate_sectors_present=false;active_exchange_directory_match=false;any_official_b3_source_match=false,b3_resolution_queue=absent_from_all_b3_sources_local_share_source_gap;residual_decision=accepted_source_gap_not_in_any_current_b3_masterfile_source;review_bucket=missing_from_all_b3_masterfile_sources_source_gap;official_subset_review_decision=not_official_subset_source_gap;official_subset_closure_eligibility=blocked_until_current_official_active_source_evidence;apply_eligibility=source_gap_keep_existing_dataset_row_until_official_active_source_evidence;verification_evidence_required=new_current_b3_directory_or_official_issuer_exchange_evidence_for_exact_listing_key
B3::AZUL53,AZUL53,B3,Stock,AZUL S.A.,,local_share_line,absent_from_all_b3_masterfile_sources,,,,,,,no_official_candidate_category,not_official_subset_source_gap,blocked_until_current_official_active_source_evidence,false,false,absent_from_all_b3_sources_local_share_source_gap,accepted_source_gap_not_in_any_current_b3_masterfile_source,missing_from_all_b3_masterfile_sources_source_gap,P3,keep_local_share_gap_until_current_official_b3_or_issuer_evidence,source_gap_keep_existing_dataset_row_until_official_active_source_evidence,new_current_b3_directory_or_official_issuer_exchange_evidence_for_exact_listing_key,current_b3_exchange_directory_or_cvm_issuer_listing_evidence,do_not_delete_or_rename_until_current_b3_cvm_or_issuer_listing_evidence_is_reviewed,"Current B3 exchange directory, B3 issuer page, CVM filing, or issuer investor-relations listing evidence.",Keep row as source gap until current official B3 or issuer evidence proves the active local-share listing.,listing_key=B3::AZUL53;ticker=AZUL53;asset_type=Stock;b3_gap_category=local_share_line;current_etf_category=none,source_presence=absent_from_all_b3_masterfile_sources;candidate_sources=none;candidate_isins_present=false;candidate_sectors_present=false;active_exchange_directory_match=false;any_official_b3_source_match=false,b3_resolution_queue=absent_from_all_b3_sources_local_share_source_gap;residual_decision=accepted_source_gap_not_in_any_current_b3_masterfile_source;review_bucket=missing_from_all_b3_masterfile_sources_source_gap;official_subset_review_decision=not_official_subset_source_gap;official_subset_closure_eligibility=blocked_until_current_official_active_source_evidence;apply_eligibility=source_gap_keep_existing_dataset_row_until_official_active_source_evidence;verification_evidence_required=new_current_b3_directory_or_official_issuer_exchange_evidence_for_exact_listing_key
B3::C3RP3,C3RP3,B3,Stock,COTRASA PARTICIPACOES S.A.,,local_share_line,absent_from_all_b3_masterfile_sources,,,,,,,no_official_candidate_category,not_official_subset_source_gap,blocked_until_current_official_active_source_evidence,false,false,absent_from_all_b3_sources_local_share_source_gap,accepted_source_gap_not_in_any_current_b3_masterfile_source,missing_from_all_b3_masterfile_sources_source_gap,P3,keep_local_share_gap_until_current_official_b3_or_issuer_evidence,source_gap_keep_existing_dataset_row_until_official_active_source_evidence,new_current_b3_directory_or_official_issuer_exchange_evidence_for_exact_listing_key,current_b3_exchange_directory_or_cvm_issuer_listing_evidence,do_not_delete_or_rename_until_current_b3_cvm_or_issuer_listing_evidence_is_reviewed,"Current B3 exchange directory, B3 issuer page, CVM filing, or issuer investor-relations listing evidence.",Keep row as source gap until current official B3 or issuer evidence proves the active local-share listing.,listing_key=B3::C3RP3;ticker=C3RP3;asset_type=Stock;b3_gap_category=local_share_line;current_etf_category=none,source_presence=absent_from_all_b3_masterfile_sources;candidate_sources=none;candidate_isins_present=false;candidate_sectors_present=false;active_exchange_directory_match=false;any_official_b3_source_match=false,b3_resolution_queue=absent_from_all_b3_sources_local_share_source_gap;residual_decision=accepted_source_gap_not_in_any_current_b3_masterfile_source;review_bucket=missing_from_all_b3_masterfile_sources_source_gap;official_subset_review_decision=not_official_subset_source_gap;official_subset_closure_eligibility=blocked_until_current_official_active_source_evidence;apply_eligibility=source_gap_keep_existing_dataset_row_until_official_active_source_evidence;verification_evidence_required=new_current_b3_directory_or_official_issuer_exchange_evidence_for_exact_listing_key
B3::GUAR3,GUAR3,B3,Stock,Guararapes Confecções S.A,,local_share_line,absent_from_all_b3_masterfile_sources,,,,,,,no_official_candidate_category,not_official_subset_source_gap,blocked_until_current_official_active_source_evidence,false,false,absent_from_all_b3_sources_local_share_source_gap,accepted_source_gap_not_in_any_current_b3_masterfile_source,missing_from_all_b3_masterfile_sources_source_gap,P3,keep_local_share_gap_until_current_official_b3_or_issuer_evidence,source_gap_keep_existing_dataset_row_until_official_active_source_evidence,new_current_b3_directory_or_official_issuer_exchange_evidence_for_exact_listing_key,current_b3_exchange_directory_or_cvm_issuer_listing_evidence,do_not_delete_or_rename_until_current_b3_cvm_or_issuer_listing_evidence_is_reviewed,"Current B3 exchange directory, B3 issuer page, CVM filing, or issuer investor-relations listing evidence.",Keep row as source gap until current official B3 or issuer evidence proves the active local-share listing.,listing_key=B3::GUAR3;ticker=GUAR3;asset_type=Stock;b3_gap_category=local_share_line;current_etf_category=none,source_presence=absent_from_all_b3_masterfile_sources;candidate_sources=none;candidate_isins_present=false;candidate_sectors_present=false;active_exchange_directory_match=false;any_official_b3_source_match=false,b3_resolution_queue=absent_from_all_b3_sources_local_share_source_gap;residual_decision=accepted_source_gap_not_in_any_current_b3_masterfile_source;review_bucket=missing_from_all_b3_masterfile_sources_source_gap;official_subset_review_decision=not_official_subset_source_gap;official_subset_closure_eligibility=blocked_until_current_official_active_source_evidence;apply_eligibility=source_gap_keep_existing_dataset_row_until_official_active_source_evidence;verification_evidence_required=new_current_b3_directory_or_official_issuer_exchange_evidence_for_exact_listing_key
B3::ICBR3,ICBR3,B3,Stock,INTERCEMENT BRASIL S.A.,,local_share_line,absent_from_all_b3_masterfile_sources,,,,,,,no_official_candidate_category,not_official_subset_source_gap,blocked_until_current_official_active_source_evidence,false,false,absent_from_all_b3_sources_local_share_source_gap,accepted_source_gap_not_in_any_current_b3_masterfile_source,missing_from_all_b3_masterfile_sources_source_gap,P3,keep_local_share_gap_until_current_official_b3_or_issuer_evidence,source_gap_keep_existing_dataset_row_until_official_active_source_evidence,new_current_b3_directory_or_official_issuer_exchange_evidence_for_exact_listing_key,current_b3_exchange_directory_or_cvm_issuer_listing_evidence,do_not_delete_or_rename_until_current_b3_cvm_or_issuer_listing_evidence_is_reviewed,"Current B3 exchange directory, B3 issuer page, CVM filing, or issuer investor-relations listing evidence.",Keep row as source gap until current official B3 or issuer evidence proves the active local-share listing.,listing_key=B3::ICBR3;ticker=ICBR3;asset_type=Stock;b3_gap_category=local_share_line;current_etf_category=none,source_presence=absent_from_all_b3_masterfile_sources;candidate_sources=none;candidate_isins_present=false;candidate_sectors_present=false;active_exchange_directory_match=false;any_official_b3_source_match=false,b3_resolution_queue=absent_from_all_b3_sources_local_share_source_gap;residual_decision=accepted_source_gap_not_in_any_current_b3_masterfile_source;review_bucket=missing_from_all_b3_masterfile_sources_source_gap;official_subset_review_decision=not_official_subset_source_gap;official_subset_closure_eligibility=blocked_until_current_official_active_source_evidence;apply_eligibility=source_gap_keep_existing_dataset_row_until_official_active_source_evidence;verification_evidence_required=new_current_b3_directory_or_official_issuer_exchange_evidence_for_exact_listing_key
B3::MERC4,MERC4,B3,Stock,Mercantil do Brasil Financeira S.A,,local_share_line,absent_from_all_b3_masterfile_sources,,,,,,,no_official_candidate_category,not_official_subset_source_gap,blocked_until_current_official_active_source_evidence,false,false,absent_from_all_b3_sources_local_share_source_gap,accepted_source_gap_not_in_any_current_b3_masterfile_source,missing_from_all_b3_masterfile_sources_source_gap,P3,keep_local_share_gap_until_current_official_b3_or_issuer_evidence,source_gap_keep_existing_dataset_row_until_official_active_source_evidence,new_current_b3_directory_or_official_issuer_exchange_evidence_for_exact_listing_key,current_b3_exchange_directory_or_cvm_issuer_listing_evidence,do_not_delete_or_rename_until_current_b3_cvm_or_issuer_listing_evidence_is_reviewed,"Current B3 exchange directory, B3 issuer page, CVM filing, or issuer investor-relations listing evidence.",Keep row as source gap until current official B3 or issuer evidence proves the active local-share listing.,listing_key=B3::MERC4;ticker=MERC4;asset_type=Stock;b3_gap_category=local_share_line;current_etf_category=none,source_presence=absent_from_all_b3_masterfile_sources;candidate_sources=none;candidate_isins_present=false;candidate_sectors_present=false;active_exchange_directory_match=false;any_official_b3_source_match=false,b3_resolution_queue=absent_from_all_b3_sources_local_share_source_gap;residual_decision=accepted_source_gap_not_in_any_current_b3_masterfile_source;review_bucket=missing_from_all_b3_masterfile_sources_source_gap;official_subset_review_decision=not_official_subset_source_gap;official_subset_closure_eligibility=blocked_until_current_official_active_source_evidence;apply_eligibility=source_gap_keep_existing_dataset_row_until_official_active_source_evidence;verification_evidence_required=new_current_b3_directory_or_official_issuer_exchange_evidence_for_exact_listing_key
B3::NEOE3,NEOE3,B3,Stock,NEOENERGIA S.A.,,local_share_line,absent_from_all_b3_masterfile_sources,,,,,,,no_official_candidate_category,not_official_subset_source_gap,blocked_until_current_official_active_source_evidence,false,false,absent_from_all_b3_sources_local_share_source_gap,accepted_source_gap_not_in_any_current_b3_masterfile_source,missing_from_all_b3_masterfile_sources_source_gap,P3,keep_local_share_gap_until_current_official_b3_or_issuer_evidence,source_gap_keep_existing_dataset_row_until_official_active_source_evidence,new_current_b3_directory_or_official_issuer_exchange_evidence_for_exact_listing_key,current_b3_exchange_directory_or_cvm_issuer_listing_evidence,do_not_delete_or_rename_until_current_b3_cvm_or_issuer_listing_evidence_is_reviewed,"Current B3 exchange directory, B3 issuer page, CVM filing, or issuer investor-relations listing evidence.",Keep row as source gap until current official B3 or issuer evidence proves the active local-share listing.,listing_key=B3::NEOE3;ticker=NEOE3;asset_type=Stock;b3_gap_category=local_share_line;current_etf_category=none,source_presence=absent_from_all_b3_masterfile_sources;candidate_sources=none;candidate_isins_present=false;candidate_sectors_present=false;active_exchange_directory_match=false;any_official_b3_source_match=false,b3_resolution_queue=absent_from_all_b3_sources_local_share_source_gap;residual_decision=accepted_source_gap_not_in_any_current_b3_masterfile_source;review_bucket=missing_from_all_b3_masterfile_sources_source_gap;official_subset_review_decision=not_official_subset_source_gap;official_subset_closure_eligibility=blocked_until_current_official_active_source_evidence;apply_eligibility=source_gap_keep_existing_dataset_row_until_official_active_source_evidence;verification_evidence_required=new_current_b3_directory_or_official_issuer_exchange_evidence_for_exact_listing_key
B3::ODPV3,ODPV3,B3,Stock,ODONTOPREV S.A.,,local_share_line,absent_from_all_b3_masterfile_sources,,,,,,,no_official_candidate_category,not_official_subset_source_gap,blocked_until_current_official_active_source_evidence,false,false,absent_from_all_b3_sources_local_share_source_gap,accepted_source_gap_not_in_any_current_b3_masterfile_source,missing_from_all_b3_masterfile_sources_source_gap,P3,keep_local_share_gap_until_current_official_b3_or_issuer_evidence,source_gap_keep_existing_dataset_row_until_official_active_source_evidence,new_current_b3_directory_or_official_issuer_exchange_evidence_for_exact_listing_key,current_b3_exchange_directory_or_cvm_issuer_listing_evidence,do_not_delete_or_rename_until_current_b3_cvm_or_issuer_listing_evidence_is_reviewed,"Current B3 exchange directory, B3 issuer page, CVM filing, or issuer investor-relations listing evidence.",Keep row as source gap until current official B3 or issuer evidence proves the active local-share listing.,listing_key=B3::ODPV3;ticker=ODPV3;asset_type=Stock;b3_gap_category=local_share_line;current_etf_category=none,source_presence=absent_from_all_b3_masterfile_sources;candidate_sources=none;candidate_isins_present=false;candidate_sectors_present=false;active_exchange_directory_match=false;any_official_b3_source_match=false,b3_resolution_queue=absent_from_all_b3_sources_local_share_source_gap;residual_decision=accepted_source_gap_not_in_any_current_b3_masterfile_source;review_bucket=missing_from_all_b3_masterfile_sources_source_gap;official_subset_review_decision=not_official_subset_source_gap;official_subset_closure_eligibility=blocked_until_current_official_active_source_evidence;apply_eligibility=source_gap_keep_existing_dataset_row_until_official_active_source_evidence;verification_evidence_required=new_current_b3_directory_or_official_issuer_exchange_evidence_for_exact_listing_key
B3::P5RD3,P5RD3,B3,Stock,MATRIZ COMPANHIA METALURGICA PRADA,,local_share_line,absent_from_all_b3_masterfile_sources,,,,,,,no_official_candidate_category,not_official_subset_source_gap,blocked_until_current_official_active_source_evidence,false,false,absent_from_all_b3_sources_local_share_source_gap,accepted_source_gap_not_in_any_current_b3_masterfile_source,missing_from_all_b3_masterfile_sources_source_gap,P3,keep_local_share_gap_until_current_official_b3_or_issuer_evidence,source_gap_keep_existing_dataset_row_until_official_active_source_evidence,new_current_b3_directory_or_official_issuer_exchange_evidence_for_exact_listing_key,current_b3_exchange_directory_or_cvm_issuer_listing_evidence,do_not_delete_or_rename_until_current_b3_cvm_or_issuer_listing_evidence_is_reviewed,"Current B3 exchange directory, B3 issuer page, CVM filing, or issuer investor-relations listing evidence.",Keep row as source gap until current official B3 or issuer evidence proves the active local-share listing.,listing_key=B3::P5RD3;ticker=P5RD3;asset_type=Stock;b3_gap_category=local_share_line;current_etf_category=none,source_presence=absent_from_all_b3_masterfile_sources;candidate_sources=none;candidate_isins_present=false;candidate_sectors_present=false;active_exchange_directory_match=false;any_official_b3_source_match=false,b3_resolution_queue=absent_from_all_b3_sources_local_share_source_gap;residual_decision=accepted_source_gap_not_in_any_current_b3_masterfile_source;review_bucket=missing_from_all_b3_masterfile_sources_source_gap;official_subset_review_decision=not_official_subset_source_gap;official_subset_closure_eligibility=blocked_until_current_official_active_source_evidence;apply_eligibility=source_gap_keep_existing_dataset_row_until_official_active_source_evidence;verification_evidence_required=new_current_b3_directory_or_official_issuer_exchange_evidence_for_exact_listing_key
B3::PASS5,PASS5,B3,Stock,COMPASS GAS E ENERGIA S.A.,,local_share_line,absent_from_all_b3_masterfile_sources,,,,,,,no_official_candidate_category,not_official_subset_source_gap,blocked_until_current_official_active_source_evidence,false,false,absent_from_all_b3_sources_local_share_source_gap,accepted_source_gap_not_in_any_current_b3_masterfile_source,missing_from_all_b3_masterfile_sources_source_gap,P3,keep_local_share_gap_until_current_official_b3_or_issuer_evidence,source_gap_keep_existing_dataset_row_until_official_active_source_evidence,new_current_b3_directory_or_official_issuer_exchange_evidence_for_exact_listing_key,current_b3_exchange_directory_or_cvm_issuer_listing_evidence,do_not_delete_or_rename_until_current_b3_cvm_or_issuer_listing_evidence_is_reviewed,"Current B3 exchange directory, B3 issuer page, CVM filing, or issuer investor-relations listing evidence.",Keep row as source gap until current official B3 or issuer evidence proves the active local-share listing.,listing_key=B3::PASS5;ticker=PASS5;asset_type=Stock;b3_gap_category=local_share_line;current_etf_category=none,source_presence=absent_from_all_b3_masterfile_sources;candidate_sources=none;candidate_isins_present=false;candidate_sectors_present=false;active_exchange_directory_match=false;any_official_b3_source_match=false,b3_resolution_queue=absent_from_all_b3_sources_local_share_source_gap;residual_decision=accepted_source_gap_not_in_any_current_b3_masterfile_source;review_bucket=missing_from_all_b3_masterfile_sources_source_gap;official_subset_review_decision=not_official_subset_source_gap;official_subset_closure_eligibility=blocked_until_current_official_active_source_evidence;apply_eligibility=source_gap_keep_existing_dataset_row_until_official_active_source_evidence;verification_evidence_required=new_current_b3_directory_or_official_issuer_exchange_evidence_for_exact_listing_key
B3::PASS6,PASS6,B3,Stock,COMPASS GAS E ENERGIA S.A.,,local_share_line,absent_from_all_b3_masterfile_sources,,,,,,,no_official_candidate_category,not_official_subset_source_gap,blocked_until_current_official_active_source_evidence,false,false,absent_from_all_b3_sources_local_share_source_gap,accepted_source_gap_not_in_any_current_b3_masterfile_source,missing_from_all_b3_masterfile_sources_source_gap,P3,keep_local_share_gap_until_current_official_b3_or_issuer_evidence,source_gap_keep_existing_dataset_row_until_official_active_source_evidence,new_current_b3_directory_or_official_issuer_exchange_evidence_for_exact_listing_key,current_b3_exchange_directory_or_cvm_issuer_listing_evidence,do_not_delete_or_rename_until_current_b3_cvm_or_issuer_listing_evidence_is_reviewed,"Current B3 exchange directory, B3 issuer page, CVM filing, or issuer investor-relations listing evidence.",Keep row as source gap until current official B3 or issuer evidence proves the active local-share listing.,listing_key=B3::PASS6;ticker=PASS6;asset_type=Stock;b3_gap_category=local_share_line;current_etf_category=none,source_presence=absent_from_all_b3_masterfile_sources;candidate_sources=none;candidate_isins_present=false;candidate_sectors_present=false;active_exchange_directory_match=false;any_official_b3_source_match=false,b3_resolution_queue=absent_from_all_b3_sources_local_share_source_gap;residual_decision=accepted_source_gap_not_in_any_current_b3_masterfile_source;review_bucket=missing_from_all_b3_masterfile_sources_source_gap;official_subset_review_decision=not_official_subset_source_gap;official_subset_closure_eligibility=blocked_until_current_official_active_source_evidence;apply_eligibility=source_gap_keep_existing_dataset_row_until_official_active_source_evidence;verification_evidence_required=new_current_b3_directory_or_official_issuer_exchange_evidence_for_exact_listing_key
B3::RIOS3,RIOS3,B3,Stock,RIO ALTO ENERGIAS RENOVÁVEIS S.A.,,local_share_line,absent_from_all_b3_masterfile_sources,,,,,,,no_official_candidate_category,not_official_subset_source_gap,blocked_until_current_official_active_source_evidence,false,false,absent_from_all_b3_sources_local_share_source_gap,accepted_source_gap_not_in_any_current_b3_masterfile_source,missing_from_all_b3_masterfile_sources_source_gap,P3,keep_local_share_gap_until_current_official_b3_or_issuer_evidence,source_gap_keep_existing_dataset_row_until_official_active_source_evidence,new_current_b3_directory_or_official_issuer_exchange_evidence_for_exact_listing_key,current_b3_exchange_directory_or_cvm_issuer_listing_evidence,do_not_delete_or_rename_until_current_b3_cvm_or_issuer_listing_evidence_is_reviewed,"Current B3 exchange directory, B3 issuer page, CVM filing, or issuer investor-relations listing evidence.",Keep row as source gap until current official B3 or issuer evidence proves the active local-share listing.,listing_key=B3::RIOS3;ticker=RIOS3;asset_type=Stock;b3_gap_category=local_share_line;current_etf_category=none,source_presence=absent_from_all_b3_masterfile_sources;candidate_sources=none;candidate_isins_present=false;candidate_sectors_present=false;active_exchange_directory_match=false;any_official_b3_source_match=false,b3_resolution_queue=absent_from_all_b3_sources_local_share_source_gap;residual_decision=accepted_source_gap_not_in_any_current_b3_masterfile_source;review_bucket=missing_from_all_b3_masterfile_sources_source_gap;official_subset_review_decision=not_official_subset_source_gap;official_subset_closure_eligibility=blocked_until_current_official_active_source_evidence;apply_eligibility=source_gap_keep_existing_dataset_row_until_official_active_source_evidence;verification_evidence_required=new_current_b3_directory_or_official_issuer_exchange_evidence_for_exact_listing_key
B3::TKNO3,TKNO3,B3,Stock,TEKNO S.A. - INDUSTRIA E COMERCIO,,local_share_line,absent_from_all_b3_masterfile_sources,,,,,,,no_official_candidate_category,not_official_subset_source_gap,blocked_until_current_official_active_source_evidence,false,false,absent_from_all_b3_sources_local_share_source_gap,accepted_source_gap_not_in_any_current_b3_masterfile_source,missing_from_all_b3_masterfile_sources_source_gap,P3,keep_local_share_gap_until_current_official_b3_or_issuer_evidence,source_gap_keep_existing_dataset_row_until_official_active_source_evidence,new_current_b3_directory_or_official_issuer_exchange_evidence_for_exact_listing_key,current_b3_exchange_directory_or_cvm_issuer_listing_evidence,do_not_delete_or_rename_until_current_b3_cvm_or_issuer_listing_evidence_is_reviewed,"Current B3 exchange directory, B3 issuer page, CVM filing, or issuer investor-relations listing evidence.",Keep row as source gap until current official B3 or issuer evidence proves the active local-share listing.,listing_key=B3::TKNO3;ticker=TKNO3;asset_type=Stock;b3_gap_category=local_share_line;current_etf_category=none,source_presence=absent_from_all_b3_masterfile_sources;candidate_sources=none;candidate_isins_present=false;candidate_sectors_present=false;active_exchange_directory_match=false;any_official_b3_source_match=false,b3_resolution_queue=absent_from_all_b3_sources_local_share_source_gap;residual_decision=accepted_source_gap_not_in_any_current_b3_masterfile_source;review_bucket=missing_from_all_b3_masterfile_sources_source_gap;official_subset_review_decision=not_official_subset_source_gap;official_subset_closure_eligibility=blocked_until_current_official_active_source_evidence;apply_eligibility=source_gap_keep_existing_dataset_row_until_official_active_source_evidence;verification_evidence_required=new_current_b3_directory_or_official_issuer_exchange_evidence_for_exact_listing_key
B3::TKNO4,TKNO4,B3,Stock,TEKNO S.A. - INDUSTRIA E COMERCIO,,local_share_line,absent_from_all_b3_masterfile_sources,,,,,,,no_official_candidate_category,not_official_subset_source_gap,blocked_until_current_official_active_source_evidence,false,false,absent_from_all_b3_sources_local_share_source_gap,accepted_source_gap_not_in_any_current_b3_masterfile_source,missing_from_all_b3_masterfile_sources_source_gap,P3,keep_local_share_gap_until_current_official_b3_or_issuer_evidence,source_gap_keep_existing_dataset_row_until_official_active_source_evidence,new_current_b3_directory_or_official_issuer_exchange_evidence_for_exact_listing_key,current_b3_exchange_directory_or_cvm_issuer_listing_evidence,do_not_delete_or_rename_until_current_b3_cvm_or_issuer_listing_evidence_is_reviewed,"Current B3 exchange directory, B3 issuer page, CVM filing, or issuer investor-relations listing evidence.",Keep row as source gap until current official B3 or issuer evidence proves the active local-share listing.,listing_key=B3::TKNO4;ticker=TKNO4;asset_type=Stock;b3_gap_category=local_share_line;current_etf_category=none,source_presence=absent_from_all_b3_masterfile_sources;candidate_sources=none;candidate_isins_present=false;candidate_sectors_present=false;active_exchange_directory_match=false;any_official_b3_source_match=false,b3_resolution_queue=absent_from_all_b3_sources_local_share_source_gap;residual_decision=accepted_source_gap_not_in_any_current_b3_masterfile_source;review_bucket=missing_from_all_b3_masterfile_sources_source_gap;official_subset_review_decision=not_official_subset_source_gap;official_subset_closure_eligibility=blocked_until_current_official_active_source_evidence;apply_eligibility=source_gap_keep_existing_dataset_row_until_official_active_source_evidence;verification_evidence_required=new_current_b3_directory_or_official_issuer_exchange_evidence_for_exact_listing_key
B3::VRGL3,VRGL3,B3,Stock,GOL LINHAS AEREAS S.A,,local_share_line,absent_from_all_b3_masterfile_sources,,,,,,,no_official_candidate_category,not_official_subset_source_gap,blocked_until_current_official_active_source_evidence,false,false,absent_from_all_b3_sources_local_share_source_gap,accepted_source_gap_not_in_any_current_b3_masterfile_source,missing_from_all_b3_masterfile_sources_source_gap,P3,keep_local_share_gap_until_current_official_b3_or_issuer_evidence,source_gap_keep_existing_dataset_row_until_official_active_source_evidence,new_current_b3_directory_or_official_issuer_exchange_evidence_for_exact_listing_key,current_b3_exchange_directory_or_cvm_issuer_listing_evidence,do_not_delete_or_rename_until_current_b3_cvm_or_issuer_listing_evidence_is_reviewed,"Current B3 exchange directory, B3 issuer page, CVM filing, or issuer investor-relations listing evidence.",Keep row as source gap until current official B3 or issuer evidence proves the active local-share listing.,listing_key=B3::VRGL3;ticker=VRGL3;asset_type=Stock;b3_gap_category=local_share_line;current_etf_category=none,source_presence=absent_from_all_b3_masterfile_sources;candidate_sources=none;candidate_isins_present=false;candidate_sectors_present=false;active_exchange_directory_match=false;any_official_b3_source_match=false,b3_resolution_queue=absent_from_all_b3_sources_local_share_source_gap;residual_decision=accepted_source_gap_not_in_any_current_b3_masterfile_source;review_bucket=missing_from_all_b3_masterfile_sources_source_gap;official_subset_review_decision=not_official_subset_source_gap;official_subset_closure_eligibility=blocked_until_current_official_active_source_evidence;apply_eligibility=source_gap_keep_existing_dataset_row_until_official_active_source_evidence;verification_evidence_required=new_current_b3_directory_or_official_issuer_exchange_evidence_for_exact_listing_key
B3::AFOF11,AFOF11,B3,ETF,Alianza Fofii Fundo De Investimento Imobiliario,Real Estate,unit_or_fund_line,absent_from_all_b3_masterfile_sources,,,,,,,no_official_candidate_category,not_official_subset_source_gap,blocked_until_current_official_active_source_evidence,false,false,absent_from_all_b3_sources_fund_or_receipt_source_gap,accepted_source_gap_not_in_any_current_b3_masterfile_source,missing_from_all_b3_masterfile_sources_source_gap,P3,keep_fund_or_receipt_gap_until_current_official_b3_or_issuer_evidence,source_gap_keep_existing_dataset_row_until_official_active_source_evidence,new_current_b3_directory_or_official_issuer_exchange_evidence_for_exact_listing_key,current_b3_product_registry_or_issuer_sponsor_evidence,do_not_delete_or_rename_until_current_product_registry_or_issuer_sponsor_evidence_is_reviewed,"Current B3 fund/ETF/BDR source, issuer/sponsor page, prospectus, or official product registry.","Keep row as source gap until current official product evidence proves active fund, ETF, BDR, or receipt listing.",listing_key=B3::AFOF11;ticker=AFOF11;asset_type=ETF;b3_gap_category=unit_or_fund_line;current_etf_category=Real Estate,source_presence=absent_from_all_b3_masterfile_sources;candidate_sources=none;candidate_isins_present=false;candidate_sectors_present=false;active_exchange_directory_match=false;any_official_b3_source_match=false,b3_resolution_queue=absent_from_all_b3_sources_fund_or_receipt_source_gap;residual_decision=accepted_source_gap_not_in_any_current_b3_masterfile_source;review_bucket=missing_from_all_b3_masterfile_sources_source_gap;official_subset_review_decision=not_official_subset_source_gap;official_subset_closure_eligibility=blocked_until_current_official_active_source_evidence;apply_eligibility=source_gap_keep_existing_dataset_row_until_official_active_source_evidence;verification_evidence_required=new_current_b3_directory_or_official_issuer_exchange_evidence_for_exact_listing_key
B3::AGCX11,AGCX11,B3,ETF,FDO INV IMOB RIO BRAVO RENDA VAREJO - FII,Real Estate,unit_or_fund_line,absent_from_all_b3_masterfile_sources,,,,,,,no_official_candidate_category,not_official_subset_source_gap,blocked_until_current_official_active_source_evidence,false,false,absent_from_all_b3_sources_fund_or_receipt_source_gap,accepted_source_gap_not_in_any_current_b3_masterfile_source,missing_from_all_b3_masterfile_sources_source_gap,P3,keep_fund_or_receipt_gap_until_current_official_b3_or_issuer_evidence,source_gap_keep_existing_dataset_row_until_official_active_source_evidence,new_current_b3_directory_or_official_issuer_exchange_evidence_for_exact_listing_key,current_b3_product_registry_or_issuer_sponsor_evidence,do_not_delete_or_rename_until_current_product_registry_or_issuer_sponsor_evidence_is_reviewed,"Current B3 fund/ETF/BDR source, issuer/sponsor page, prospectus, or official product registry.","Keep row as source gap until current official product evidence proves active fund, ETF, BDR, or receipt listing.",listing_key=B3::AGCX11;ticker=AGCX11;asset_type=ETF;b3_gap_category=unit_or_fund_line;current_etf_category=Real Estate,source_presence=absent_from_all_b3_masterfile_sources;candidate_sources=none;candidate_isins_present=false;candidate_sectors_present=false;active_exchange_directory_match=false;any_official_b3_source_match=false,b3_resolution_queue=absent_from_all_b3_sources_fund_or_receipt_source_gap;residual_decision=accepted_source_gap_not_in_any_current_b3_masterfile_source;review_bucket=missing_from_all_b3_masterfile_sources_source_gap;official_subset_review_decision=not_official_subset_source_gap;official_subset_closure_eligibility=blocked_until_current_official_active_source_evidence;apply_eligibility=source_gap_keep_existing_dataset_row_until_official_active_source_evidence;verification_evidence_required=new_current_b3_directory_or_official_issuer_exchange_evidence_for_exact_listing_key
B3::AQLL11,AQLL11,B3,ETF,ÁQUILLA FDO INV IMOB - FII,Real Estate,unit_or_fund_line,absent_from_all_b3_masterfile_sources,,,,,,,no_official_candidate_category,not_official_subset_source_gap,blocked_until_current_official_active_source_evidence,false,false,absent_from_all_b3_sources_fund_or_receipt_source_gap,accepted_source_gap_not_in_any_current_b3_masterfile_source,missing_from_all_b3_masterfile_sources_source_gap,P3,keep_fund_or_receipt_gap_until_current_official_b3_or_issuer_evidence,source_gap_keep_existing_dataset_row_until_official_active_source_evidence,new_current_b3_directory_or_official_issuer_exchange_evidence_for_exact_listing_key,current_b3_product_registry_or_issuer_sponsor_evidence,do_not_delete_or_rename_until_current_product_registry_or_issuer_sponsor_evidence_is_reviewed,"Current B3 fund/ETF/BDR source, issuer/sponsor page, prospectus, or official product registry.","Keep row as source gap until current official product evidence proves active fund, ETF, BDR, or receipt listing.",listing_key=B3::AQLL11;ticker=AQLL11;asset_type=ETF;b3_gap_category=unit_or_fund_line;current_etf_category=Real Estate,source_presence=absent_from_all_b3_masterfile_sources;candidate_sources=none;candidate_isins_present=false;candidate_sectors_present=false;active_exchange_directory_match=false;any_official_b3_source_match=false,b3_resolution_queue=absent_from_all_b3_sources_fund_or_receipt_source_gap;residual_decision=accepted_source_gap_not_in_any_current_b3_masterfile_source;review_bucket=missing_from_all_b3_masterfile_sources_source_gap;official_subset_review_decision=not_official_subset_source_gap;official_subset_closure_eligibility=blocked_until_current_official_active_source_evidence;apply_eligibility=source_gap_keep_existing_dataset_row_until_official_active_source_evidence;verification_evidence_required=new_current_b3_directory_or_official_issuer_exchange_evidence_for_exact_listing_key
B3::CPTS11B,CPTS11B,B3,ETF,Capitania Securities II Fundo Investimento Imobiliario FII,Real Estate,unit_or_fund_line,absent_from_all_b3_masterfile_sources,,,,,,,no_official_candidate_category,not_official_subset_source_gap,blocked_until_current_official_active_source_evidence,false,false,absent_from_all_b3_sources_fund_or_receipt_source_gap,accepted_source_gap_not_in_any_current_b3_masterfile_source,missing_from_all_b3_masterfile_sources_source_gap,P3,keep_fund_or_receipt_gap_until_current_official_b3_or_issuer_evidence,source_gap_keep_existing_dataset_row_until_official_active_source_evidence,new_current_b3_directory_or_official_issuer_exchange_evidence_for_exact_listing_key,current_b3_product_registry_or_issuer_sponsor_evidence,do_not_delete_or_rename_until_current_product_registry_or_issuer_sponsor_evidence_is_reviewed,"Current B3 fund/ETF/BDR source, issuer/sponsor page, prospectus, or official product registry.","Keep row as source gap until current official product evidence proves active fund, ETF, BDR, or receipt listing.",listing_key=B3::CPTS11B;ticker=CPTS11B;asset_type=ETF;b3_gap_category=unit_or_fund_line;current_etf_category=Real Estate,source_presence=absent_from_all_b3_masterfile_sources;candidate_sources=none;candidate_isins_present=false;candidate_sectors_present=false;active_exchange_directory_match=false;any_official_b3_source_match=false,b3_resolution_queue=absent_from_all_b3_sources_fund_or_receipt_source_gap;residual_decision=accepted_source_gap_not_in_any_current_b3_masterfile_source;review_bucket=missing_from_all_b3_masterfile_sources_source_gap;official_subset_review_decision=not_official_subset_source_gap;official_subset_closure_eligibility=blocked_until_current_official_active_source_evidence;apply_eligibility=source_gap_keep_existing_dataset_row_until_official_active_source_evidence;verification_evidence_required=new_current_b3_directory_or_official_issuer_exchange_evidence_for_exact_listing_key
B3::HCRA16,HCRA16,B3,ETF,HEDGE CRÉDITO AGRO FIAGRO DE RESP LIMITADA,Real Estate,unit_or_fund_line,absent_from_all_b3_masterfile_sources,,,,,,,no_official_candidate_category,not_official_subset_source_gap,blocked_until_current_official_active_source_evidence,false,false,absent_from_all_b3_sources_fund_or_receipt_source_gap,accepted_source_gap_not_in_any_current_b3_masterfile_source,missing_from_all_b3_masterfile_sources_source_gap,P3,keep_fund_or_receipt_gap_until_current_official_b3_or_issuer_evidence,source_gap_keep_existing_dataset_row_until_official_active_source_evidence,new_current_b3_directory_or_official_issuer_exchange_evidence_for_exact_listing_key,current_b3_product_registry_or_issuer_sponsor_evidence,do_not_delete_or_rename_until_current_product_registry_or_issuer_sponsor_evidence_is_reviewed,"Current B3 fund/ETF/BDR source, issuer/sponsor page, prospectus, or official product registry.","Keep row as source gap until current official product evidence proves active fund, ETF, BDR, or receipt listing.",listing_key=B3::HCRA16;ticker=HCRA16;asset_type=ETF;b3_gap_category=unit_or_fund_line;current_etf_category=Real Estate,source_presence=absent_from_all_b3_masterfile_sources;candidate_sources=none;candidate_isins_present=false;candidate_sectors_present=false;active_exchange_directory_match=false;any_official_b3_source_match=false,b3_resolution_queue=absent_from_all_b3_sources_fund_or_receipt_source_gap;residual_decision=accepted_source_gap_not_in_any_current_b3_masterfile_source;review_bucket=missing_from_all_b3_masterfile_sources_source_gap;official_subset_review_decision=not_official_subset_source_gap;official_subset_closure_eligibility=blocked_until_current_official_active_source_evidence;apply_eligibility=source_gap_keep_existing_dataset_row_until_official_active_source_evidence;verification_evidence_required=new_current_b3_directory_or_official_issuer_exchange_evidence_for_exact_listing_key
B3::MBRF11,MBRF11,B3,ETF,Fundo De Investimento Imobiliário Mercantil Do Brasil-fii -Inicio,Real Estate,unit_or_fund_line,absent_from_all_b3_masterfile_sources,,,,,,,no_official_candidate_category,not_official_subset_source_gap,blocked_until_current_official_active_source_evidence,false,false,absent_from_all_b3_sources_fund_or_receipt_source_gap,accepted_source_gap_not_in_any_current_b3_masterfile_source,missing_from_all_b3_masterfile_sources_source_gap,P3,keep_fund_or_receipt_gap_until_current_official_b3_or_issuer_evidence,source_gap_keep_existing_dataset_row_until_official_active_source_evidence,new_current_b3_directory_or_official_issuer_exchange_evidence_for_exact_listing_key,current_b3_product_registry_or_issuer_sponsor_evidence,do_not_delete_or_rename_until_current_product_registry_or_issuer_sponsor_evidence_is_reviewed,"Current B3 fund/ETF/BDR source, issuer/sponsor page, prospectus, or official product registry.","Keep row as source gap until current official product evidence proves active fund, ETF, BDR, or receipt listing.",listing_key=B3::MBRF11;ticker=MBRF11;asset_type=ETF;b3_gap_category=unit_or_fund_line;current_etf_category=Real Estate,source_presence=absent_from_all_b3_masterfile_sources;candidate_sources=none;candidate_isins_present=false;candidate_sectors_present=false;active_exchange_directory_match=false;any_official_b3_source_match=false,b3_resolution_queue=absent_from_all_b3_sources_fund_or_receipt_source_gap;residual_decision=accepted_source_gap_not_in_any_current_b3_masterfile_source;review_bucket=missing_from_all_b3_masterfile_sources_source_gap;official_subset_review_decision=not_official_subset_source_gap;official_subset_closure_eligibility=blocked_until_current_official_active_source_evidence;apply_eligibility=source_gap_keep_existing_dataset_row_until_official_active_source_evidence;verification_evidence_required=new_current_b3_directory_or_official_issuer_exchange_evidence_for_exact_listing_key
B3::OULG11B,OULG11B,B3,ETF,Pedra Dourada Fundo De Investimento Imobiliário - FII,Real Estate,unit_or_fund_line,absent_from_all_b3_masterfile_sources,,,,,,,no_official_candidate_category,not_official_subset_source_gap,blocked_until_current_official_active_source_evidence,false,false,absent_from_all_b3_sources_fund_or_receipt_source_gap,accepted_source_gap_not_in_any_current_b3_masterfile_source,missing_from_all_b3_masterfile_sources_source_gap,P3,keep_fund_or_receipt_gap_until_current_official_b3_or_issuer_evidence,source_gap_keep_existing_dataset_row_until_official_active_source_evidence,new_current_b3_directory_or_official_issuer_exchange_evidence_for_exact_listing_key,current_b3_product_registry_or_issuer_sponsor_evidence,do_not_delete_or_rename_until_current_product_registry_or_issuer_sponsor_evidence_is_reviewed,"Current B3 fund/ETF/BDR source, issuer/sponsor page, prospectus, or official product registry.","Keep row as source gap until current official product evidence proves active fund, ETF, BDR, or receipt listing.",listing_key=B3::OULG11B;ticker=OULG11B;asset_type=ETF;b3_gap_category=unit_or_fund_line;current_etf_category=Real Estate,source_presence=absent_from_all_b3_masterfile_sources;candidate_sources=none;candidate_isins_present=false;candidate_sectors_present=false;active_exchange_directory_match=false;any_official_b3_source_match=false,b3_resolution_queue=absent_from_all_b3_sources_fund_or_receipt_source_gap;residual_decision=accepted_source_gap_not_in_any_current_b3_masterfile_source;review_bucket=missing_from_all_b3_masterfile_sources_source_gap;official_subset_review_decision=not_official_subset_source_gap;official_subset_closure_eligibility=blocked_until_current_official_active_source_evidence;apply_eligibility=source_gap_keep_existing_dataset_row_until_official_active_source_evidence;verification_evidence_required=new_current_b3_directory_or_official_issuer_exchange_evidence_for_exact_listing_key
B3::SPGM11,SPGM11,B3,ETF,SPGM FDO DE INV IMOB – RESP LIM,Real Estate,unit_or_fund_line,absent_from_all_b3_masterfile_sources,,,,,,,no_official_candidate_category,not_official_subset_source_gap,blocked_until_current_official_active_source_evidence,false,false,absent_from_all_b3_sources_fund_or_receipt_source_gap,accepted_source_gap_not_in_any_current_b3_masterfile_source,missing_from_all_b3_masterfile_sources_source_gap,P3,keep_fund_or_receipt_gap_until_current_official_b3_or_issuer_evidence,source_gap_keep_existing_dataset_row_until_official_active_source_evidence,new_current_b3_directory_or_official_issuer_exchange_evidence_for_exact_listing_key,current_b3_product_registry_or_issuer_sponsor_evidence,do_not_delete_or_rename_until_current_product_registry_or_issuer_sponsor_evidence_is_reviewed,"Current B3 fund/ETF/BDR source, issuer/sponsor page, prospectus, or official product registry.","Keep row as source gap until current official product evidence proves active fund, ETF, BDR, or receipt listing.",listing_key=B3::SPGM11;ticker=SPGM11;asset_type=ETF;b3_gap_category=unit_or_fund_line;current_etf_category=Real Estate,source_presence=absent_from_all_b3_masterfile_sources;candidate_sources=none;candidate_isins_present=false;candidate_sectors_present=false;active_exchange_directory_match=false;any_official_b3_source_match=false,b3_resolution_queue=absent_from_all_b3_sources_fund_or_receipt_source_gap;residual_decision=accepted_source_gap_not_in_any_current_b3_masterfile_source;review_bucket=missing_from_all_b3_masterfile_sources_source_gap;official_subset_review_decision=not_official_subset_source_gap;official_subset_closure_eligibility=blocked_until_current_official_active_source_evidence;apply_eligibility=source_gap_keep_existing_dataset_row_until_official_active_source_evidence;verification_evidence_required=new_current_b3_directory_or_official_issuer_exchange_evidence_for_exact_listing_key
