listing_key,ticker,exchange,asset_type,name,gap_class,source_of_truth_outcome,official_masterfile_sources,official_masterfile_sector_values,weak_sector_resolution_queue,residual_decision,deepseek_decision_candidate,deepseek_confidence,deepseek_evidence_needed,deepseek_rationale,deepseek_do_not_apply_reason,review_queue,review_gate,recommended_next_action
NGX::ABCTRANS,ABCTRANS,NGX,Stock,ABC TRANSPORT PLC,official_industry_taxonomy_unavailable_gap,accepted_source_gap,ngx_company_profile_directory|ngx_equities_price_list,SERVICES,official_sector_candidate_normalization_review,official_sector_available_review_apply,needs_official_evidence,0.2,Canonical mapping for official sector value 'SERVICES' from ngx_company_profile_directory or ngx_equities_price_list to database sector taxonomy.,"Official source reports sector as 'SERVICES', but without a verified canonical mapping, the value cannot be directly applied, and the gap is accepted per source_of_truth_outcome.",Sector value from official source is available but requires canonical normalization before database insertion.,official_sector_value_mapping_review,Do not apply the raw official sector value as a canonical sector until a reviewer records a venue-specific mapping rule and exact listing-key evidence.,"Record a listing-keyed official taxonomy mapping decision, or leave the sector blank as a reviewed source gap. DeepSeek output alone must not be applied."
NGX::ACADEMY,ACADEMY,NGX,Stock,ACADEMY PRESS PLC,official_industry_taxonomy_unavailable_gap,accepted_source_gap,ngx_company_profile_directory|ngx_equities_price_list,SERVICES,official_sector_candidate_normalization_review,official_sector_available_review_apply,needs_official_evidence,0.2,Canonical mapping for official sector value 'SERVICES' from ngx_company_profile_directory or ngx_equities_price_list to database sector taxonomy.,"Official source reports sector as 'SERVICES', but without a verified canonical mapping, the value cannot be directly applied, and the gap is accepted per source_of_truth_outcome.",Sector value from official source is available but requires canonical normalization before database insertion.,official_sector_value_mapping_review,Do not apply the raw official sector value as a canonical sector until a reviewer records a venue-specific mapping rule and exact listing-key evidence.,"Record a listing-keyed official taxonomy mapping decision, or leave the sector blank as a reviewed source gap. DeepSeek output alone must not be applied."
NGX::AFROMEDIA,AFROMEDIA,NGX,Stock,AFROMEDIA PLC,official_industry_taxonomy_unavailable_gap,accepted_source_gap,ngx_company_profile_directory|ngx_equities_price_list,SERVICES,official_sector_candidate_normalization_review,official_sector_available_review_apply,needs_official_evidence,0.2,Canonical mapping for official sector value 'SERVICES' from ngx_company_profile_directory or ngx_equities_price_list to database sector taxonomy.,"Official source reports sector as 'SERVICES', but without a verified canonical mapping, the value cannot be directly applied, and the gap is accepted per source_of_truth_outcome.",Sector value from official source is available but requires canonical normalization before database insertion.,official_sector_value_mapping_review,Do not apply the raw official sector value as a canonical sector until a reviewer records a venue-specific mapping rule and exact listing-key evidence.,"Record a listing-keyed official taxonomy mapping decision, or leave the sector blank as a reviewed source gap. DeepSeek output alone must not be applied."
NGX::CAVERTON,CAVERTON,NGX,Stock,CAVERTON OFFSHORE SUPPORT GRP PLC,official_industry_taxonomy_unavailable_gap,accepted_source_gap,ngx_company_profile_directory|ngx_equities_price_list,SERVICES,official_sector_candidate_normalization_review,official_sector_available_review_apply,needs_official_evidence,0.2,Canonical mapping for official sector value 'SERVICES' from ngx_company_profile_directory or ngx_equities_price_list to database sector taxonomy.,"Official source reports sector as 'SERVICES', but without a verified canonical mapping, the value cannot be directly applied, and the gap is accepted per source_of_truth_outcome.",Sector value from official source is available but requires canonical normalization before database insertion.,official_sector_value_mapping_review,Do not apply the raw official sector value as a canonical sector until a reviewer records a venue-specific mapping rule and exact listing-key evidence.,"Record a listing-keyed official taxonomy mapping decision, or leave the sector blank as a reviewed source gap. DeepSeek output alone must not be applied."
NGX::CHELLARAM,CHELLARAM,NGX,Stock,CHELLARAMS PLC,official_industry_taxonomy_unavailable_gap,accepted_source_gap,ngx_company_profile_directory|ngx_equities_price_list,CONGLOMERATES,official_sector_candidate_normalization_review,official_sector_available_review_apply,needs_official_evidence,0.2,Canonical mapping for official sector value 'CONGLOMERATES' from ngx_company_profile_directory or ngx_equities_price_list to database sector taxonomy.,"Official source reports sector as 'CONGLOMERATES', but without a verified canonical mapping, the value cannot be directly applied, and the gap is accepted per source_of_truth_outcome.",Sector value from official source is available but requires canonical normalization before database insertion.,official_sector_value_mapping_review,Do not apply the raw official sector value as a canonical sector until a reviewer records a venue-specific mapping rule and exact listing-key evidence.,"Record a listing-keyed official taxonomy mapping decision, or leave the sector blank as a reviewed source gap. DeepSeek output alone must not be applied."
NGX::CILEASING,CILEASING,NGX,Stock,C & I LEASING PLC,official_industry_taxonomy_unavailable_gap,accepted_source_gap,ngx_company_profile_directory|ngx_equities_price_list,SERVICES,official_sector_candidate_normalization_review,official_sector_available_review_apply,keep_source_gap,0.2,Canonical sector mapping for raw official sector value: SERVICES from ngx_company_profile_directory|ngx_equities_price_list.,Official sector value available but requires canonical normalization to database taxonomy. Source gap accepted; no fill action until normalization is complete.,Sector normalization required; raw value may not match canonical taxonomy.,official_sector_value_mapping_review,Do not apply the raw official sector value as a canonical sector until a reviewer records a venue-specific mapping rule and exact listing-key evidence.,"Record a listing-keyed official taxonomy mapping decision, or leave the sector blank as a reviewed source gap. DeepSeek output alone must not be applied."
NGX::CUSTODIAN,CUSTODIAN,NGX,Stock,CUSTODIAN INVESTMENT PLC,official_industry_taxonomy_unavailable_gap,accepted_source_gap,ngx_company_profile_directory|ngx_equities_price_list,CONGLOMERATES,official_sector_candidate_normalization_review,official_sector_available_review_apply,keep_source_gap,0.2,Canonical sector mapping for raw official sector value: CONGLOMERATES from ngx_company_profile_directory|ngx_equities_price_list.,Official sector value available but requires canonical normalization to database taxonomy. Source gap accepted; no fill action until normalization is complete.,Sector normalization required; raw value may not match canonical taxonomy.,official_sector_value_mapping_review,Do not apply the raw official sector value as a canonical sector until a reviewer records a venue-specific mapping rule and exact listing-key evidence.,"Record a listing-keyed official taxonomy mapping decision, or leave the sector blank as a reviewed source gap. DeepSeek output alone must not be applied."
NGX::DAARCOMM,DAARCOMM,NGX,Stock,DAAR COMMUNICATIONS PLC,official_industry_taxonomy_unavailable_gap,accepted_source_gap,ngx_company_profile_directory|ngx_equities_price_list,SERVICES,official_sector_candidate_normalization_review,official_sector_available_review_apply,keep_source_gap,0.2,Canonical sector mapping for raw official sector value: SERVICES from ngx_company_profile_directory|ngx_equities_price_list.,Official sector value available but requires canonical normalization to database taxonomy. Source gap accepted; no fill action until normalization is complete.,Sector normalization required; raw value may not match canonical taxonomy.,official_sector_value_mapping_review,Do not apply the raw official sector value as a canonical sector until a reviewer records a venue-specific mapping rule and exact listing-key evidence.,"Record a listing-keyed official taxonomy mapping decision, or leave the sector blank as a reviewed source gap. DeepSeek output alone must not be applied."
NGX::EUNISELL,EUNISELL,NGX,Stock,EUNISELL INTERLINKED PLC,official_industry_taxonomy_unavailable_gap,accepted_source_gap,ngx_company_profile_directory|ngx_equities_price_list,SERVICES,official_sector_candidate_normalization_review,official_sector_available_review_apply,keep_source_gap,0.2,Canonical sector mapping for raw official sector value: SERVICES from ngx_company_profile_directory|ngx_equities_price_list.,Official sector value available but requires canonical normalization to database taxonomy. Source gap accepted; no fill action until normalization is complete.,Sector normalization required; raw value may not match canonical taxonomy.,official_sector_value_mapping_review,Do not apply the raw official sector value as a canonical sector until a reviewer records a venue-specific mapping rule and exact listing-key evidence.,"Record a listing-keyed official taxonomy mapping decision, or leave the sector blank as a reviewed source gap. DeepSeek output alone must not be applied."
NGX::IKEJAHOTEL,IKEJAHOTEL,NGX,Stock,IKEJA HOTELS PLC,official_industry_taxonomy_unavailable_gap,accepted_source_gap,ngx_company_profile_directory|ngx_equities_price_list,SERVICES,official_sector_candidate_normalization_review,official_sector_available_review_apply,keep_source_gap,0.2,Canonical sector mapping for raw official sector value: SERVICES from ngx_company_profile_directory|ngx_equities_price_list.,Official sector value available but requires canonical normalization to database taxonomy. Source gap accepted; no fill action until normalization is complete.,Sector normalization required; raw value may not match canonical taxonomy.,official_sector_value_mapping_review,Do not apply the raw official sector value as a canonical sector until a reviewer records a venue-specific mapping rule and exact listing-key evidence.,"Record a listing-keyed official taxonomy mapping decision, or leave the sector blank as a reviewed source gap. DeepSeek output alone must not be applied."
NGX::JOHNHOLT,JOHNHOLT,NGX,Stock,JOHN HOLT PLC,official_industry_taxonomy_unavailable_gap,accepted_source_gap,ngx_company_profile_directory|ngx_equities_price_list,CONGLOMERATES,official_sector_candidate_normalization_review,official_sector_available_review_apply,needs_official_evidence,0.2,Canonical sector mapping for official sector value 'CONGLOMERATES' from NGX masterfile for listing_key NGX::JOHNHOLT.,Official sector value is available in NGX masterfile but not yet normalized to canonical sector taxonomy; normalization review required.,Cannot apply sector until canonical mapping is verified from official source.,official_sector_value_mapping_review,Do not apply the raw official sector value as a canonical sector until a reviewer records a venue-specific mapping rule and exact listing-key evidence.,"Record a listing-keyed official taxonomy mapping decision, or leave the sector blank as a reviewed source gap. DeepSeek output alone must not be applied."
NGX::JULI,JULI,NGX,Stock,JULI PLC,official_industry_taxonomy_unavailable_gap,accepted_source_gap,ngx_company_profile_directory|ngx_equities_price_list,SERVICES,official_sector_candidate_normalization_review,official_sector_available_review_apply,needs_official_evidence,0.2,Canonical sector mapping for official sector value 'SERVICES' from NGX masterfile for listing_key NGX::JULI.,Official sector value is available in NGX masterfile but not yet normalized to canonical sector taxonomy; normalization review required.,Cannot apply sector until canonical mapping is verified from official source.,official_sector_value_mapping_review,Do not apply the raw official sector value as a canonical sector until a reviewer records a venue-specific mapping rule and exact listing-key evidence.,"Record a listing-keyed official taxonomy mapping decision, or leave the sector blank as a reviewed source gap. DeepSeek output alone must not be applied."
NGX::LEARNAFRCA,LEARNAFRCA,NGX,Stock,LEARN AFRICA PLC,official_industry_taxonomy_unavailable_gap,accepted_source_gap,ngx_company_profile_directory|ngx_equities_price_list,SERVICES,official_sector_candidate_normalization_review,official_sector_available_review_apply,needs_official_evidence,0.2,Canonical sector mapping for official sector value 'SERVICES' from NGX masterfile for listing_key NGX::LEARNAFRCA.,Official sector value is available in NGX masterfile but not yet normalized to canonical sector taxonomy; normalization review required.,Cannot apply sector until canonical mapping is verified from official source.,official_sector_value_mapping_review,Do not apply the raw official sector value as a canonical sector until a reviewer records a venue-specific mapping rule and exact listing-key evidence.,"Record a listing-keyed official taxonomy mapping decision, or leave the sector blank as a reviewed source gap. DeepSeek output alone must not be applied."
NGX::NAHCO,NAHCO,NGX,Stock,NIGERIAN AVIATION HANDLING CO. PLC,official_industry_taxonomy_unavailable_gap,accepted_source_gap,ngx_company_profile_directory|ngx_equities_price_list,SERVICES,official_sector_candidate_normalization_review,official_sector_available_review_apply,needs_official_evidence,0.2,Canonical sector mapping for official sector value 'SERVICES' from NGX masterfile for listing_key NGX::NAHCO.,Official sector value is available in NGX masterfile but not yet normalized to canonical sector taxonomy; normalization review required.,Cannot apply sector until canonical mapping is verified from official source.,official_sector_value_mapping_review,Do not apply the raw official sector value as a canonical sector until a reviewer records a venue-specific mapping rule and exact listing-key evidence.,"Record a listing-keyed official taxonomy mapping decision, or leave the sector blank as a reviewed source gap. DeepSeek output alone must not be applied."
NGX::NSLTECH,NSLTECH,NGX,Stock,SECURE ELECTRONIC TECHNOLOGY PLC,official_industry_taxonomy_unavailable_gap,accepted_source_gap,ngx_company_profile_directory|ngx_equities_price_list,SERVICES,official_sector_candidate_normalization_review,official_sector_available_review_apply,needs_official_evidence,0.2,Canonical sector mapping for official sector value 'SERVICES' from NGX masterfile for listing_key NGX::NSLTECH.,Official sector value is available in NGX masterfile but not yet normalized to canonical sector taxonomy; normalization review required.,Cannot apply sector until canonical mapping is verified from official source.,official_sector_value_mapping_review,Do not apply the raw official sector value as a canonical sector until a reviewer records a venue-specific mapping rule and exact listing-key evidence.,"Record a listing-keyed official taxonomy mapping decision, or leave the sector blank as a reviewed source gap. DeepSeek output alone must not be applied."
NGX::REDSTAREX,REDSTAREX,NGX,Stock,RED STAR EXPRESS PLC,official_industry_taxonomy_unavailable_gap,accepted_source_gap,ngx_company_profile_directory|ngx_equities_price_list,SERVICES,official_sector_candidate_normalization_review,official_sector_available_review_apply,needs_official_evidence,0.3,"Official NGX sector classification mapping to a standard taxonomy (e.g., GICS, ICB) or authoritative source that defines the meaning of 'SERVICES' in a standard context.","The NGX official source provides a sector label 'SERVICES', but it is not from a recognized standard industry taxonomy. Without a canonical mapping, the sector cannot be applied. Official evidence is needed to map this label to a standard sector classification.",Raw sector value 'SERVICES' from NGX lacks canonical taxonomy mapping; applying directly would introduce non-standard data.,official_sector_value_mapping_review,Do not apply the raw official sector value as a canonical sector until a reviewer records a venue-specific mapping rule and exact listing-key evidence.,"Record a listing-keyed official taxonomy mapping decision, or leave the sector blank as a reviewed source gap. DeepSeek output alone must not be applied."
NGX::RTBRISCOE,RTBRISCOE,NGX,Stock,R T BRISCOE PLC,official_industry_taxonomy_unavailable_gap,accepted_source_gap,ngx_company_profile_directory|ngx_equities_price_list,SERVICES,official_sector_candidate_normalization_review,official_sector_available_review_apply,needs_official_evidence,0.3,"Official NGX sector classification mapping to a standard taxonomy (e.g., GICS, ICB) or authoritative source that defines the meaning of 'SERVICES' in a standard context.","The NGX official source provides a sector label 'SERVICES', but it is not from a recognized standard industry taxonomy. Without a canonical mapping, the sector cannot be applied. Official evidence is needed to map this label to a standard sector classification.",Raw sector value 'SERVICES' from NGX lacks canonical taxonomy mapping; applying directly would introduce non-standard data.,official_sector_value_mapping_review,Do not apply the raw official sector value as a canonical sector until a reviewer records a venue-specific mapping rule and exact listing-key evidence.,"Record a listing-keyed official taxonomy mapping decision, or leave the sector blank as a reviewed source gap. DeepSeek output alone must not be applied."
NGX::SKYAVN,SKYAVN,NGX,Stock,SKYWAY AVIATION HANDLING COMPANY PLC,official_industry_taxonomy_unavailable_gap,accepted_source_gap,ngx_company_profile_directory|ngx_equities_price_list,SERVICES,official_sector_candidate_normalization_review,official_sector_available_review_apply,needs_official_evidence,0.3,"Official NGX sector classification mapping to a standard taxonomy (e.g., GICS, ICB) or authoritative source that defines the meaning of 'SERVICES' in a standard context.","The NGX official source provides a sector label 'SERVICES', but it is not from a recognized standard industry taxonomy. Without a canonical mapping, the sector cannot be applied. Official evidence is needed to map this label to a standard sector classification.",Raw sector value 'SERVICES' from NGX lacks canonical taxonomy mapping; applying directly would introduce non-standard data.,official_sector_value_mapping_review,Do not apply the raw official sector value as a canonical sector until a reviewer records a venue-specific mapping rule and exact listing-key evidence.,"Record a listing-keyed official taxonomy mapping decision, or leave the sector blank as a reviewed source gap. DeepSeek output alone must not be applied."
NGX::TANTALIZER,TANTALIZER,NGX,Stock,TANTALIZERS PLC,official_industry_taxonomy_unavailable_gap,accepted_source_gap,ngx_company_profile_directory|ngx_equities_price_list,SERVICES,official_sector_candidate_normalization_review,official_sector_available_review_apply,needs_official_evidence,0.3,"Official NGX sector classification mapping to a standard taxonomy (e.g., GICS, ICB) or authoritative source that defines the meaning of 'SERVICES' in a standard context.","The NGX official source provides a sector label 'SERVICES', but it is not from a recognized standard industry taxonomy. Without a canonical mapping, the sector cannot be applied. Official evidence is needed to map this label to a standard sector classification.",Raw sector value 'SERVICES' from NGX lacks canonical taxonomy mapping; applying directly would introduce non-standard data.,official_sector_value_mapping_review,Do not apply the raw official sector value as a canonical sector until a reviewer records a venue-specific mapping rule and exact listing-key evidence.,"Record a listing-keyed official taxonomy mapping decision, or leave the sector blank as a reviewed source gap. DeepSeek output alone must not be applied."
NGX::TRANSCOHOT,TRANSCOHOT,NGX,Stock,TRANSCORP HOTELS PLC,official_industry_taxonomy_unavailable_gap,accepted_source_gap,ngx_company_profile_directory|ngx_equities_price_list,SERVICES,official_sector_candidate_normalization_review,official_sector_available_review_apply,needs_official_evidence,0.3,"Official NGX sector classification mapping to a standard taxonomy (e.g., GICS, ICB) or authoritative source that defines the meaning of 'SERVICES' in a standard context.","The NGX official source provides a sector label 'SERVICES', but it is not from a recognized standard industry taxonomy. Without a canonical mapping, the sector cannot be applied. Official evidence is needed to map this label to a standard sector classification.",Raw sector value 'SERVICES' from NGX lacks canonical taxonomy mapping; applying directly would introduce non-standard data.,official_sector_value_mapping_review,Do not apply the raw official sector value as a canonical sector until a reviewer records a venue-specific mapping rule and exact listing-key evidence.,"Record a listing-keyed official taxonomy mapping decision, or leave the sector blank as a reviewed source gap. DeepSeek output alone must not be applied."
NGX::TRANSCORP,TRANSCORP,NGX,Stock,TRANSNATIONAL CORPORATION OF NIGERIA PLC,official_industry_taxonomy_unavailable_gap,accepted_source_gap,ngx_company_profile_directory|ngx_equities_price_list,CONGLOMERATES,official_sector_candidate_normalization_review,official_sector_available_review_apply,needs_official_evidence,0.2,Official sector value from NGX and canonical sector mapping.,The official source provides a sector value 'CONGLOMERATES' which requires normalization to the canonical taxonomy before applying.,Sector value requires canonical normalization; no direct application until confirmed.,official_sector_value_mapping_review,Do not apply the raw official sector value as a canonical sector until a reviewer records a venue-specific mapping rule and exact listing-key evidence.,"Record a listing-keyed official taxonomy mapping decision, or leave the sector blank as a reviewed source gap. DeepSeek output alone must not be applied."
NGX::TRANSEXPR,TRANSEXPR,NGX,Stock,TRANS-NATIONWIDE EXPRESS PLC,official_industry_taxonomy_unavailable_gap,accepted_source_gap,ngx_company_profile_directory|ngx_equities_price_list,SERVICES,official_sector_candidate_normalization_review,official_sector_available_review_apply,needs_official_evidence,0.2,Official sector value from NGX and canonical sector mapping.,The official source provides a sector value 'SERVICES' which requires normalization to the canonical taxonomy before applying.,Sector value requires canonical normalization; no direct application until confirmed.,official_sector_value_mapping_review,Do not apply the raw official sector value as a canonical sector until a reviewer records a venue-specific mapping rule and exact listing-key evidence.,"Record a listing-keyed official taxonomy mapping decision, or leave the sector blank as a reviewed source gap. DeepSeek output alone must not be applied."
NGX::UACN,UACN,NGX,Stock,UAC OF NIGERIA PLC,official_industry_taxonomy_unavailable_gap,accepted_source_gap,ngx_company_profile_directory|ngx_equities_price_list,CONGLOMERATES,official_sector_candidate_normalization_review,official_sector_available_review_apply,needs_official_evidence,0.2,Official sector value from NGX and canonical sector mapping.,The official source provides a sector value 'CONGLOMERATES' which requires normalization to the canonical taxonomy before applying.,Sector value requires canonical normalization; no direct application until confirmed.,official_sector_value_mapping_review,Do not apply the raw official sector value as a canonical sector until a reviewer records a venue-specific mapping rule and exact listing-key evidence.,"Record a listing-keyed official taxonomy mapping decision, or leave the sector blank as a reviewed source gap. DeepSeek output alone must not be applied."
NGX::VFDGROUP,VFDGROUP,NGX,Stock,VFD GROUP,official_industry_taxonomy_unavailable_gap,accepted_source_gap,ngx_company_profile_directory|ngx_equities_price_list,INVESTMENT,official_sector_candidate_normalization_review,official_sector_available_review_apply,needs_official_evidence,0.2,Official sector value from NGX and canonical sector mapping.,The official source provides a sector value 'INVESTMENT' which requires normalization to the canonical taxonomy before applying.,Sector value requires canonical normalization; no direct application until confirmed.,official_sector_value_mapping_review,Do not apply the raw official sector value as a canonical sector until a reviewer records a venue-specific mapping rule and exact listing-key evidence.,"Record a listing-keyed official taxonomy mapping decision, or leave the sector blank as a reviewed source gap. DeepSeek output alone must not be applied."
CSE_LK::GUAR.N0000,GUAR.N0000,CSE_LK,Stock,CEYLON GUARDIAN INVESTMENT TRUST PLC,fundlike_stock_sector_gap,core_exclusion_candidate,cse_lk_all_security_code|cse_lk_company_info_summary,,core_exclusion_candidate_scope_review_before_sector_fill,core_exclusion_candidate_requires_scope_review,out_of_scope_candidate,0.2,"Official listing scope confirmation to determine if this is core, extended, or excluded.",The listing is fund-like and a core exclusion candidate; sector fill is blocked until scope review is complete.,Scope review required; sector fill blocked until listing scope is confirmed.,scope_review_before_sector_fill,"Do not fill sector until the listing scope is reviewed as core, extended, or excluded.","Record a listing-keyed official taxonomy mapping decision, or leave the sector blank as a reviewed source gap. DeepSeek output alone must not be applied."
CSE_LK::LVEF.N0000,LVEF.N0000,CSE_LK,Stock,L V L ENERGY FUND PLC,fundlike_stock_sector_gap,core_exclusion_candidate,cse_lk_all_security_code|cse_lk_company_info_summary,,core_exclusion_candidate_scope_review_before_sector_fill,core_exclusion_candidate_requires_scope_review,needs_official_evidence,0.1,"Official listing scope evidence from CSE to determine whether LVEF.N0000 is a core, extended, or excluded security. Current masterfile does not expose a sector and official sector values are none. Sector enrichment cannot proceed without scope confirmation.","The instrument is flagged as a fund-like stock with a sector gap, but the source of truth outcome is core_exclusion_candidate. Without official scope evidence, sector fill is blocked. Masterfile match exists but no sector data is provided.","No sector fill until listing scope is confirmed as core, extended, or excluded.",keep_source_gap_until_official_taxonomy,Keep sector blank until an official venue taxonomy or issuer taxonomy source maps the exact listing.,"Record a listing-keyed official taxonomy mapping decision, or leave the sector blank as a reviewed source gap. DeepSeek output alone must not be applied."
CSE_LK::NAVF.U0000,NAVF.U0000,CSE_LK,Stock,NAMAL ACUITY VALUE FUND,fundlike_stock_sector_gap,core_exclusion_candidate,cse_lk_all_security_code|cse_lk_company_info_summary,,core_exclusion_candidate_scope_review_before_sector_fill,core_exclusion_candidate_requires_scope_review,needs_official_evidence,0.1,"Official listing scope evidence from CSE to determine whether NAVF.U0000 is a core, extended, or excluded security. Current masterfile does not expose a sector and official sector values are none. Sector enrichment cannot proceed without scope confirmation.","The instrument is flagged as a fund-like stock with a sector gap, but the source of truth outcome is core_exclusion_candidate. Without official scope evidence, sector fill is blocked. Masterfile match exists but no sector data is provided.","No sector fill until listing scope is confirmed as core, extended, or excluded.",keep_source_gap_until_official_taxonomy,Keep sector blank until an official venue taxonomy or issuer taxonomy source maps the exact listing.,"Record a listing-keyed official taxonomy mapping decision, or leave the sector blank as a reviewed source gap. DeepSeek output alone must not be applied."
PSE::ALLHC,ALLHC,PSE,Stock,AyalaLand Logistics Holdings Corp,shell_or_cpc_sector_gap,core_exclusion_candidate,pse_listed_company_directory,,core_exclusion_candidate_scope_review_before_sector_fill,core_exclusion_candidate_requires_scope_review,needs_official_evidence,0.1,"Official listing scope evidence from PSE to determine whether ALLHC is a core, extended, or excluded security. It is currently flagged as a shell or CPC with a sector gap; official masterfile exposes no sector. Sector fill requires scope resolution.","The source of truth outcome is core_exclusion_candidate, indicating uncertain scope. With official sector values missing and masterfile not exposing sector, only official scope evidence can unlock further enrichment.","No sector fill until listing scope is confirmed as core, extended, or excluded.",keep_source_gap_until_official_taxonomy,Keep sector blank until an official venue taxonomy or issuer taxonomy source maps the exact listing.,"Record a listing-keyed official taxonomy mapping decision, or leave the sector blank as a reviewed source gap. DeepSeek output alone must not be applied."
PSE::ALTER,ALTER,PSE,Stock,Alternergy Holdings Corp.,shell_or_cpc_sector_gap,core_exclusion_candidate,pse_listed_company_directory,,core_exclusion_candidate_scope_review_before_sector_fill,core_exclusion_candidate_requires_scope_review,needs_official_evidence,0.1,"Official listing scope evidence from PSE to determine whether ALTER is a core, extended, or excluded security. It is flagged as a shell or CPC with a sector gap; masterfile provides no sector data. Scope confirmation is required before any sector fill.","Outcome is core_exclusion_candidate and official sector values are none. Without a definitive scope, sector enrichment is premature.","No sector fill until listing scope is confirmed as core, extended, or excluded.",keep_source_gap_until_official_taxonomy,Keep sector blank until an official venue taxonomy or issuer taxonomy source maps the exact listing.,"Record a listing-keyed official taxonomy mapping decision, or leave the sector blank as a reviewed source gap. DeepSeek output alone must not be applied."
PSE::CREIT,CREIT,PSE,Stock,Citicore Energy REIT Corp,fundlike_stock_sector_gap,core_exclusion_candidate,pse_listed_company_directory,,core_exclusion_candidate_scope_review_before_sector_fill,core_exclusion_candidate_requires_scope_review,needs_official_evidence,0.1,"Official listing scope evidence from PSE to determine whether CREIT is a core, extended, or excluded security. It is a REIT-like stock with a sector gap; official sector values are absent. Scope must be resolved before sector enrichment.",Flagged as fundlike stock and core_exclusion_candidate. Masterfile match exists but no sector exposure. Sector fill blocked until exchange scope is officially confirmed.,"No sector fill until listing scope is confirmed as core, extended, or excluded.",keep_source_gap_until_official_taxonomy,Keep sector blank until an official venue taxonomy or issuer taxonomy source maps the exact listing.,"Record a listing-keyed official taxonomy mapping decision, or leave the sector blank as a reviewed source gap. DeepSeek output alone must not be applied."
PSE::DDMPR,DDMPR,PSE,Stock,DDMP REIT Inc,fundlike_stock_sector_gap,core_exclusion_candidate,pse_listed_company_directory,,core_exclusion_candidate_scope_review_before_sector_fill,core_exclusion_candidate_requires_scope_review,needs_official_evidence,0.3,"Official listing scope evidence (e.g., from PSE listing directory or regulatory filing) to determine if the listing should be classified as core or excluded.","The ticker is a core exclusion candidate because it is a REIT (fundlike_stock_sector_gap), but the official masterfile (pse_listed_company_directory) does not expose sector values, preventing a scope determination.",Cannot apply sector enrichment or scope decision without official scope evidence.,keep_source_gap_until_official_taxonomy,Keep sector blank until an official venue taxonomy or issuer taxonomy source maps the exact listing.,"Record a listing-keyed official taxonomy mapping decision, or leave the sector blank as a reviewed source gap. DeepSeek output alone must not be applied."
PSE::DITO,DITO,PSE,Stock,Dito CME Holdings Corp,shell_or_cpc_sector_gap,core_exclusion_candidate,pse_listed_company_directory,,core_exclusion_candidate_scope_review_before_sector_fill,core_exclusion_candidate_requires_scope_review,needs_official_evidence,0.3,"Official listing scope evidence (e.g., from PSE listing directory or regulatory filing) to determine if the listing should be classified as core or excluded.","The ticker is a core exclusion candidate because it is flagged as a shell or CPC (shell_or_cpc_sector_gap), but the official masterfile (pse_listed_company_directory) does not expose sector values, preventing a scope determination.",Cannot apply sector enrichment or scope decision without official scope evidence.,keep_source_gap_until_official_taxonomy,Keep sector blank until an official venue taxonomy or issuer taxonomy source maps the exact listing.,"Record a listing-keyed official taxonomy mapping decision, or leave the sector blank as a reviewed source gap. DeepSeek output alone must not be applied."
PSE::FILRT,FILRT,PSE,Stock,Filinvest REIT Corp,fundlike_stock_sector_gap,core_exclusion_candidate,pse_listed_company_directory,,core_exclusion_candidate_scope_review_before_sector_fill,core_exclusion_candidate_requires_scope_review,needs_official_evidence,0.3,"Official listing scope evidence (e.g., from PSE listing directory or regulatory filing) to determine if the listing should be classified as core or excluded.","The ticker is a core exclusion candidate because it is a REIT (fundlike_stock_sector_gap), but the official masterfile (pse_listed_company_directory) does not expose sector values, preventing a scope determination.",Cannot apply sector enrichment or scope decision without official scope evidence.,keep_source_gap_until_official_taxonomy,Keep sector blank until an official venue taxonomy or issuer taxonomy source maps the exact listing.,"Record a listing-keyed official taxonomy mapping decision, or leave the sector blank as a reviewed source gap. DeepSeek output alone must not be applied."
PSE::LPZ,LPZ,PSE,Stock,Lopez Holdings Corp,shell_or_cpc_sector_gap,core_exclusion_candidate,pse_listed_company_directory,,core_exclusion_candidate_scope_review_before_sector_fill,core_exclusion_candidate_requires_scope_review,needs_official_evidence,0.3,"Official listing scope evidence (e.g., from PSE listing directory or regulatory filing) to determine if the listing should be classified as core or excluded.","The ticker is a core exclusion candidate because it is flagged as a shell or CPC (shell_or_cpc_sector_gap), but the official masterfile (pse_listed_company_directory) does not expose sector values, preventing a scope determination.",Cannot apply sector enrichment or scope decision without official scope evidence.,keep_source_gap_until_official_taxonomy,Keep sector blank until an official venue taxonomy or issuer taxonomy source maps the exact listing.,"Record a listing-keyed official taxonomy mapping decision, or leave the sector blank as a reviewed source gap. DeepSeek output alone must not be applied."
PSE::PREIT,PREIT,PSE,Stock,Premiere Island Power REIT Corp.,fundlike_stock_sector_gap,core_exclusion_candidate,pse_listed_company_directory,,core_exclusion_candidate_scope_review_before_sector_fill,core_exclusion_candidate_requires_scope_review,needs_official_evidence,0.3,"Official listing scope evidence (e.g., from PSE listing directory or regulatory filing) to determine if the listing should be classified as core or excluded.","The ticker is a core exclusion candidate because it is a REIT (fundlike_stock_sector_gap), but the official masterfile (pse_listed_company_directory) does not expose sector values, preventing a scope determination.",Cannot apply sector enrichment or scope decision without official scope evidence.,keep_source_gap_until_official_taxonomy,Keep sector blank until an official venue taxonomy or issuer taxonomy source maps the exact listing.,"Record a listing-keyed official taxonomy mapping decision, or leave the sector blank as a reviewed source gap. DeepSeek output alone must not be applied."
PSE::RLT,RLT,PSE,Stock,Philippine Realty and Holdings Corp,shell_or_cpc_sector_gap,core_exclusion_candidate,pse_listed_company_directory,,core_exclusion_candidate_scope_review_before_sector_fill,core_exclusion_candidate_requires_scope_review,needs_official_evidence,0.2,"Official listing scope evidence from PSE (e.g., confirmation of core/excluded status for shell/CPC) before any sector enrichment.","The listing is a core-exclusion candidate with a shell/CPC sector gap. Although PSE has a masterfile match, it does not expose sector; scope must be resolved first.",Sector fill is blocked pending official scope confirmation because the listing may be out of scope.,keep_source_gap_until_official_taxonomy,Keep sector blank until an official venue taxonomy or issuer taxonomy source maps the exact listing.,"Record a listing-keyed official taxonomy mapping decision, or leave the sector blank as a reviewed source gap. DeepSeek output alone must not be applied."
SEM::DELN,DELN,SEM,Stock,GRIT REAL ESTATE INCOME GROUP LIMITED - (USD),fundlike_stock_sector_gap,core_exclusion_candidate,,,core_exclusion_candidate_scope_review_before_sector_fill,core_exclusion_candidate_requires_scope_review,needs_official_evidence,0.2,Official listing scope evidence from SEM to confirm if this fund-like stock is in core scope and whether it qualifies for sector assignment.,"No official masterfile or sector data exists. The listing is a core-exclusion candidate flagged as fund-like, so scope verification is required before any sector fill.",Sector fill is held until official scope determination due to the fund-like nature and missing authoritative source.,keep_source_gap_until_official_taxonomy,Keep sector blank until an official venue taxonomy or issuer taxonomy source maps the exact listing.,"Record a listing-keyed official taxonomy mapping decision, or leave the sector blank as a reviewed source gap. DeepSeek output alone must not be applied."
SEM::NITL,NITL,SEM,Stock,NATIONAL INVESTMENT TRUST LTD,fundlike_stock_sector_gap,core_exclusion_candidate,sem_isin,,core_exclusion_candidate_scope_review_before_sector_fill,core_exclusion_candidate_requires_scope_review,needs_official_evidence,0.2,"Official scope confirmation from SEM (e.g., via ISIN masterfile or exchange directory) to determine if this fund-like stock is part of the core universe and can receive a sector.","An official ISIN masterfile match exists but lacks sector exposure. The listing is a fund-like core-exclusion candidate, so scope must be validated before sector enrichment.",Sector fill is blocked pending scope review; the ISIN masterfile does not guarantee it is in scope.,keep_source_gap_until_official_taxonomy,Keep sector blank until an official venue taxonomy or issuer taxonomy source maps the exact listing.,"Record a listing-keyed official taxonomy mapping decision, or leave the sector blank as a reviewed source gap. DeepSeek output alone must not be applied."
CSE_MA::AFMA,AFMA,CSE_MA,Stock,AFMA ASSUREUR CONSEIL,official_industry_taxonomy_unavailable_gap,accepted_source_gap,,,venue_official_taxonomy_unavailable_source_gap,accepted_source_gap_no_official_sector_taxonomy,keep_source_gap,0.2,Official venue industry taxonomy source for CSE_MA to fill sector (currently accepted as unavailable).,"The listing is kept in scope with an accepted source gap: no official industry taxonomy is available from the exchange, so sector must remain blank.",Sector left intentionally blank until a venue-official taxonomy parser or source exists.,keep_source_gap_until_official_taxonomy,Keep sector blank until an official venue taxonomy or issuer taxonomy source maps the exact listing.,"Record a listing-keyed official taxonomy mapping decision, or leave the sector blank as a reviewed source gap. DeepSeek output alone must not be applied."
CSE_MA::AFRIC-INDU,AFRIC-INDU,CSE_MA,Stock,AFRIC INDUSTRIES SA,official_industry_taxonomy_unavailable_gap,accepted_source_gap,,,venue_official_taxonomy_unavailable_source_gap,accepted_source_gap_no_official_sector_taxonomy,keep_source_gap,0.2,Official venue industry taxonomy source for CSE_MA (currently unavailable) to fill sector.,"Accepted source gap: the exchange does not provide an official sector/industry taxonomy, so the listing stays in scope with no sector value.",Sector remains blank due to the absence of an official CSE_MA taxonomy source.,keep_source_gap_until_official_taxonomy,Keep sector blank until an official venue taxonomy or issuer taxonomy source maps the exact listing.,"Record a listing-keyed official taxonomy mapping decision, or leave the sector blank as a reviewed source gap. DeepSeek output alone must not be applied."
CSE_MA::AFRIQUIA-G,AFRIQUIA-G,CSE_MA,Stock,AFRIQUIA GAZ,official_industry_taxonomy_unavailable_gap,accepted_source_gap,,,venue_official_taxonomy_unavailable_source_gap,accepted_source_gap_no_official_sector_taxonomy,needs_official_evidence,0.1,Official venue industry or sector taxonomy source for the exchange.,The issuer's sector cannot be determined because the official masterfile does not expose sector values and no official taxonomy source is available. The gap is accepted until a source exists.,No official sector data available to apply; sector must remain blank until source is integrated.,keep_source_gap_until_official_taxonomy,Keep sector blank until an official venue taxonomy or issuer taxonomy source maps the exact listing.,"Record a listing-keyed official taxonomy mapping decision, or leave the sector blank as a reviewed source gap. DeepSeek output alone must not be applied."
CSE_MA::AGMA,AGMA,CSE_MA,Stock,AGMA LAHLOU-TAZI,official_industry_taxonomy_unavailable_gap,accepted_source_gap,,,venue_official_taxonomy_unavailable_source_gap,accepted_source_gap_no_official_sector_taxonomy,needs_official_evidence,0.1,Official venue industry or sector taxonomy source for the exchange.,The issuer's sector cannot be determined because the official masterfile does not expose sector values and no official taxonomy source is available. The gap is accepted until a source exists.,No official sector data available to apply; sector must remain blank until source is integrated.,keep_source_gap_until_official_taxonomy,Keep sector blank until an official venue taxonomy or issuer taxonomy source maps the exact listing.,"Record a listing-keyed official taxonomy mapping decision, or leave the sector blank as a reviewed source gap. DeepSeek output alone must not be applied."
CSE_MA::AKDITAL,AKDITAL,CSE_MA,Stock,AKDITAL,official_industry_taxonomy_unavailable_gap,accepted_source_gap,,,venue_official_taxonomy_unavailable_source_gap,accepted_source_gap_no_official_sector_taxonomy,needs_official_evidence,0.1,Official venue industry or sector taxonomy source for the exchange.,The issuer's sector cannot be determined because the official masterfile does not expose sector values and no official taxonomy source is available. The gap is accepted until a source exists.,No official sector data available to apply; sector must remain blank until source is integrated.,keep_source_gap_until_official_taxonomy,Keep sector blank until an official venue taxonomy or issuer taxonomy source maps the exact listing.,"Record a listing-keyed official taxonomy mapping decision, or leave the sector blank as a reviewed source gap. DeepSeek output alone must not be applied."
CSE_MA::ALLIANCES,ALLIANCES,CSE_MA,Stock,ALLIANCES DEVELOPPEMENT IMMOBILIER,official_industry_taxonomy_unavailable_gap,accepted_source_gap,,,venue_official_taxonomy_unavailable_source_gap,accepted_source_gap_no_official_sector_taxonomy,needs_official_evidence,0.1,Official venue industry or sector taxonomy source for the exchange.,The issuer's sector cannot be determined because the official masterfile does not expose sector values and no official taxonomy source is available. The gap is accepted until a source exists.,No official sector data available to apply; sector must remain blank until source is integrated.,keep_source_gap_until_official_taxonomy,Keep sector blank until an official venue taxonomy or issuer taxonomy source maps the exact listing.,"Record a listing-keyed official taxonomy mapping decision, or leave the sector blank as a reviewed source gap. DeepSeek output alone must not be applied."
CSE_MA::ALUMINIUM-,ALUMINIUM-,CSE_MA,Stock,ALUMINIUM DU MAROC,official_industry_taxonomy_unavailable_gap,accepted_source_gap,,,venue_official_taxonomy_unavailable_source_gap,accepted_source_gap_no_official_sector_taxonomy,needs_official_evidence,0.1,Official venue industry or sector taxonomy source for the exchange.,The issuer's sector cannot be determined because the official masterfile does not expose sector values and no official taxonomy source is available. The gap is accepted until a source exists.,No official sector data available to apply; sector must remain blank until source is integrated.,keep_source_gap_until_official_taxonomy,Keep sector blank until an official venue taxonomy or issuer taxonomy source maps the exact listing.,"Record a listing-keyed official taxonomy mapping decision, or leave the sector blank as a reviewed source gap. DeepSeek output alone must not be applied."
CSE_MA::ARADEI-CAP,ARADEI-CAP,CSE_MA,Stock,ARADEI CAPITAL,official_industry_taxonomy_unavailable_gap,accepted_source_gap,,,venue_official_taxonomy_unavailable_source_gap,accepted_source_gap_no_official_sector_taxonomy,needs_official_evidence,0.1,Official venue industry or sector taxonomy source for CSE_MA.,No official masterfile match; exchange does not expose sector data. Sector left blank pending availability of a venue-official taxonomy parser or source.,Insufficient official sector evidence; source gap accepted.,keep_source_gap_until_official_taxonomy,Keep sector blank until an official venue taxonomy or issuer taxonomy source maps the exact listing.,"Record a listing-keyed official taxonomy mapping decision, or leave the sector blank as a reviewed source gap. DeepSeek output alone must not be applied."
CSE_MA::ATLANTASAN,ATLANTASAN,CSE_MA,Stock,ATLANTASANAD,official_industry_taxonomy_unavailable_gap,accepted_source_gap,,,venue_official_taxonomy_unavailable_source_gap,accepted_source_gap_no_official_sector_taxonomy,needs_official_evidence,0.1,Official venue industry or sector taxonomy source for CSE_MA.,No official masterfile match; exchange does not expose sector data. Sector left blank pending availability of a venue-official taxonomy parser or source.,Insufficient official sector evidence; source gap accepted.,keep_source_gap_until_official_taxonomy,Keep sector blank until an official venue taxonomy or issuer taxonomy source maps the exact listing.,"Record a listing-keyed official taxonomy mapping decision, or leave the sector blank as a reviewed source gap. DeepSeek output alone must not be applied."
CSE_MA::ATTIJARIWA,ATTIJARIWA,CSE_MA,Stock,ATTIJARIWAFA BANK,official_industry_taxonomy_unavailable_gap,accepted_source_gap,,,venue_official_taxonomy_unavailable_source_gap,accepted_source_gap_no_official_sector_taxonomy,needs_official_evidence,0.1,Official venue industry or sector taxonomy source for CSE_MA.,No official masterfile match; exchange does not expose sector data. Sector left blank pending availability of a venue-official taxonomy parser or source.,Insufficient official sector evidence; source gap accepted.,keep_source_gap_until_official_taxonomy,Keep sector blank until an official venue taxonomy or issuer taxonomy source maps the exact listing.,"Record a listing-keyed official taxonomy mapping decision, or leave the sector blank as a reviewed source gap. DeepSeek output alone must not be applied."
CSE_MA::AUTO-HALL,AUTO-HALL,CSE_MA,Stock,AUTO HALL,official_industry_taxonomy_unavailable_gap,accepted_source_gap,,,venue_official_taxonomy_unavailable_source_gap,accepted_source_gap_no_official_sector_taxonomy,needs_official_evidence,0.1,Official venue industry or sector taxonomy source for CSE_MA.,No official masterfile match; exchange does not expose sector data. Sector left blank pending availability of a venue-official taxonomy parser or source.,Insufficient official sector evidence; source gap accepted.,keep_source_gap_until_official_taxonomy,Keep sector blank until an official venue taxonomy or issuer taxonomy source maps the exact listing.,"Record a listing-keyed official taxonomy mapping decision, or leave the sector blank as a reviewed source gap. DeepSeek output alone must not be applied."
CSE_MA::AUTO-NEJIM,AUTO-NEJIM,CSE_MA,Stock,AUTO NEJIMA,official_industry_taxonomy_unavailable_gap,accepted_source_gap,,,venue_official_taxonomy_unavailable_source_gap,accepted_source_gap_no_official_sector_taxonomy,needs_official_evidence,0.1,Official venue industry or sector taxonomy source for CSE_MA.,No official masterfile match; exchange does not expose sector data. Sector left blank pending availability of a venue-official taxonomy parser or source.,Insufficient official sector evidence; source gap accepted.,keep_source_gap_until_official_taxonomy,Keep sector blank until an official venue taxonomy or issuer taxonomy source maps the exact listing.,"Record a listing-keyed official taxonomy mapping decision, or leave the sector blank as a reviewed source gap. DeepSeek output alone must not be applied."
