listing_key,ticker,exchange,asset_type,current_name,official_name,isin,country,official_sources,token_overlap,current_token_count,official_token_count,review_class,review_priority,recommended_action
OTC::CGPVF,CGPVF,OTC,Stock,CGG,VIRIDIEN,,United States,otc_markets_stock_screener,0,1,1,stale_or_symbol_reuse_without_isin,critical,verify_or_quarantine_before_trusting_listing
OTC::CLLKF,CLLKF,OTC,Stock,Cellink AB (publ),BICO GROUP AB B,,United States,otc_markets_stock_screener,0,1,2,stale_or_symbol_reuse_without_isin,critical,verify_or_quarantine_before_trusting_listing
OTC::CRPGF,CRPGF,OTC,Stock,Integrated Cannabis Company Inc,CHINA RES PHARMCTL GRP,,United States,otc_markets_stock_screener,0,2,4,stale_or_symbol_reuse_without_isin,critical,verify_or_quarantine_before_trusting_listing
OTC::CSNRF,CSNRF,OTC,Stock,CoinShares,CHESNARA PLC,,United States,otc_markets_stock_screener,0,1,1,stale_or_symbol_reuse_without_isin,critical,verify_or_quarantine_before_trusting_listing
OTC::CUIRF,CUIRF,OTC,Stock,Currie Rose Resources Inc,VELOX ENERGY MATERIALS,,United States,otc_markets_stock_screener,0,3,3,stale_or_symbol_reuse_without_isin,critical,verify_or_quarantine_before_trusting_listing
OTC::CYDVF,CYDVF,OTC,Stock,Cypress Development Corp,CENTURY LITHIUM CORP,,United States,otc_markets_stock_screener,0,2,2,stale_or_symbol_reuse_without_isin,critical,verify_or_quarantine_before_trusting_listing
OTC::DSITF,DSITF,OTC,Stock,Dixons Carphone plc,CURRYS PLC,,United States,otc_markets_stock_screener,0,2,1,stale_or_symbol_reuse_without_isin,critical,verify_or_quarantine_before_trusting_listing
OTC::EAGRF,EAGRF,OTC,Stock,Leaf Mobile Inc,EAST SIDE GAMES GRP INC,,United States,otc_markets_stock_screener,0,2,4,stale_or_symbol_reuse_without_isin,critical,verify_or_quarantine_before_trusting_listing
OTC::ERVFF,ERVFF,OTC,Stock,Erin Ventures Inc,BORON ONE HOLDINGS INC,,United States,otc_markets_stock_screener,0,2,3,stale_or_symbol_reuse_without_isin,critical,verify_or_quarantine_before_trusting_listing
OTC::ESXMF,ESXMF,OTC,Stock,Essex Minerals Inc,OPTEGRA VENTURES INC,,United States,otc_markets_stock_screener,0,2,2,stale_or_symbol_reuse_without_isin,critical,verify_or_quarantine_before_trusting_listing
OTC::FAURY,FAURY,OTC,Stock,Faurecia S.E,FORVIA SE UNSP/ADR,,United States,otc_markets_stock_screener,0,1,1,stale_or_symbol_reuse_without_isin,critical,verify_or_quarantine_before_trusting_listing
OTC::FMZNF,FMZNF,OTC,Stock,Family Zone Cyber Safety Limited,QORIA LTD,,United States,otc_markets_stock_screener,0,4,1,stale_or_symbol_reuse_without_isin,critical,verify_or_quarantine_before_trusting_listing
OTC::FNTTF,FNTTF,OTC,Stock,Fantasy 360 Technologies Inc,XR IMMERSIVE TECH INC,,United States,otc_markets_stock_screener,0,3,3,stale_or_symbol_reuse_without_isin,critical,verify_or_quarantine_before_trusting_listing
OTC::FPLPF,FPLPF,OTC,Stock,Provident Financial plc,VANQUIS BKG GROUP PLC,,United States,otc_markets_stock_screener,0,2,3,stale_or_symbol_reuse_without_isin,critical,verify_or_quarantine_before_trusting_listing
OTC::GCRIF,GCRIF,OTC,Stock,Rogue Resources Inc,CLEAN ENERGY TRANSITION,,United States,otc_markets_stock_screener,0,2,3,stale_or_symbol_reuse_without_isin,critical,verify_or_quarantine_before_trusting_listing
OTC::GDYMF,GDYMF,OTC,Stock,ReNu Energy Limited,JANUS ELEC HLDGS LTD,,United States,otc_markets_stock_screener,0,2,3,stale_or_symbol_reuse_without_isin,critical,verify_or_quarantine_before_trusting_listing
OTC::GLDFF,GLDFF,OTC,Stock,Chalice Brands Ltd,GOLD FINDER RES LTD,,United States,otc_markets_stock_screener,0,2,3,stale_or_symbol_reuse_without_isin,critical,verify_or_quarantine_before_trusting_listing
OTC::GLKFF,GLKFF,OTC,Stock,Raise Production Inc,CLEANTEK INDS INC,,United States,otc_markets_stock_screener,0,2,2,stale_or_symbol_reuse_without_isin,critical,verify_or_quarantine_before_trusting_listing
OTC::GNEMF,GNEMF,OTC,Stock,Great Northern Energy Metals Inc.,AMERICAN ATOMICS INC,,United States,otc_markets_stock_screener,0,4,2,stale_or_symbol_reuse_without_isin,critical,verify_or_quarantine_before_trusting_listing
OTC::GNSMF,GNSMF,OTC,Stock,Genius Metals Inc,MOROCCO STRATEGIC MINERAL,,United States,otc_markets_stock_screener,0,2,3,stale_or_symbol_reuse_without_isin,critical,verify_or_quarantine_before_trusting_listing
OTC::GUDHF,GUDHF,OTC,Stock,GUD Holdings Limited,AMOTIV LTD,,United States,otc_markets_stock_screener,0,2,1,stale_or_symbol_reuse_without_isin,critical,verify_or_quarantine_before_trusting_listing
OTC::HEXPF,HEXPF,OTC,Stock,Huntington Exploration Inc,ANGEL WING METALS INC,,United States,otc_markets_stock_screener,0,2,3,stale_or_symbol_reuse_without_isin,critical,verify_or_quarantine_before_trusting_listing
OTC::HKRHF,HKRHF,OTC,Stock,3DG Holdings (International) Limited,HONG KONG RES HLDS CO LTD,,United States,otc_markets_stock_screener,0,3,4,stale_or_symbol_reuse_without_isin,critical,verify_or_quarantine_before_trusting_listing
OTC::HUYTF,HUYTF,OTC,Stock,Huayi Tencent Entertainment Company Limited,HONY MEDIA GROUP,,United States,otc_markets_stock_screener,0,3,3,stale_or_symbol_reuse_without_isin,critical,verify_or_quarantine_before_trusting_listing
OTC::ICPVF,ICPVF,OTC,Stock,Incitec Pivot Limited,DYNO NOBEL LTD,,United States,otc_markets_stock_screener,0,2,2,stale_or_symbol_reuse_without_isin,critical,verify_or_quarantine_before_trusting_listing
OTC::ILHMF,ILHMF,OTC,Stock,International Lithium Corp,ILC CRITICAL MINERALS LTD,,Canada,otc_markets_stock_screener,0,2,3,stale_or_symbol_reuse_without_isin,critical,verify_or_quarantine_before_trusting_listing
OTC::JAXAF,JAXAF,OTC,Stock,Jaxsta Limited,VINYL GROUP LTD,,United States,otc_markets_stock_screener,0,1,2,stale_or_symbol_reuse_without_isin,critical,verify_or_quarantine_before_trusting_listing
OTC::LMDCF,LMDCF,OTC,Stock,Lingo Media Corporation,EVERYBODY LOVES LANGUAGES,,United States,otc_markets_stock_screener,0,2,3,stale_or_symbol_reuse_without_isin,critical,verify_or_quarantine_before_trusting_listing
OTC::LOMEF,LOMEF,OTC,Stock,Lithium One Metals Inc.,BLACK SPRUCE EXPL INC,,United States,otc_markets_stock_screener,0,3,3,stale_or_symbol_reuse_without_isin,critical,verify_or_quarantine_before_trusting_listing
OTC::LUFFF,LUFFF,OTC,Stock,Luff Enterprises Ltd,HERBAL DISPATCH INC,,United States,otc_markets_stock_screener,0,2,2,stale_or_symbol_reuse_without_isin,critical,verify_or_quarantine_before_trusting_listing
OTC::LVCLF,LVCLF,OTC,Stock,Living Cell Technologies Limited,ALGORAE PHARMACETICLS LTD,,United States,otc_markets_stock_screener,0,3,2,stale_or_symbol_reuse_without_isin,critical,verify_or_quarantine_before_trusting_listing
OTC::MANA,MANA,OTC,Stock,Manatron Inc,GRAYSCALE DECENTRALAND TR,,United States,otc_markets_stock_screener,0,1,3,stale_or_symbol_reuse_without_isin,critical,verify_or_quarantine_before_trusting_listing
OTC::MFMLF,MFMLF,OTC,Stock,Marifil Mines Limited,INTERNATIONAL ICONIC GOLD,,United States,otc_markets_stock_screener,0,2,3,stale_or_symbol_reuse_without_isin,critical,verify_or_quarantine_before_trusting_listing
OTC::MHIFF,MHIFF,OTC,Stock,Mineral Hill Industries Ltd,GOLD STRATEGY INC,,United States,otc_markets_stock_screener,0,3,2,stale_or_symbol_reuse_without_isin,critical,verify_or_quarantine_before_trusting_listing
OTC::MNXMF,MNXMF,OTC,Stock,Auteco Minerals Limited,FIREFLY METALS LTD,,United States,otc_markets_stock_screener,0,2,2,stale_or_symbol_reuse_without_isin,critical,verify_or_quarantine_before_trusting_listing
OTC::MREYF,MREYF,OTC,Stock,Monterey Minerals Inc,PURANIUM ENERGY LTD,,United States,otc_markets_stock_screener,0,2,2,stale_or_symbol_reuse_without_isin,critical,verify_or_quarantine_before_trusting_listing
OTC::MRRYF,MRRYF,OTC,Stock,Murray Income Trust Plc,MARY AGROTECHNOLOGIES INC,,United States,otc_markets_stock_screener,0,3,2,stale_or_symbol_reuse_without_isin,critical,verify_or_quarantine_before_trusting_listing
OTC::MYIDF,MYIDF,OTC,Stock,Killi Ltd,REKLAIM LTD,,United States,otc_markets_stock_screener,0,1,1,stale_or_symbol_reuse_without_isin,critical,verify_or_quarantine_before_trusting_listing
OTC::NGKSF,NGKSF,OTC,Stock,NGK Spark Plug Co. Ltd,NITERRA CO LTD,,United States,otc_markets_stock_screener,0,3,1,stale_or_symbol_reuse_without_isin,critical,verify_or_quarantine_before_trusting_listing
OTC::NJMVF,NJMVF,OTC,Stock,Nichols plc,NICHOLAS (J.N.) VIMTO PLC,,United States,otc_markets_stock_screener,0,1,2,stale_or_symbol_reuse_without_isin,critical,verify_or_quarantine_before_trusting_listing
OTC::NWPIF,NWPIF,OTC,Stock,ClearStream Energy Services Inc,FLINT CORP,,United States,otc_markets_stock_screener,0,3,1,stale_or_symbol_reuse_without_isin,critical,verify_or_quarantine_before_trusting_listing
OTC::PMDRF,PMDRF,OTC,Stock,Prime Meridian Resources Corp,BRASNOVA ENERGY MATLS INC,,United States,otc_markets_stock_screener,0,3,3,stale_or_symbol_reuse_without_isin,critical,verify_or_quarantine_before_trusting_listing
OTC::PNNEF,PNNEF,OTC,Stock,Pennine Petroleum Corporation,PAMBILI NAT RES CORP,,United States,otc_markets_stock_screener,0,2,3,stale_or_symbol_reuse_without_isin,critical,verify_or_quarantine_before_trusting_listing
OTC::PTRRY,PTRRY,OTC,Stock,Petro Rio S.A,PRIO S A UNSP/ADR,,United States,otc_markets_stock_screener,0,2,1,stale_or_symbol_reuse_without_isin,critical,verify_or_quarantine_before_trusting_listing
OTC::PUSOF,PUSOF,OTC,Stock,Pushfor Investments Inc,AAPKI VENTURES INC,,United States,otc_markets_stock_screener,0,2,2,stale_or_symbol_reuse_without_isin,critical,verify_or_quarantine_before_trusting_listing
OTC::QCCUF,QCCUF,OTC,Stock,QC Copper and Gold Inc,XXIX METAL CORP,,United States,otc_markets_stock_screener,0,4,2,stale_or_symbol_reuse_without_isin,critical,verify_or_quarantine_before_trusting_listing
OTC::SAEYY,SAEYY,OTC,Stock,Shop Apotheke Europe N.V,REDCARE PHAMACY  UNSP/ADR,,United States,otc_markets_stock_screener,0,3,2,stale_or_symbol_reuse_without_isin,critical,verify_or_quarantine_before_trusting_listing
OTC::SAHRF,SAHRF,OTC,Stock,Sahara Energy Ltd,CAPITAN INVT LTD,,United States,otc_markets_stock_screener,0,2,2,stale_or_symbol_reuse_without_isin,critical,verify_or_quarantine_before_trusting_listing
OTC::SGCSF,SGCSF,OTC,Stock,Sacgasco Limited,AUSTRALIAN OIL CO LTD,,United States,otc_markets_stock_screener,0,1,2,stale_or_symbol_reuse_without_isin,critical,verify_or_quarantine_before_trusting_listing
OTC::SGTB,SGTB,OTC,Stock,Kuboo Inc,SUGGESTION BOX INC,,United States,otc_markets_stock_screener,0,1,2,stale_or_symbol_reuse_without_isin,critical,verify_or_quarantine_before_trusting_listing
OTC::SICNF,SICNF,OTC,Stock,Sokoman Minerals Corp,PIRATE GOLD CORP,,United States,otc_markets_stock_screener,0,2,2,stale_or_symbol_reuse_without_isin,critical,verify_or_quarantine_before_trusting_listing
OTC::SKYC,SKYC,OTC,Stock,Qualis Innovations Inc,SKY CONSTANT CENTURY INC,,United States,otc_markets_stock_screener,0,2,3,stale_or_symbol_reuse_without_isin,critical,verify_or_quarantine_before_trusting_listing
OTC::SLMZF,SLMZF,OTC,Stock,Damara Gold Corp,BRONCO RES CORP,,United States,otc_markets_stock_screener,0,2,2,stale_or_symbol_reuse_without_isin,critical,verify_or_quarantine_before_trusting_listing
OTC::SMBMF,SMBMF,OTC,Stock,Sembcorp Marine Ltd,SEATRIUM LTD,,United States,otc_markets_stock_screener,0,2,1,stale_or_symbol_reuse_without_isin,critical,verify_or_quarantine_before_trusting_listing
OTC::SOTDF,SOTDF,OTC,Stock,Ströer SE & Co. KGaA,STROEER SE,,United States,otc_markets_stock_screener,0,2,1,stale_or_symbol_reuse_without_isin,critical,verify_or_quarantine_before_trusting_listing
OTC::SOTDY,SOTDY,OTC,Stock,Ströer SE & Co. KGaA,STROEER SE CO UNSP/ADR,,United States,otc_markets_stock_screener,0,2,1,stale_or_symbol_reuse_without_isin,critical,verify_or_quarantine_before_trusting_listing
OTC::STEAF,STEAF,OTC,Stock,Stream Media Corporation,SM ENTMT JAPAN CO LTD,,United States,otc_markets_stock_screener,0,2,3,stale_or_symbol_reuse_without_isin,critical,verify_or_quarantine_before_trusting_listing
OTC::STXPF,STXPF,OTC,Stock,Stuhini Exploration Ltd,ERANOVA METALS INC,,United States,otc_markets_stock_screener,0,2,2,stale_or_symbol_reuse_without_isin,critical,verify_or_quarantine_before_trusting_listing
OTC::SULMF,SULMF,OTC,Stock,Sulliden Mining Capital Inc,FUTURE MINERAL RES INC,,United States,otc_markets_stock_screener,0,3,3,stale_or_symbol_reuse_without_isin,critical,verify_or_quarantine_before_trusting_listing
OTC::SVNWF,SVNWF,OTC,Stock,Seven Group Holdings Limited,SGH LTD,,United States,otc_markets_stock_screener,0,3,1,stale_or_symbol_reuse_without_isin,critical,verify_or_quarantine_before_trusting_listing
OTC::TBMIF,TBMIF,OTC,Stock,AurCrest Gold Inc,BIG TREE CARBON INC,,United States,otc_markets_stock_screener,0,2,3,stale_or_symbol_reuse_without_isin,critical,verify_or_quarantine_before_trusting_listing
OTC::TMRFF,TMRFF,OTC,Stock,Tempus Resources Limited,SOMERSET MINERALS LTD,,United States,otc_markets_stock_screener,0,2,2,stale_or_symbol_reuse_without_isin,critical,verify_or_quarantine_before_trusting_listing
OTC::VBAMF,VBAMF,OTC,Stock,Vital Battery Metals Inc.,AVENTIS ENERGY INC,,United States,otc_markets_stock_screener,0,3,2,stale_or_symbol_reuse_without_isin,critical,verify_or_quarantine_before_trusting_listing
OTC::WEJTY,WEJTY,OTC,Stock,Webjet Limited,WEB TRAVEL GROUP UNSP/ADR,,United States,otc_markets_stock_screener,0,1,3,stale_or_symbol_reuse_without_isin,critical,verify_or_quarantine_before_trusting_listing
OTC::XBOTF,XBOTF,OTC,Stock,Tokens.com Corp.,REALBOTIX CORP,,United States,otc_markets_stock_screener,0,2,1,stale_or_symbol_reuse_without_isin,critical,verify_or_quarantine_before_trusting_listing
OTC::XTRRF,XTRRF,OTC,Stock,X-Terra Resources Inc,COMET LITHIUM CORPORATION,,United States,otc_markets_stock_screener,0,2,2,stale_or_symbol_reuse_without_isin,critical,verify_or_quarantine_before_trusting_listing
OTC::YAHOF,YAHOF,OTC,Stock,Z Holdings Corporation,LY CORPORATION,,United States,otc_markets_stock_screener,0,1,1,stale_or_symbol_reuse_without_isin,critical,verify_or_quarantine_before_trusting_listing
OTC::AECX,AECX,OTC,Stock,CurrentC Power Corporation,ACADIA ENERGY CORP,US92855W2017,United States,otc_markets_stock_screener,0,2,2,probable_otc_rename_or_symbol_reuse,high,verify_current_issuer_with_isin_source_before_name_update
OTC::AGREF,AGREF,OTC,Stock,Argonaut Resources NL,ORPHEUS URANIUM LTD,US0152711091,United States,otc_markets_stock_screener,0,3,2,probable_otc_rename_or_symbol_reuse,high,verify_current_issuer_with_isin_source_before_name_update
OTC::ANGCF,ANGCF,OTC,Stock,Angel Gold Corp,EON LITHIUM CORP,CA03463E2024,Canada,otc_markets_stock_screener,0,2,2,probable_otc_rename_or_symbol_reuse,high,verify_current_issuer_with_isin_source_before_name_update
OTC::APCOF,APCOF,OTC,Stock,New Tech Minerals Corp,AMERICAN CRITICAL MINERAL,CA64886W2031,Canada,otc_markets_stock_screener,0,2,3,probable_otc_rename_or_symbol_reuse,high,verify_current_issuer_with_isin_source_before_name_update
OTC::APETF,APETF,OTC,Stock,Alpha Esports Tech Inc,ALPHAGEN INTELLIGENCE CP,CA02080J1075,Canada,otc_markets_stock_screener,0,3,3,probable_otc_rename_or_symbol_reuse,high,verify_current_issuer_with_isin_source_before_name_update
OTC::ARXRF,ARXRF,OTC,Stock,Infinite Ore Corp,IMAGINE LITHIUM INC,CA45690A1075,Canada,otc_markets_stock_screener,0,2,2,probable_otc_rename_or_symbol_reuse,high,verify_current_issuer_with_isin_source_before_name_update
OTC::ATOXF,ATOXF,OTC,Stock,Durango Resources Inc,QUANTUM CRITICAL MTLS CRP,CA74766V1004,Canada,otc_markets_stock_screener,0,2,4,probable_otc_rename_or_symbol_reuse,high,verify_current_issuer_with_isin_source_before_name_update
OTC::AUHIF,AUHIF,OTC,Stock,Advance United Holdings Inc,ADVANCED GOLD EXPLORATION,CA00792D1033,Canada,otc_markets_stock_screener,0,3,3,probable_otc_rename_or_symbol_reuse,high,verify_current_issuer_with_isin_source_before_name_update
OTC::AUOTY,AUOTY,OTC,Stock,AU Optronics Corp,AUO CORP S/ADR NEW,US0022551073,United States,otc_markets_stock_screener,0,2,1,probable_otc_rename_or_symbol_reuse,high,verify_current_issuer_with_isin_source_before_name_update
OTC::AXXA,AXXA,OTC,Stock,RCABS Inc,EXXE GROUP INC,US30233C1099,United States,otc_markets_stock_screener,0,1,2,probable_otc_rename_or_symbol_reuse,high,verify_current_issuer_with_isin_source_before_name_update
OTC::BADEF,BADEF,OTC,Stock,Bald Eagle Gold Corp.,HERCULES METALS CORP,CA42710L1067,Canada,otc_markets_stock_screener,0,3,2,probable_otc_rename_or_symbol_reuse,high,verify_current_issuer_with_isin_source_before_name_update
OTC::BCDS,BCDS,OTC,Stock,Maxwell Resource,BLAQCLOUDS INC,US0934181019,United States,otc_markets_stock_screener,0,2,1,probable_otc_rename_or_symbol_reuse,high,verify_current_issuer_with_isin_source_before_name_update
OTC::BCII,BCII,OTC,Stock,Blockchain Industries Inc,BCII ENTERPRISES INC,US09368L1008,United States,otc_markets_stock_screener,0,2,2,probable_otc_rename_or_symbol_reuse,high,verify_current_issuer_with_isin_source_before_name_update
OTC::BGLAF,BGLAF,OTC,Stock,Bangkok Life Assurance Public Company Limited,BIOGAIA AB PUBL B,TH1016010R13,Thailand,otc_markets_stock_screener,0,4,1,probable_otc_rename_or_symbol_reuse,high,verify_current_issuer_with_isin_source_before_name_update
OTC::BTZI,BTZI,OTC,Stock,Mcig Inc,BOTS INC,PRU0R13K1088,United States,otc_markets_stock_screener,0,1,1,probable_otc_rename_or_symbol_reuse,high,verify_current_issuer_with_isin_source_before_name_update
OTC::CBSC,CBSC,OTC,Stock,CB Scientific Inc,CARDIAC BIOTECH SOLUTION,US37932Q1076,United States,otc_markets_stock_screener,0,2,3,probable_otc_rename_or_symbol_reuse,high,verify_current_issuer_with_isin_source_before_name_update
OTC::CDTAF,CDTAF,OTC,Stock,Carl Data Solutions Inc,INFINITII AI INC,CA1421731037,Canada,otc_markets_stock_screener,0,3,2,probable_otc_rename_or_symbol_reuse,high,verify_current_issuer_with_isin_source_before_name_update
OTC::CMCXF,CMCXF,OTC,Stock,CMC Metals Ltd,WALKER LANE RES LTD,CA12571Q4034,Canada,otc_markets_stock_screener,0,2,3,probable_otc_rename_or_symbol_reuse,high,verify_current_issuer_with_isin_source_before_name_update
OTC::CNMTF,CNMTF,OTC,Stock,Canadian Metals Inc,SILVER ACADIA EXPLORATION,CA1363694029,Canada,otc_markets_stock_screener,0,2,3,probable_otc_rename_or_symbol_reuse,high,verify_current_issuer_with_isin_source_before_name_update
OTC::CPEFF,CPEFF,OTC,Stock,Voyageur Mineral Explorers Corp,EVOLVE ROYALTIES LTD,CA92918D1096,Canada,otc_markets_stock_screener,0,3,2,probable_otc_rename_or_symbol_reuse,high,verify_current_issuer_with_isin_source_before_name_update
OTC::CPPKF,CPPKF,OTC,Stock,Copperbank Resources Corp,FARADAY COPPER CORP,CA2176212009,Canada,otc_markets_stock_screener,0,2,2,probable_otc_rename_or_symbol_reuse,high,verify_current_issuer_with_isin_source_before_name_update
OTC::CPTLF,CPTLF,OTC,Stock,The Blockchain Group,CAPITAL B,FR0011053636,France,otc_markets_stock_screener,0,3,1,probable_otc_rename_or_symbol_reuse,high,verify_current_issuer_with_isin_source_before_name_update
OTC::CROTF,CROTF,OTC,Stock,Cirralto Limited,SPENDA LTD,GB00B9275X97,United Kingdom,otc_markets_stock_screener,0,1,1,probable_otc_rename_or_symbol_reuse,high,verify_current_issuer_with_isin_source_before_name_update
OTC::CRSTF,CRSTF,OTC,Stock,Crest Resources Inc,MINERAL ROAD DISCOVRY INC,CA22608C3012,Canada,otc_markets_stock_screener,0,2,3,probable_otc_rename_or_symbol_reuse,high,verify_current_issuer_with_isin_source_before_name_update
OTC::CRTTF,CRTTF,OTC,Stock,Cortus Metals Inc,METALERO MNG CORP,CA59117L1094,Canada,otc_markets_stock_screener,0,2,2,probable_otc_rename_or_symbol_reuse,high,verify_current_issuer_with_isin_source_before_name_update
OTC::CRYBF,CRYBF,OTC,Stock,Cryptoblox Technologies Inc,DYNAMITE BLOCKCHAIN CORP,CA30227V1058,Canada,otc_markets_stock_screener,0,2,2,probable_otc_rename_or_symbol_reuse,high,verify_current_issuer_with_isin_source_before_name_update
OTC::CSNVF,CSNVF,OTC,Stock,Corbion N.V,CSM NV,NL0010583399,Netherlands,otc_markets_stock_screener,0,1,1,probable_otc_rename_or_symbol_reuse,high,verify_current_issuer_with_isin_source_before_name_update
OTC::CVPUF,CVPUF,OTC,Stock,CP ALL Public Company Limited,C.P. SEVEN ELEVEN NVDR,TH0737010Y16,Thailand,otc_markets_stock_screener,0,3,3,probable_otc_rename_or_symbol_reuse,high,verify_current_issuer_with_isin_source_before_name_update
OTC::CWBK,CWBK,OTC,Stock,CommerceWest Bank,CW BANCORP,US12671L1061,United States,otc_markets_stock_screener,0,2,2,probable_otc_rename_or_symbol_reuse,high,verify_current_issuer_with_isin_source_before_name_update
OTC::CWVWF,CWVWF,OTC,Stock,Lithoquest Resources Inc,STORM EXPL INC,CA86218J2048,Canada,otc_markets_stock_screener,0,2,2,probable_otc_rename_or_symbol_reuse,high,verify_current_issuer_with_isin_source_before_name_update
OTC::CYCL,CYCL,OTC,Stock,Centennial Communications Corp,CYCCLONE INC,IE000RMSPY39,Ireland,otc_markets_stock_screener,0,2,1,probable_otc_rename_or_symbol_reuse,high,verify_current_issuer_with_isin_source_before_name_update
OTC::CYNXF,CYNXF,OTC,Stock,Cyon Exploration Ltd,INTERNATIONAL MTLS MNG,CA2326801081,Canada,otc_markets_stock_screener,0,2,3,probable_otc_rename_or_symbol_reuse,high,verify_current_issuer_with_isin_source_before_name_update
OTC::CZAVF,CZAVF,OTC,Stock,CEZ a. s,CESKE ENERGTICKE ZA,CZ0005112300,Czech Republic,otc_markets_stock_screener,0,1,3,probable_otc_rename_or_symbol_reuse,high,verify_current_issuer_with_isin_source_before_name_update
OTC::CZBC,CZBC,OTC,Stock,Citizens Bancorp,CITZNS BNCRP CORVALLIS OR,US1729501072,United States,otc_markets_stock_screener,0,2,4,probable_otc_rename_or_symbol_reuse,high,verify_current_issuer_with_isin_source_before_name_update
OTC::DCNNF,DCNNF,OTC,Stock,Canadian Palladium Resources Inc,QUEST CRITICAL METALS INC,CA13646R1038,Canada,otc_markets_stock_screener,0,3,3,probable_otc_rename_or_symbol_reuse,high,verify_current_issuer_with_isin_source_before_name_update
OTC::DFIFF,DFIFF,OTC,Stock,Diamond Fields Resources Inc,DFR GOLD INC,CA25241H1082,Canada,otc_markets_stock_screener,0,3,2,probable_otc_rename_or_symbol_reuse,high,verify_current_issuer_with_isin_source_before_name_update
OTC::DGWPF,DGWPF,OTC,Stock,Drägerwerk AG & Co. KGaA,DRAEGERWERK AG ORD,DE0005550636,Germany,otc_markets_stock_screener,0,2,1,probable_otc_rename_or_symbol_reuse,high,verify_current_issuer_with_isin_source_before_name_update
OTC::DMAN,DMAN,OTC,Stock,Innovativ Media Group Inc,DEMAND BRANDS INC,US24803B1044,United States,otc_markets_stock_screener,0,3,2,probable_otc_rename_or_symbol_reuse,high,verify_current_issuer_with_isin_source_before_name_update
OTC::DNGFF,DNGFF,OTC,Stock,Dongfang Electric Corporation Limited,DONG FANG ELEC MACH CO,CNE100000304,China,otc_markets_stock_screener,0,2,4,probable_otc_rename_or_symbol_reuse,high,verify_current_issuer_with_isin_source_before_name_update
OTC::DOLHF,DOLHF,OTC,Stock,Dolphin Capital Investors Limited,DCI ADVISORS LTD,GG00BSWT8V72,Guernsey,otc_markets_stock_screener,0,3,2,probable_otc_rename_or_symbol_reuse,high,verify_current_issuer_with_isin_source_before_name_update
OTC::DOMWF,DOMWF,OTC,Stock,Dominion Water Reserves Corp,PRIME DRINK GROUP CORP,CA25755H1064,Canada,otc_markets_stock_screener,0,3,3,probable_otc_rename_or_symbol_reuse,high,verify_current_issuer_with_isin_source_before_name_update
OTC::DRNG,DRNG,OTC,Stock,Vopia Inc,DRONE GUARDER INC,US26211L1035,United States,otc_markets_stock_screener,0,1,2,probable_otc_rename_or_symbol_reuse,high,verify_current_issuer_with_isin_source_before_name_update
OTC::EBYH,EBYH,OTC,Stock,Strainsforpains Inc,E-BUY HOME INC,US26827D1072,United States,otc_markets_stock_screener,0,1,2,probable_otc_rename_or_symbol_reuse,high,verify_current_issuer_with_isin_source_before_name_update
OTC::ECLP,ECLP,OTC,Stock,Eclipsys Corp,ECLIPSE BANCORP INC,US2788561098,United States,otc_markets_stock_screener,0,1,2,probable_otc_rename_or_symbol_reuse,high,verify_current_issuer_with_isin_source_before_name_update
OTC::ELEK,ELEK,OTC,Stock,China Xuefeng Environmental Engineering Inc,ELEKTROS INC,US2861761029,United States,otc_markets_stock_screener,0,4,1,probable_otc_rename_or_symbol_reuse,high,verify_current_issuer_with_isin_source_before_name_update
OTC::EMDF,EMDF,OTC,Stock,XL Rent Inc,E MED FUTURE INC,US26875D1081,United States,otc_markets_stock_screener,0,2,2,probable_otc_rename_or_symbol_reuse,high,verify_current_issuer_with_isin_source_before_name_update
OTC::EMSKF,EMSKF,OTC,Stock,Musk Metals Corp,GERMANIUM MNG CORP,CA62757L2075,Canada,otc_markets_stock_screener,0,2,2,probable_otc_rename_or_symbol_reuse,high,verify_current_issuer_with_isin_source_before_name_update
OTC::ESIFF,ESIFF,OTC,Stock,ESG Global Impact Capital Inc,AI ARTIFICIAL INTL VNTRS,CA26908N1078,Canada,otc_markets_stock_screener,0,4,4,probable_otc_rename_or_symbol_reuse,high,verify_current_issuer_with_isin_source_before_name_update
OTC::ESVNF,ESVNF,OTC,Stock,E79 Resources Corp,UBERDOC HEALTH TECH CORP,CA81752V1013,Canada,otc_markets_stock_screener,0,2,3,probable_otc_rename_or_symbol_reuse,high,verify_current_issuer_with_isin_source_before_name_update
OTC::FBASF,FBASF,OTC,Stock,Fibra UNO,DEUTSCHE BANK MEX REIT,MXCFFU000001,Mexico,otc_markets_stock_screener,0,2,4,probable_otc_rename_or_symbol_reuse,high,verify_current_issuer_with_isin_source_before_name_update
OTC::FITGF,FITGF,OTC,Stock,FIT Hon Teng Limited,FOXCONN INTERCONNECT TECH,KYG3R83K1037,Cayman Islands,otc_markets_stock_screener,0,3,3,probable_otc_rename_or_symbol_reuse,high,verify_current_issuer_with_isin_source_before_name_update
OTC::FLLLF,FLLLF,OTC,Stock,Feel Foods Ltd,ULTRA BRANDS LTD,US8322482071,United States,otc_markets_stock_screener,0,2,2,probable_otc_rename_or_symbol_reuse,high,verify_current_issuer_with_isin_source_before_name_update
OTC::FPWM,FPWM,OTC,Stock,1st Prestige Wealth Management Inc,CHARLESTOWNE PREMIUM BEV,US16077C1071,United States,otc_markets_stock_screener,0,4,3,probable_otc_rename_or_symbol_reuse,high,verify_current_issuer_with_isin_source_before_name_update
OTC::FSBH,FSBH,OTC,Stock,First Southern Bank,FSBH CORP,US30325F1012,United States,otc_markets_stock_screener,0,3,1,probable_otc_rename_or_symbol_reuse,high,verify_current_issuer_with_isin_source_before_name_update
OTC::FSGB,FSGB,OTC,Stock,1st Federal Savings Bank of SC Inc,FIRST FED SO CAROLINA FSB,US32018U1060,United States,otc_markets_stock_screener,0,5,5,probable_otc_rename_or_symbol_reuse,high,verify_current_issuer_with_isin_source_before_name_update
OTC::FYIRF,FYIRF,OTC,Stock,FYI Resources Limited,CADOUX LTD,AU000000FYI5,Australia,otc_markets_stock_screener,0,2,1,probable_otc_rename_or_symbol_reuse,high,verify_current_issuer_with_isin_source_before_name_update
OTC::GLIIF,GLIIF,OTC,Stock,Glacier Lake Resources Inc,SKELETON COAST URANIUM CP,CA37640A4028,Canada,otc_markets_stock_screener,0,3,4,probable_otc_rename_or_symbol_reuse,high,verify_current_issuer_with_isin_source_before_name_update
OTC::GLIOF,GLIOF,OTC,Stock,Gold Lion Resources Inc,PANTHER MINERALS INC,CA53681M1068,Canada,otc_markets_stock_screener,0,3,2,probable_otc_rename_or_symbol_reuse,high,verify_current_issuer_with_isin_source_before_name_update
OTC::GOFPY,GOFPY,OTC,Stock,Greek Org of Football Prognostics,ALLWYN AG UNSP/ADR,US3924831031,United States,otc_markets_stock_screener,0,4,1,probable_otc_rename_or_symbol_reuse,high,verify_current_issuer_with_isin_source_before_name_update
OTC::GRDAF,GRDAF,OTC,Stock,Guardforce AI Co. Limited,GROUNDED LITHIUM CORP,KYG4236L1389,Cayman Islands,otc_markets_stock_screener,0,2,2,probable_otc_rename_or_symbol_reuse,high,verify_current_issuer_with_isin_source_before_name_update
OTC::HALB,HALB,OTC,Stock,Tykhe Corp,HALBERD CORP,US4053311092,United States,otc_markets_stock_screener,0,1,1,probable_otc_rename_or_symbol_reuse,high,verify_current_issuer_with_isin_source_before_name_update
OTC::HLOC,HLOC,OTC,Stock,World Technology Corp,HELO CORP,US42349A1097,United States,otc_markets_stock_screener,0,2,1,probable_otc_rename_or_symbol_reuse,high,verify_current_issuer_with_isin_source_before_name_update
OTC::HMCTF,HMCTF,OTC,Stock,Hainan Meilan International Airport Company Limited,HNA INFRA CO LTD ORD,CNE1000003B2,China,otc_markets_stock_screener,0,4,2,probable_otc_rename_or_symbol_reuse,high,verify_current_issuer_with_isin_source_before_name_update
OTC::HPYCF,HPYCF,OTC,Stock,Happy Creek Minerals Ltd,FOX TUNGSTEN LTD,CA4113831024,Canada,otc_markets_stock_screener,0,3,2,probable_otc_rename_or_symbol_reuse,high,verify_current_issuer_with_isin_source_before_name_update
OTC::HZEN,HZEN,OTC,Stock,Zencash Investment Trust,GRAYSCALE HORIZEN TR ZEN,US38963T1016,United States,otc_markets_stock_screener,0,3,4,probable_otc_rename_or_symbol_reuse,high,verify_current_issuer_with_isin_source_before_name_update
OTC::IFBC,IFBC,OTC,Stock,Blast Applications,ITALIAN FOOD & BEV CORP,US4652931084,United States,otc_markets_stock_screener,0,2,3,probable_otc_rename_or_symbol_reuse,high,verify_current_issuer_with_isin_source_before_name_update
OTC::IMUC,IMUC,OTC,Stock,ImmunoCellular Therapeutics Ltd,EOM PHARMACEUTICAL HLDNGS,US4525364026,United States,otc_markets_stock_screener,0,2,3,probable_otc_rename_or_symbol_reuse,high,verify_current_issuer_with_isin_source_before_name_update
OTC::ITGGF,ITGGF,OTC,Stock,Italgas S.p.A,TG HOLDING SPA,IT0005211237,Italy,otc_markets_stock_screener,0,1,2,probable_otc_rename_or_symbol_reuse,high,verify_current_issuer_with_isin_source_before_name_update
OTC::IVSBF,IVSBF,OTC,Stock,Investor AB Series B,INVESTORS AB B,SE0015811963,Sweden,otc_markets_stock_screener,0,2,1,probable_otc_rename_or_symbol_reuse,high,verify_current_issuer_with_isin_source_before_name_update
OTC::IVSXF,IVSXF,OTC,Stock,Investor AB (publ),INVESTORS AB STCKHLM NEW,SE0015811955,Sweden,otc_markets_stock_screener,0,1,2,probable_otc_rename_or_symbol_reuse,high,verify_current_issuer_with_isin_source_before_name_update
OTC::IVTBF,IVTBF,OTC,Stock,Investment AB Latour (publ),INVESTMENTAKTIEBLAGT B,SE0010100958,Sweden,otc_markets_stock_screener,0,2,1,probable_otc_rename_or_symbol_reuse,high,verify_current_issuer_with_isin_source_before_name_update
OTC::JAMGF,JAMGF,OTC,Stock,Jasper Mining Corporation,TUKTU RES LTD,CA4717182055,Canada,otc_markets_stock_screener,0,2,2,probable_otc_rename_or_symbol_reuse,high,verify_current_issuer_with_isin_source_before_name_update
OTC::JBTC,JBTC,OTC,Stock,Jonestown Bank and Trust Co of Jonestown Pennsylvania,JBT BANCORP INC,US46653B1089,United States,otc_markets_stock_screener,0,5,2,probable_otc_rename_or_symbol_reuse,high,verify_current_issuer_with_isin_source_before_name_update
OTC::JCDXY,JCDXY,OTC,Stock,JCDecaux SA,JC DECAUS SA UNSP/ADR,FR0000077919,France,otc_markets_stock_screener,0,1,2,probable_otc_rename_or_symbol_reuse,high,verify_current_issuer_with_isin_source_before_name_update
OTC::JFWV,JFWV,OTC,Stock,Jefferson Security Bank,JSB FINCL INC,US47508R1086,United States,otc_markets_stock_screener,0,3,2,probable_otc_rename_or_symbol_reuse,high,verify_current_issuer_with_isin_source_before_name_update
OTC::JZRIF,JZRIF,OTC,Stock,Jazz Resources Inc,JZR GOLD INC.,CA4822311078,Canada,otc_markets_stock_screener,0,2,2,probable_otc_rename_or_symbol_reuse,high,verify_current_issuer_with_isin_source_before_name_update
OTC::KOSK,KOSK,OTC,Stock,One Step Vending Corp,METAWELLS OIL & GAS INC,US68246L1044,United States,otc_markets_stock_screener,0,3,3,probable_otc_rename_or_symbol_reuse,high,verify_current_issuer_with_isin_source_before_name_update
OTC::KPLUY,KPLUY,OTC,Stock,K&S AG DRC,K PLUS S AG S/ADR,US48265W1080,United States,otc_markets_stock_screener,0,1,1,probable_otc_rename_or_symbol_reuse,high,verify_current_issuer_with_isin_source_before_name_update
OTC::KWGBF,KWGBF,OTC,Stock,KWG Resources Inc,THE CANADIAN CHROME CO,CA48277D6019,Canada,otc_markets_stock_screener,0,2,3,probable_otc_rename_or_symbol_reuse,high,verify_current_issuer_with_isin_source_before_name_update
OTC::LBGUF,LBGUF,OTC,Stock,L E Lundbergföretagen AB (publ),LE LUNDBERGFOERETGN B SHS,SE0000108847,Sweden,otc_markets_stock_screener,0,1,2,probable_otc_rename_or_symbol_reuse,high,verify_current_issuer_with_isin_source_before_name_update
OTC::LBLCF,LBLCF,OTC,Stock,Loblaw Companies Limited,LOBALAW COS LTD CDA,CA5394811015,Canada,otc_markets_stock_screener,0,2,3,probable_otc_rename_or_symbol_reuse,high,verify_current_issuer_with_isin_source_before_name_update
OTC::LCHTF,LCHTF,OTC,Stock,Text S.A.,LIVECHAT SOFTWARE SA,COD04PA00014,United States,otc_markets_stock_screener,0,1,2,probable_otc_rename_or_symbol_reuse,high,verify_current_issuer_with_isin_source_before_name_update
OTC::LLESY,LLESY,OTC,Stock,Lend Lease Group,LENDLEASE CORP LTD S/ADR,US5260232054,United States,otc_markets_stock_screener,0,3,1,probable_otc_rename_or_symbol_reuse,high,verify_current_issuer_with_isin_source_before_name_update
OTC::LMGHF,LMGHF,OTC,Stock,LINK Mobility Group Holding ASA,VICTORY PARTN VIII NORWAY,NO0010894231,Norway,otc_markets_stock_screener,0,5,4,probable_otc_rename_or_symbol_reuse,high,verify_current_issuer_with_isin_source_before_name_update
OTC::MAKAF,MAKAF,OTC,Stock,Makara Mining Corp,HARDCORE DISCOVERIES LTD,CA56086L1022,Canada,otc_markets_stock_screener,0,2,2,probable_otc_rename_or_symbol_reuse,high,verify_current_issuer_with_isin_source_before_name_update
OTC::MCAP,MCAP,OTC,Stock,Mango Capital Inc,MCAP INC,SE0009160872,Sweden,otc_markets_stock_screener,0,2,1,probable_otc_rename_or_symbol_reuse,high,verify_current_issuer_with_isin_source_before_name_update
OTC::MGIMF,MGIMF,OTC,Stock,Verve Group SE,MGI MEDIA & GAMES INVEST,SE0018538068,Sweden,otc_markets_stock_screener,0,2,4,probable_otc_rename_or_symbol_reuse,high,verify_current_issuer_with_isin_source_before_name_update
OTC::MGPHF,MGPHF,OTC,Stock,Mason Graphite Inc.,TRANSOCEANIC INVESTMENTS,CA57520W1005,Canada,otc_markets_stock_screener,0,2,2,probable_otc_rename_or_symbol_reuse,high,verify_current_issuer_with_isin_source_before_name_update
OTC::MGPRF,MGPRF,OTC,Stock,Cover Technologies Inc,PLASCRED CIRCULAR INNOV,CA22289X2023,Canada,otc_markets_stock_screener,0,2,3,probable_otc_rename_or_symbol_reuse,high,verify_current_issuer_with_isin_source_before_name_update
OTC::MHTCF,MHTCF,OTC,Stock,Maitri Health Technologies Corp,MITSUI HIGHTEC INC,CA56068W1005,Canada,otc_markets_stock_screener,0,3,2,probable_otc_rename_or_symbol_reuse,high,verify_current_issuer_with_isin_source_before_name_update
OTC::MLBEF,MLBEF,OTC,Stock,Webcentral Group Limited,5G NETWORKS LTD,AU0000317554,Australia,otc_markets_stock_screener,0,2,2,probable_otc_rename_or_symbol_reuse,high,verify_current_issuer_with_isin_source_before_name_update
OTC::MMTLF,MMTLF,OTC,Stock,Madison Metals Inc.,CRITICAL ONE ENERGY INC,CA55658R2081,Canada,otc_markets_stock_screener,0,2,3,probable_otc_rename_or_symbol_reuse,high,verify_current_issuer_with_isin_source_before_name_update
OTC::MONI,MONI,OTC,Stock,World Oil Group,MOON EQUITY HLDGS CORP,US6154301054,United States,otc_markets_stock_screener,0,3,3,probable_otc_rename_or_symbol_reuse,high,verify_current_issuer_with_isin_source_before_name_update
OTC::MOOIF,MOOIF,OTC,Stock,Sensor Technologies Corp,BLUE HORIZON GLOBAL CAP,CA09560Q1054,Canada,otc_markets_stock_screener,0,2,4,probable_otc_rename_or_symbol_reuse,high,verify_current_issuer_with_isin_source_before_name_update
OTC::MRIRF,MRIRF,OTC,Stock,BMEX Gold Inc,ROUTE 109 RESOURCES INC,CA05591K7033,Canada,otc_markets_stock_screener,0,2,3,probable_otc_rename_or_symbol_reuse,high,verify_current_issuer_with_isin_source_before_name_update
OTC::MURGF,MURGF,OTC,Stock,Münchener Rückversicherungs-Gesellschaft Aktiengesellschaft in München,MUENCHENER RUEKVR GES SHS,US6261881063,United States,otc_markets_stock_screener,0,5,3,probable_otc_rename_or_symbol_reuse,high,verify_current_issuer_with_isin_source_before_name_update
OTC::MVNT,MVNT,OTC,Stock,Visual Healthcare Corp,MOVEMENT INDS CORP,US62460A1007,United States,otc_markets_stock_screener,0,2,2,probable_otc_rename_or_symbol_reuse,high,verify_current_issuer_with_isin_source_before_name_update
OTC::MYCOF,MYCOF,OTC,Stock,Mydecine Innovations Group Inc,NOVERIS HEALTH SCIENCES,CA62849F1018,Canada,otc_markets_stock_screener,0,3,3,probable_otc_rename_or_symbol_reuse,high,verify_current_issuer_with_isin_source_before_name_update
OTC::NASO,NASO,OTC,Stock,The GNS Group Inc,NAPLES SOAP COMPANY INC,SGXZ81555062,Singapore,otc_markets_stock_screener,0,3,2,probable_otc_rename_or_symbol_reuse,high,verify_current_issuer_with_isin_source_before_name_update
OTC::NFLDF,NFLDF,OTC,Stock,Exploits Discovery Corp,EPIC GOLD CORP,CA30219M1059,Canada,otc_markets_stock_screener,0,2,2,probable_otc_rename_or_symbol_reuse,high,verify_current_issuer_with_isin_source_before_name_update
OTC::NIPKF,NIPKF,OTC,Stock,"NIKKON Holdings Co.,Ltd.",NIPPON KONPO UNYU SOK ORD,JP3709600005,Japan,otc_markets_stock_screener,0,2,4,probable_otc_rename_or_symbol_reuse,high,verify_current_issuer_with_isin_source_before_name_update
OTC::NSYC,NSYC,OTC,Stock,National Stock Yards Co,NATL STK YDS CO,US6378581010,United States,otc_markets_stock_screener,0,3,3,probable_otc_rename_or_symbol_reuse,high,verify_current_issuer_with_isin_source_before_name_update
OTC::NTULF,NTULF,OTC,Stock,BIPROGY Inc.,NIHON UNISYS LTD ORD,JP3754200008,Japan,otc_markets_stock_screener,0,1,2,probable_otc_rename_or_symbol_reuse,high,verify_current_issuer_with_isin_source_before_name_update
OTC::NUGL,NUGL,OTC,Stock,Coresource Strategies Inc,NUGL INC,US6294291017,United States,otc_markets_stock_screener,0,2,1,probable_otc_rename_or_symbol_reuse,high,verify_current_issuer_with_isin_source_before_name_update
OTC::NXGB,NXGB,OTC,Stock,Pyramidion Technology Group Inc,NXGEN BRANDS INC,US62954M1071,United States,otc_markets_stock_screener,0,3,2,probable_otc_rename_or_symbol_reuse,high,verify_current_issuer_with_isin_source_before_name_update
OTC::NXSNF,NXSNF,OTC,Stock,"NextVision Stabilized Systems, Ltd.",NEXT VISION STABILIZD SYS,IL0011765935,Israel,otc_markets_stock_screener,0,3,4,probable_otc_rename_or_symbol_reuse,high,verify_current_issuer_with_isin_source_before_name_update
OTC::ORFDF,ORFDF,OTC,Stock,Orefinders Resources Inc,ORECAP INVEST CORP,CA6857871033,Canada,otc_markets_stock_screener,0,2,2,probable_otc_rename_or_symbol_reuse,high,verify_current_issuer_with_isin_source_before_name_update
OTC::OZBKF,OZBKF,OTC,Stock,Outback Goldfields Corp,VALKEA RESOURCES CORP,CA69002L1067,Canada,otc_markets_stock_screener,0,2,2,probable_otc_rename_or_symbol_reuse,high,verify_current_issuer_with_isin_source_before_name_update
OTC::PBCO,PBCO,OTC,Stock,People's Bank of Commerce,PBCO FINANCIAL CORP,US7103111016,United States,otc_markets_stock_screener,0,3,2,probable_otc_rename_or_symbol_reuse,high,verify_current_issuer_with_isin_source_before_name_update
OTC::PIHLF,PIHLF,OTC,Stock,Pihlajalinna Oyj,PACRAY INTL HLDGS LTD,FI4000092556,Finland,otc_markets_stock_screener,0,2,3,probable_otc_rename_or_symbol_reuse,high,verify_current_issuer_with_isin_source_before_name_update
OTC::PLTXF,PLTXF,OTC,Stock,Plantx Life Inc.,JIVA TECHNOLOGIES INC,CA72750P1053,Canada,otc_markets_stock_screener,0,2,2,probable_otc_rename_or_symbol_reuse,high,verify_current_issuer_with_isin_source_before_name_update
OTC::PNGZF,PNGZF,OTC,Stock,Paringa Resources Limited,TERRA METALS LTD,AU000000PNL1,Australia,otc_markets_stock_screener,0,2,2,probable_otc_rename_or_symbol_reuse,high,verify_current_issuer_with_isin_source_before_name_update
OTC::POELF,POELF,OTC,Stock,The Navigator Company S.A,PORTUCEL EMPRS ORD,PLNFI0500012,Poland,otc_markets_stock_screener,0,2,2,probable_otc_rename_or_symbol_reuse,high,verify_current_issuer_with_isin_source_before_name_update
OTC::PTMGF,PTMGF,OTC,Stock,Platinum Investment Management Limited,L1 GROUP LTD,AU000000PTM6,Australia,otc_markets_stock_screener,0,3,2,probable_otc_rename_or_symbol_reuse,high,verify_current_issuer_with_isin_source_before_name_update
OTC::RANJF,RANJF,OTC,Stock,Randstad N.V,RANDSTAND HOLDINGS NV,NL0000379121,Netherlands,otc_markets_stock_screener,0,1,2,probable_otc_rename_or_symbol_reuse,high,verify_current_issuer_with_isin_source_before_name_update
OTC::RDBBF,RDBBF,OTC,Stock,Redbubble Limited,ARTICORE GROUP LTD,AU0000303976,Australia,otc_markets_stock_screener,0,1,2,probable_otc_rename_or_symbol_reuse,high,verify_current_issuer_with_isin_source_before_name_update
OTC::RDYFF,RDYFF,OTC,Stock,Ready Set Gold Corp,NEWPATH RES INC,CA7557541082,Canada,otc_markets_stock_screener,0,3,2,probable_otc_rename_or_symbol_reuse,high,verify_current_issuer_with_isin_source_before_name_update
OTC::REDLF,REDLF,OTC,Stock,Red 5 Limited,VAULT MINERALS LTD,AU0000355588,Australia,otc_markets_stock_screener,0,1,2,probable_otc_rename_or_symbol_reuse,high,verify_current_issuer_with_isin_source_before_name_update
OTC::REGRF,REGRF,OTC,Stock,Graph Blockchain Inc,NEW WORLD SOLUTIONS INC,CA3886591047,Canada,otc_markets_stock_screener,0,2,2,probable_otc_rename_or_symbol_reuse,high,verify_current_issuer_with_isin_source_before_name_update
OTC::REZNF,REZNF,OTC,Stock,The Hash Corporation,STREET CAP INC,CA86326R1064,Canada,otc_markets_stock_screener,0,2,2,probable_otc_rename_or_symbol_reuse,high,verify_current_issuer_with_isin_source_before_name_update
OTC::RGSG,RGSG,OTC,Stock,China Ivy School Inc,RESOURCES GLBL SVCS GRP,US76125H1023,United States,otc_markets_stock_screener,0,3,4,probable_otc_rename_or_symbol_reuse,high,verify_current_issuer_with_isin_source_before_name_update
OTC::RIINF,RIINF,OTC,Stock,Braveheart Resources Inc,CANADIAN CRITICAL MNRLS,CA13561D1050,Canada,otc_markets_stock_screener,0,2,3,probable_otc_rename_or_symbol_reuse,high,verify_current_issuer_with_isin_source_before_name_update
OTC::RPGLF,RPGLF,OTC,Stock,Endurance RP Limited,REGENT PACIFIC GROUP LTD,KYG3042R1231,Cayman Islands,otc_markets_stock_screener,0,2,3,probable_otc_rename_or_symbol_reuse,high,verify_current_issuer_with_isin_source_before_name_update
OTC::RZSMF,RZSMF,OTC,Stock,RCS MediaGroup S.p.A,RIZZOLI C/D SERA MED ORD,IT0004931496,Italy,otc_markets_stock_screener,0,2,3,probable_otc_rename_or_symbol_reuse,high,verify_current_issuer_with_isin_source_before_name_update
OTC::SAMHF,SAMHF,OTC,Stock,Alleima AB (publ),SANDVIK MATLS TECH HLDG,SE0017615644,Sweden,otc_markets_stock_screener,0,1,4,probable_otc_rename_or_symbol_reuse,high,verify_current_issuer_with_isin_source_before_name_update
OTC::SBBSF,SBBSF,OTC,Stock,Sabana Shariah Compliant Industrial Real Estate Investment Trust,ALPHA INTEGRATED REIT,SG2C57965205,Singapore,otc_markets_stock_screener,0,8,3,probable_otc_rename_or_symbol_reuse,high,verify_current_issuer_with_isin_source_before_name_update
OTC::SDIIF,SDIIF,OTC,Stock,SDI Group plc,SCIENTIFIC DIGITAL IMAGNG,AU000000SDI2,Australia,otc_markets_stock_screener,0,2,3,probable_otc_rename_or_symbol_reuse,high,verify_current_issuer_with_isin_source_before_name_update
OTC::SHBBF,SHBBF,OTC,Stock,SYENSQO SA,SPECIALTY HOLDCO BELGIUM,BE0974464977,Belgium,otc_markets_stock_screener,0,1,3,probable_otc_rename_or_symbol_reuse,high,verify_current_issuer_with_isin_source_before_name_update
OTC::SLDX,SLDX,OTC,Stock,JMD Properties Inc,STELLA DIAGNOSTICS INC,US85853Y1047,United States,otc_markets_stock_screener,0,2,2,probable_otc_rename_or_symbol_reuse,high,verify_current_issuer_with_isin_source_before_name_update
OTC::SMNRF,SMNRF,OTC,Stock,S2 Minerals Inc,FNX INC,CA78485F1062,Canada,otc_markets_stock_screener,0,2,1,probable_otc_rename_or_symbol_reuse,high,verify_current_issuer_with_isin_source_before_name_update
OTC::SOLTF,SOLTF,OTC,Stock,Sosei Group Corporation,NXERA PHARMA CO LTD,JP3431300007,Japan,otc_markets_stock_screener,0,2,2,probable_otc_rename_or_symbol_reuse,high,verify_current_issuer_with_isin_source_before_name_update
OTC::SPASF,SPASF,OTC,Stock,SATS Ltd,SINGAPORE AIRPRT TERMNAL,SG1I52882764,Singapore,otc_markets_stock_screener,0,1,3,probable_otc_rename_or_symbol_reuse,high,verify_current_issuer_with_isin_source_before_name_update
OTC::SPOFF,SPOFF,OTC,Stock,Goldspot Discoveries Corp,EARTHLABS INC,CA38155A1003,Canada,otc_markets_stock_screener,0,2,1,probable_otc_rename_or_symbol_reuse,high,verify_current_issuer_with_isin_source_before_name_update
OTC::STGDF,STGDF,OTC,Stock,Stone Gold Inc.,COPPER RD RES INC,CA2175731041,Canada,otc_markets_stock_screener,0,2,3,probable_otc_rename_or_symbol_reuse,high,verify_current_issuer_with_isin_source_before_name_update
OTC::SVMRF,SVMRF,OTC,Stock,Magnora ASA,SEVAN MARINE AS ORD,NO0010187032,Norway,otc_markets_stock_screener,0,2,2,probable_otc_rename_or_symbol_reuse,high,verify_current_issuer_with_isin_source_before_name_update
OTC::TAOFF,TAOFF,OTC,Stock,Hyperion Metals Limited,IPERIONX LTD,AU0000170193,Australia,otc_markets_stock_screener,0,2,1,probable_otc_rename_or_symbol_reuse,high,verify_current_issuer_with_isin_source_before_name_update
OTC::TETAA,TETAA,OTC,Stock,Teton Advisors Inc,ALPHA G INVESTMENT MGMT A,US88165Y2000,United States,otc_markets_stock_screener,0,2,3,probable_otc_rename_or_symbol_reuse,high,verify_current_issuer_with_isin_source_before_name_update
OTC::TETAB,TETAB,OTC,Stock,Teton Advisors Inc,ALPHA G INVESTMENT MGMT B,US88165Y1010,United States,otc_markets_stock_screener,0,2,3,probable_otc_rename_or_symbol_reuse,high,verify_current_issuer_with_isin_source_before_name_update
OTC::TFGL,TFGL,OTC,Stock,Nuvonyx Inc,TRACKER FINANCIAL GROUP,US89237U1016,United States,otc_markets_stock_screener,0,1,3,probable_otc_rename_or_symbol_reuse,high,verify_current_issuer_with_isin_source_before_name_update
OTC::TNGMF,TNGMF,OTC,Stock,True North Gems Inc,TGX ENERGY & RES INC,CA89784R4026,Canada,otc_markets_stock_screener,0,3,3,probable_otc_rename_or_symbol_reuse,high,verify_current_issuer_with_isin_source_before_name_update
OTC::TORIF,TORIF,OTC,Stock,"Eternal Hospitality Group Co.,Ltd.",TORIKIZOKU CO LTD,JP3635900008,Japan,otc_markets_stock_screener,0,3,1,probable_otc_rename_or_symbol_reuse,high,verify_current_issuer_with_isin_source_before_name_update
OTC::TREP,TREP,OTC,Stock,Trucept Inc,AFINIDA INC,US89778T1097,United States,otc_markets_stock_screener,0,1,1,probable_otc_rename_or_symbol_reuse,high,verify_current_issuer_with_isin_source_before_name_update
OTC::TTNN,TTNN,OTC,Stock,AgriSolar Solutions Inc,TITAN NRG,US00855Q1085,United States,otc_markets_stock_screener,0,2,2,probable_otc_rename_or_symbol_reuse,high,verify_current_issuer_with_isin_source_before_name_update
OTC::TVCCF,TVCCF,OTC,Stock,Three Valley Copper Corp,WINCHESTER EQUITY CORP,CA85209D1015,Canada,otc_markets_stock_screener,0,3,2,probable_otc_rename_or_symbol_reuse,high,verify_current_issuer_with_isin_source_before_name_update
OTC::TYEKF,TYEKF,OTC,Stock,Thyssenkrupp AG O.N.,THYSSEN KRUPP AG DORF,DE0007500001,Germany,otc_markets_stock_screener,0,1,3,probable_otc_rename_or_symbol_reuse,high,verify_current_issuer_with_isin_source_before_name_update
OTC::VRCFF,VRCFF,OTC,Stock,Victory Resources Corporation,SUPREME CRITICAL METALS,CA92647B3092,Canada,otc_markets_stock_screener,0,2,3,probable_otc_rename_or_symbol_reuse,high,verify_current_issuer_with_isin_source_before_name_update
OTC::VTEXF,VTEXF,OTC,Stock,Venturex Resources Ltd (Australia),DEVELOP GLOBAL LTD,AU000000VXR5,Australia,otc_markets_stock_screener,0,3,2,probable_otc_rename_or_symbol_reuse,high,verify_current_issuer_with_isin_source_before_name_update
OTC::VVIVF,VVIVF,OTC,Stock,EarthRenew Inc,REPLENISH NUTRIENTS HLDG,CA27034F2089,Canada,otc_markets_stock_screener,0,1,3,probable_otc_rename_or_symbol_reuse,high,verify_current_issuer_with_isin_source_before_name_update
OTC::WHTCF,WHTCF,OTC,Stock,WashTec AG,WELL HEALTH TECH CORP ORD,DE0007507501,Germany,otc_markets_stock_screener,0,1,3,probable_otc_rename_or_symbol_reuse,high,verify_current_issuer_with_isin_source_before_name_update
OTC::WINH,WINH,OTC,Stock,WINHA INTERNATIONAL GROUP LTD,WILLCOX INT HLDGS INC,US92938L1070,United States,otc_markets_stock_screener,0,3,3,probable_otc_rename_or_symbol_reuse,high,verify_current_issuer_with_isin_source_before_name_update
OTC::WTCRF,WTCRF,OTC,Stock,Western Troy Capital Resources Inc,GLOBAL COPPER CORP,CA9599073041,Canada,otc_markets_stock_screener,0,4,2,probable_otc_rename_or_symbol_reuse,high,verify_current_issuer_with_isin_source_before_name_update
OTC::XTCYF,XTCYF,OTC,Stock,Xtacy Therapeutics Corp.,PEGASUS MERCANTILE INC,CA70557Y1051,Canada,otc_markets_stock_screener,0,2,2,probable_otc_rename_or_symbol_reuse,high,verify_current_issuer_with_isin_source_before_name_update
OTC::XTERF,XTERF,OTC,Stock,Norvista Capital Corporation,OLIVE RESOURCE CAP INC,CA6807671004,Canada,otc_markets_stock_screener,0,2,3,probable_otc_rename_or_symbol_reuse,high,verify_current_issuer_with_isin_source_before_name_update
OTC::YNGFF,YNGFF,OTC,Stock,Veris Gold Corp,YANGZIJIANG FINL HLDG LTD,CA92346R1001,Canada,otc_markets_stock_screener,0,2,3,probable_otc_rename_or_symbol_reuse,high,verify_current_issuer_with_isin_source_before_name_update
OTC::YZCAY,YZCAY,OTC,Stock,Yanzhou Coal Mining Company Limited,YANKUANG ENERGY GP S/ADR,US9848461052,United States,otc_markets_stock_screener,0,3,3,probable_otc_rename_or_symbol_reuse,high,verify_current_issuer_with_isin_source_before_name_update
OTC::ZONNF,ZONNF,OTC,Stock,NOS S.G.P.S. S.A,ZON OPTIMUS SGPS SA ORD,PTZON0AM0006,Portugal,otc_markets_stock_screener,0,1,3,probable_otc_rename_or_symbol_reuse,high,verify_current_issuer_with_isin_source_before_name_update
OTC::ABNAF,ABNAF,OTC,Stock,Aben Resources Ltd,ABEN GOLD CORP,CA00289T3064,Canada,otc_markets_stock_screener,1,2,2,weak_abbreviation_or_truncation_review,medium,review_before_metadata_update
OTC::ACGBY,ACGBY,OTC,Stock,Agricultural Bank of China PK,AGRICULTURAL B/C UNSP/ADR,US00850M1027,United States,otc_markets_stock_screener,1,3,1,weak_abbreviation_or_truncation_review,medium,review_before_metadata_update
OTC::AGPPF,AGPPF,OTC,Stock,Anglo American Platinum Limited,VALTERRA PLATINUM LTD,US03486T2024,United States,otc_markets_stock_screener,1,3,2,weak_abbreviation_or_truncation_review,medium,review_before_metadata_update
OTC::AHKSF,AHKSF,OTC,Stock,Asahi Kasei Corporation,Asahi Kaisei Corp.,JP3111200006,Japan,otc_markets_security_profile|otc_markets_stock_screener,1,2,2,weak_abbreviation_or_truncation_review,medium,review_before_metadata_update
OTC::AIABF,AIABF,OTC,Stock,AirAsia Group Berhad,CAPITAL A BERHAD,US9621661043,United States,otc_markets_stock_screener,1,3,2,weak_abbreviation_or_truncation_review,medium,review_before_metadata_update
OTC::AKBTY,AKBTY,OTC,Stock,Akbank Turk Anonim Sirketi,AKBANK T/A/S S/ADR,US0097195012,United States,otc_markets_stock_screener,1,4,1,weak_abbreviation_or_truncation_review,medium,review_before_metadata_update
OTC::ALLIF,ALLIF,OTC,Stock,Alpha Lithium Corporation,ATLANTIC LITHIUM LTD,CA02075X1033,Canada,otc_markets_stock_screener,1,2,2,weak_abbreviation_or_truncation_review,medium,review_before_metadata_update
OTC::ALTHF,ALTHF,OTC,Stock,Altech Batteries Limited,Altech Chemicals Ltd.,,United States,otc_markets_security_profile|otc_markets_stock_screener,1,2,2,weak_abbreviation_or_truncation_review,medium,review_before_metadata_update
OTC::ANLBF,ANLBF,OTC,Stock,Aton Resources Inc,ANTON RES INC NEW,CA0496AP2026,Canada,otc_markets_stock_screener,1,2,2,weak_abbreviation_or_truncation_review,medium,review_before_metadata_update
OTC::APELY,APELY,OTC,Stock,Alps Electric Co Ltd,ALPS  ALPINE CO UNSP/ADR,US0210902047,United States,otc_markets_stock_screener,1,2,2,weak_abbreviation_or_truncation_review,medium,review_before_metadata_update
OTC::ARGGY,ARGGY,OTC,Stock,Aston Martin Lagonda Global Holdings plc,ASTON MT LGND UNS/ADR,US04626D2062,United States,otc_markets_stock_screener,1,5,3,weak_abbreviation_or_truncation_review,medium,review_before_metadata_update
OTC::ARGYF,ARGYF,OTC,Stock,Avanti Energy Inc,AVANTI HELIUM CORP,CA05351P1080,Canada,otc_markets_stock_screener,1,2,2,weak_abbreviation_or_truncation_review,medium,review_before_metadata_update
OTC::ARLSF,ARLSF,OTC,Stock,Argo Living Soils Corp,ARGO GRAPHENE SOLUTIONS,CA04018T3064,Canada,otc_markets_stock_screener,1,3,3,weak_abbreviation_or_truncation_review,medium,review_before_metadata_update
OTC::ARSLF,ARSLF,OTC,Stock,Altima Resources Ltd,ALTIMA ENERGY INC,CA02148X2059,Canada,otc_markets_stock_screener,1,2,2,weak_abbreviation_or_truncation_review,medium,review_before_metadata_update
OTC::ASBFY,ASBFY,OTC,Stock,Associated British Foods plc,ASSOCIATED BRI/F UNSP/ADR,US0455194029,United States,otc_markets_stock_screener,1,3,2,weak_abbreviation_or_truncation_review,medium,review_before_metadata_update
OTC::ASEKY,ASEKY,OTC,Stock,Aisin Seiki Co Ltd,AISIN CORP UNSP/ADR,US00956Q1067,United States,otc_markets_stock_screener,1,2,1,weak_abbreviation_or_truncation_review,medium,review_before_metadata_update
OTC::ATONY,ATONY,OTC,Stock,Anton Oilfield Services Group,ANTON OILFLD SV UNSP/ADR,US0371931090,United States,otc_markets_stock_screener,1,4,3,weak_abbreviation_or_truncation_review,medium,review_before_metadata_update
OTC::ATUUF,ATUUF,OTC,Stock,Altura Energy Inc,TENAZ ENERGY CORP,CA02210D1033,Canada,otc_markets_stock_screener,1,2,2,weak_abbreviation_or_truncation_review,medium,review_before_metadata_update
OTC::AVNBF,AVNBF,OTC,Stock,Avon Protection plc,AVON TECHNOLOGIES PLC,GB0000667013,United Kingdom,otc_markets_stock_screener,1,2,2,weak_abbreviation_or_truncation_review,medium,review_before_metadata_update
OTC::AWSL,AWSL,OTC,Stock,Atlantic Wind & Solar Inc,ATLANTIC POWER & INFRASTR,US04879A1079,United States,otc_markets_stock_screener,1,3,3,weak_abbreviation_or_truncation_review,medium,review_before_metadata_update
OTC::AZLCZ,AZLCZ,OTC,Stock,Aztec Land Comb Cert,AZTEC LND&CATTLE CO C/CTF,US0548071028,United States,otc_markets_stock_screener,1,4,4,weak_abbreviation_or_truncation_review,medium,review_before_metadata_update
OTC::AZURF,AZURF,OTC,Stock,Azincourt Uranium Inc,AZINCOURT ENERGY CORP,CA05478T1084,Canada,otc_markets_stock_screener,1,2,2,weak_abbreviation_or_truncation_review,medium,review_before_metadata_update
OTC::BEPTF,BEPTF,OTC,Stock,Beach Energy Ltd,BEACH PETROLEUM LTD,AU000000BPT9,Australia,otc_markets_stock_screener,1,2,2,weak_abbreviation_or_truncation_review,medium,review_before_metadata_update
OTC::BGTTF,BGTTF,OTC,Stock,Billy Goat Brands Ltd,GOAT INDS LTD,CA0901871057,Canada,otc_markets_stock_screener,1,3,2,weak_abbreviation_or_truncation_review,medium,review_before_metadata_update
OTC::BICEF,BICEF,OTC,Stock,Société BIC SA,BIC STEC ORD,US0887361030,United States,otc_markets_stock_screener,1,2,2,weak_abbreviation_or_truncation_review,medium,review_before_metadata_update
OTC::BICEY,BICEY,OTC,Stock,Société BIC SA,BIC SA UNSP/ADR,US0887361030,United States,otc_markets_stock_screener,1,2,1,weak_abbreviation_or_truncation_review,medium,review_before_metadata_update
OTC::BKTPF,BKTPF,OTC,Stock,Cruz Cobalt Corp,CRUZ BATTERY METALS NEW,CA22888A1084,Canada,otc_markets_stock_screener,1,2,3,weak_abbreviation_or_truncation_review,medium,review_before_metadata_update
OTC::BNNLF,BNNLF,OTC,Stock,Bannerman Resources Ltd,BANNERMAN ENERGY LTD,AU000000BMN9,Australia,otc_markets_stock_screener,1,2,2,weak_abbreviation_or_truncation_review,medium,review_before_metadata_update
OTC::BRCTF,BRCTF,OTC,Stock,BioArctic AB (publ),BIOARCTIC AB  AK B,SE0010323311,Sweden,otc_markets_stock_screener,1,1,2,weak_abbreviation_or_truncation_review,medium,review_before_metadata_update
OTC::BSENF,BSENF,OTC,Stock,Baselode Energy Corp,GIEGER ENERGY CORP,CA0698251075,Canada,otc_markets_stock_screener,1,2,2,weak_abbreviation_or_truncation_review,medium,review_before_metadata_update
OTC::CAPTF,CAPTF,OTC,Stock,Capitan Mining Inc,CAPITAN SILVER CORP.,CA14055C1086,Canada,otc_markets_stock_screener,1,2,2,weak_abbreviation_or_truncation_review,medium,review_before_metadata_update
OTC::CFRUY,CFRUY,OTC,Stock,Compagnie Financiere Richemont,COMPAGNIE FNCE RCH UN/ADR,US2043191079,United States,otc_markets_stock_screener,1,3,4,weak_abbreviation_or_truncation_review,medium,review_before_metadata_update
OTC::CHFHF,CHFHF,OTC,Stock,China Foods Limited,CHINA ART FINL HLDG LTD,BMG2154F1095,Bermuda,otc_markets_stock_screener,1,2,4,weak_abbreviation_or_truncation_review,medium,review_before_metadata_update
OTC::CLDHF,CLDHF,OTC,Stock,CapitaLand China Trust,RETAIL CHINA TR,,United States,otc_markets_stock_screener,1,3,3,weak_abbreviation_or_truncation_review,medium,review_before_metadata_update
OTC::CLGCF,CLGCF,OTC,Stock,Clarity Gold Corp,CLARITY METALS CORP,CA18066R1038,Canada,otc_markets_stock_screener,1,2,2,weak_abbreviation_or_truncation_review,medium,review_before_metadata_update
OTC::CLOEF,CLOEF,OTC,Stock,Cloetta AB ser. B,CLOETTA AB B SHS,SE0002626861,Sweden,otc_markets_stock_screener,1,2,1,weak_abbreviation_or_truncation_review,medium,review_before_metadata_update
OTC::CNPRF,CNPRF,OTC,Stock,Condor Petroleum Inc,CONDOR ENERGIES INC,,United States,otc_markets_stock_screener,1,2,2,weak_abbreviation_or_truncation_review,medium,review_before_metadata_update
OTC::COPJF,COPJF,OTC,Stock,Cooper Energy Limited,AMPLITUDE ENERGY LTD NEW,US16954L2043,United States,otc_markets_stock_screener,1,2,2,weak_abbreviation_or_truncation_review,medium,review_before_metadata_update
OTC::CPKOF,CPKOF,OTC,Stock,Castle Peak Mining Ltd,AKWAABA MNG LTD,CA14846A1066,Canada,otc_markets_stock_screener,1,3,2,weak_abbreviation_or_truncation_review,medium,review_before_metadata_update
OTC::CRDIY,CRDIY,OTC,Stock,Concordia Financial Group Ltd,YOKOHAMA FINANCIAL U/ADR,,United States,otc_markets_stock_screener,1,3,2,weak_abbreviation_or_truncation_review,medium,review_before_metadata_update
OTC::CRPFY,CRPFY,OTC,Stock,Corporación Financiera Colombiana S.A,CORPORACION FIN COL S/ADR,US2198693028,United States,otc_markets_stock_screener,1,3,3,weak_abbreviation_or_truncation_review,medium,review_before_metadata_update
OTC::CRTIF,CRTIF,OTC,Stock,Cartier Iron Corp,CARTIER SILVER CORP,CA1467611010,Canada,otc_markets_stock_screener,1,2,2,weak_abbreviation_or_truncation_review,medium,review_before_metadata_update
OTC::CRZBY,CRZBY,OTC,Stock,Commerzbank AG PK,COMMERZBANK JUNGE ADR NEW,US2025976059,United States,otc_markets_stock_screener,1,1,2,weak_abbreviation_or_truncation_review,medium,review_before_metadata_update
OTC::CSCMY,CSCMY,OTC,Stock,COSCO SHIPPING International (Singapore) Co. Ltd,COSCO SHP INT LTD S/ADR,,United States,otc_markets_stock_screener,1,4,3,weak_abbreviation_or_truncation_review,medium,review_before_metadata_update
OTC::CSPKF,CSPKF,OTC,Stock,COSCO SHIPPING Ports Limited,COSCO PACIFIC LTD ORD,US22112B1044,United States,otc_markets_stock_screener,1,3,2,weak_abbreviation_or_truncation_review,medium,review_before_metadata_update
OTC::CSSPF,CSSPF,OTC,Stock,Circassia Group Plc,NIOX GROUP PLC,,United States,otc_markets_stock_screener,1,2,2,weak_abbreviation_or_truncation_review,medium,review_before_metadata_update
OTC::CUTLF,CUTLF,OTC,Stock,Canadian Utilities Limited,CANADIAN UTILITIS PREF EE,CA1367178326,Canada,otc_markets_stock_screener,1,2,4,weak_abbreviation_or_truncation_review,medium,review_before_metadata_update
OTC::CVONF,CVONF,OTC,Stock,Carnarvon Petroleum Limited,CARNARVON ENERGY LIMITED,,United States,otc_markets_stock_screener,1,2,2,weak_abbreviation_or_truncation_review,medium,review_before_metadata_update
OTC::CVOSF,CVOSF,OTC,Stock,Coveo Solutions Inc.,COVEO SOLTINS INC SUB VTG,CA22289D1078,Canada,otc_markets_stock_screener,1,2,4,weak_abbreviation_or_truncation_review,medium,review_before_metadata_update
OTC::CVPBF,CVPBF,OTC,Stock,CP ALL Public Company Limited,C.P. ALL PCL FGN REG SHS,TH0737010Y16,Thailand,otc_markets_stock_screener,1,3,4,weak_abbreviation_or_truncation_review,medium,review_before_metadata_update
OTC::CVWFF,CVWFF,OTC,Stock,CVW CleanTech Inc,CVW SUSTAINABLE ROYALTIES,AU000000CVW9,Australia,otc_markets_stock_screener,1,2,3,weak_abbreviation_or_truncation_review,medium,review_before_metadata_update
OTC::CWESF,CWESF,OTC,Stock,Canadian Western Bank,CANADIAN WSTN BK PFD 5,,United States,otc_markets_stock_screener,2,3,4,weak_abbreviation_or_truncation_review,medium,review_before_metadata_update
OTC::CYSM,CYSM,OTC,Stock,Community Bancorp of Santa Maria,COMMUTY BANCORP SAN MAR,US20344R1032,United States,otc_markets_stock_screener,1,4,4,weak_abbreviation_or_truncation_review,medium,review_before_metadata_update
OTC::DCNSF,DCNSF,OTC,Stock,Dai-ichi Life Holdings Inc,DAIICHI LIFE GROUP INC,JP3476480003,Japan,otc_markets_stock_screener,1,4,3,weak_abbreviation_or_truncation_review,medium,review_before_metadata_update
OTC::DEUZF,DEUZF,OTC,Stock,DEUTZ Aktiengesellschaft,DEUTZ AG AKT,DE0006305006,Germany,otc_markets_stock_screener,1,1,2,weak_abbreviation_or_truncation_review,medium,review_before_metadata_update
OTC::DIFTY,DIFTY,OTC,Stock,Daito Trust Construction Co,DAITO TR CONSTR SP/ADR,US23405X2099,United States,otc_markets_stock_screener,1,3,4,weak_abbreviation_or_truncation_review,medium,review_before_metadata_update
OTC::DLICY,DLICY,OTC,Stock,Dai-ichi Life Holdings Inc,DAIICHI LIFE GP INC U/ADR,JP3476480003,Japan,otc_markets_stock_screener,1,4,3,weak_abbreviation_or_truncation_review,medium,review_before_metadata_update
OTC::DPXCF,DPXCF,OTC,Stock,DelphX Capital Markets Inc,DELPHX CAP MKTS INC,CA24721L1013,Canada,otc_markets_stock_screener,1,3,3,weak_abbreviation_or_truncation_review,medium,review_before_metadata_update
OTC::EDDYF,EDDYF,OTC,Stock,Edison Cobalt Corp,EDISON LITHIUM CORP,CA28088P1009,Canada,otc_markets_stock_screener,1,2,2,weak_abbreviation_or_truncation_review,medium,review_before_metadata_update
OTC::EEMMF,EEMMF,OTC,Stock,E3 Metals Corp,E3 LITHIUM LTD,CA26925V1085,Canada,otc_markets_stock_screener,1,2,2,weak_abbreviation_or_truncation_review,medium,review_before_metadata_update
OTC::ELLXF,ELLXF,OTC,Stock,Elixinol Global Ltd,ELIXINOL WELLNESS LTD,AU000000EXL4,Australia,otc_markets_stock_screener,1,2,2,weak_abbreviation_or_truncation_review,medium,review_before_metadata_update
OTC::ELRXF,ELRXF,OTC,Stock,AB Electrolux (publ),AKTIEBOLAGET ELECTROLUX B,SE0016589188,Sweden,otc_markets_stock_screener,1,1,2,weak_abbreviation_or_truncation_review,medium,review_before_metadata_update
OTC::EOPSF,EOPSF,OTC,Stock,Electro Optic Systems Holdings Limited,ELECTRO OPIC SYS LTD ORD,,United States,otc_markets_stock_screener,1,4,3,weak_abbreviation_or_truncation_review,medium,review_before_metadata_update
OTC::EPIAF,EPIAF,OTC,Stock,Epiroc AB (publ),EPIROC AKTIEBOLAG SH AK A,US29429L1052,United States,otc_markets_stock_screener,1,1,4,weak_abbreviation_or_truncation_review,medium,review_before_metadata_update
OTC::EPIPF,EPIPF,OTC,Stock,Epiroc AB (publ),EPIROC AKTIEBOLAG SH AK B,US29429L1052,United States,otc_markets_stock_screener,1,1,4,weak_abbreviation_or_truncation_review,medium,review_before_metadata_update
OTC::EQBBF,EQBBF,OTC,Stock,EQT AB (publ),EQT AB SHARE AK,SE0012853455,Sweden,otc_markets_stock_screener,1,1,3,weak_abbreviation_or_truncation_review,medium,review_before_metadata_update
OTC::ERAO,ERAO,OTC,Stock,Energy Revenue Amer,ENERGY RESOURCE ABUNDANCE,US29272F1066,United States,otc_markets_stock_screener,1,3,3,weak_abbreviation_or_truncation_review,medium,review_before_metadata_update
OTC::ESLOY,ESLOY,OTC,Stock,Essilor International SA,ESSILOR LXTTCA UNSP/ADR,US2972842007,United States,otc_markets_stock_screener,1,2,2,weak_abbreviation_or_truncation_review,medium,review_before_metadata_update
OTC::ETTYF,ETTYF,OTC,Stock,Essity AB (publ),ESSITY AKTIEBOLAG ORD,SE0009922164,Sweden,otc_markets_stock_screener,1,1,2,weak_abbreviation_or_truncation_review,medium,review_before_metadata_update
OTC::EVGGF,EVGGF,OTC,Stock,Evolution AB (publ),EVOLUTION GAMING,SE0012673267,Sweden,otc_markets_stock_screener,1,1,2,weak_abbreviation_or_truncation_review,medium,review_before_metadata_update
OTC::EVMNY,EVMNY,OTC,Stock,Evolution Mining Limited,EVOLUTION MIN UNSP/ADR,AU000000EVN4,Australia,otc_markets_stock_screener,1,2,2,weak_abbreviation_or_truncation_review,medium,review_before_metadata_update
OTC::FABP,FABP,OTC,Stock,Farmers Bancorp (Frankfort IN),FRMRS BANCORP (IND),US30887A1025,United States,otc_markets_stock_screener,1,4,3,weak_abbreviation_or_truncation_review,medium,review_before_metadata_update
OTC::FCMGF,FCMGF,OTC,Stock,Firm Capital Mortgage Investment Corporation,FIRM CAP MTG INVST CORP,CA3183231024,Canada,otc_markets_stock_screener,1,4,4,weak_abbreviation_or_truncation_review,medium,review_before_metadata_update
OTC::FDVA,FDVA,OTC,Stock,Freedom Bank of Virginia,FREEDOM FINL HLDGS INC,US35633M1027,United States,otc_markets_stock_screener,1,3,3,weak_abbreviation_or_truncation_review,medium,review_before_metadata_update
OTC::FFXDF,FFXDF,OTC,Stock,Fairfax India Holdings Corporation,AIRFAX INDIA HLDG CRP ORD,CA3038971022,Canada,otc_markets_stock_screener,1,3,4,weak_abbreviation_or_truncation_review,medium,review_before_metadata_update
OTC::FLMNY,FLMNY,OTC,Stock,Fielmann Aktiengesellschaft,FIELMANN GROUP AG  U/ADR,US31660D1072,United States,otc_markets_stock_screener,1,1,2,weak_abbreviation_or_truncation_review,medium,review_before_metadata_update
OTC::FMBN,FMBN,OTC,Stock,Farmers & Merchants Bancshares Inc. (Burlington IA),FRMRS&MER BNCSHS IOWA,US3077961023,United States,otc_markets_stock_screener,1,5,4,weak_abbreviation_or_truncation_review,medium,review_before_metadata_update
OTC::FMCKI,FMCKI,OTC,Stock,Federal Hme 6.55 Pf,FEDERAL HOME LOAN MORTGAGE CORP,US3134006408,United States,otc_markets_stock_screener|sec_company_tickers_exchange,1,4,4,weak_abbreviation_or_truncation_review,medium,review_before_metadata_update
OTC::FPAFY,FPAFY,OTC,Stock,First Pacific Company Ltd,FIRST PAC CO LTD S/ADR,US3358892004,United States,otc_markets_stock_screener,1,2,2,weak_abbreviation_or_truncation_review,medium,review_before_metadata_update
OTC::FPBC,FPBC,OTC,Stock,Friendly Hills Bancorp,FIRST PACIFIC BANCORP,US35847F1093,United States,otc_markets_stock_screener,1,3,3,weak_abbreviation_or_truncation_review,medium,review_before_metadata_update
OTC::FUAPF,FUAPF,OTC,Stock,Global Cannabis Applications Corp,GLOBAL COMPLIANCE APP CRP,CA37960T1066,Canada,otc_markets_stock_screener,1,3,4,weak_abbreviation_or_truncation_review,medium,review_before_metadata_update
OTC::FWEDF,FWEDF,OTC,Stock,Fireweed Zinc Ltd,FIREWEED METALS CORP,CA31832Q1019,Canada,otc_markets_stock_screener,1,2,2,weak_abbreviation_or_truncation_review,medium,review_before_metadata_update
OTC::GBBLF,GBBLF,OTC,Stock,Global Energy Ventures Ltd,PROVARIS ENERGY LTD,AU000000GEV8,Australia,otc_markets_stock_screener,1,3,2,weak_abbreviation_or_truncation_review,medium,review_before_metadata_update
OTC::GDDFF,GDDFF,OTC,Stock,Goodfood Market Corp,GOODFOOD MKT CORP,CA38217M1005,Canada,otc_markets_stock_screener,1,2,2,weak_abbreviation_or_truncation_review,medium,review_before_metadata_update
OTC::GECSF,GECSF,OTC,Stock,Global Education Communities Corp.,GLOBAL ED CMNTYS CORP,CA37961F1053,Canada,otc_markets_stock_screener,1,3,3,weak_abbreviation_or_truncation_review,medium,review_before_metadata_update
OTC::GGDVY,GGDVY,OTC,Stock,Guangdong Investment Ltd,GUANGDONG INV UNSP/ADR,US4006542082,United States,otc_markets_stock_screener,1,2,2,weak_abbreviation_or_truncation_review,medium,review_before_metadata_update
OTC::GMELF,GMELF,OTC,Stock,GOME Retail Holdings Limited,GOME ELEC APP HLDG ORD,BMG3978C1249,Bermuda,otc_markets_stock_screener,1,3,4,weak_abbreviation_or_truncation_review,medium,review_before_metadata_update
OTC::GMVHY,GMVHY,OTC,Stock,Entain DRC PLC,ENTAIN PLC UNSP/ADR,US2936031069,United States,otc_markets_stock_screener,1,2,1,weak_abbreviation_or_truncation_review,medium,review_before_metadata_update
OTC::GNGBY,GNGBY,OTC,Stock,Getinge Industrier AB,GETINGE AB UNSP/ADR,US37427X1046,United States,otc_markets_stock_screener,1,2,1,weak_abbreviation_or_truncation_review,medium,review_before_metadata_update
OTC::GVLMY,GVLMY,OTC,Stock,Greenvale Mining Limited,GREENVALE ENERGY UNS/ADR,CNE100000338,China,otc_markets_stock_screener,1,2,2,weak_abbreviation_or_truncation_review,medium,review_before_metadata_update
OTC::GYYMF,GYYMF,OTC,Stock,The Gym Group plc,GYM GRP PLC ORD GBPO.0001,GB00BZBX0P70,United Kingdom,otc_markets_stock_screener,2,3,4,weak_abbreviation_or_truncation_review,medium,review_before_metadata_update
OTC::GZPHF,GZPHF,OTC,Stock,Guangzhou Baiyunshan Pharmaceutical Holdings Company Limited,GUANGZHOU PHARM CO ORD,,United States,otc_markets_stock_screener,1,4,2,weak_abbreviation_or_truncation_review,medium,review_before_metadata_update
OTC::HELOF,HELOF,OTC,Stock,Winshear Gold Corp,WINSHEAR METALS CORP,,United States,otc_markets_stock_screener,1,2,2,weak_abbreviation_or_truncation_review,medium,review_before_metadata_update
OTC::HLDVF,HLDVF,OTC,Stock,Henderson Land,HENDERSON LD DEV CO LTD,HK0012000102,Hong Kong,otc_markets_stock_screener,1,2,3,weak_abbreviation_or_truncation_review,medium,review_before_metadata_update
OTC::HLPXF,HLPXF,OTC,Stock,HELLENiQ ENERGY Holdings S.A.,HELLENIQ ENGY HLDGS GDR,US4233232036,United States,otc_markets_stock_screener,2,3,4,weak_abbreviation_or_truncation_review,medium,review_before_metadata_update
OTC::HMFAF,HMFAF,OTC,Stock,Hammond Manufacturing Company Limited,HAMMOND MFG LTD A,CA40851T1021,Canada,otc_markets_stock_screener,1,2,2,weak_abbreviation_or_truncation_review,medium,review_before_metadata_update
OTC::HMLN,HMLN,OTC,Stock,Hamlin Bank and Trust Company,HAMLIN BK&TR SMETHPORT PA,US4082161096,United States,otc_markets_stock_screener,2,4,4,weak_abbreviation_or_truncation_review,medium,review_before_metadata_update
OTC::HOYFF,HOYFF,OTC,Stock,Huhtamäki Oyj,HUHTAMAKI OY SER 1,FI0009000459,Finland,otc_markets_stock_screener,1,2,3,weak_abbreviation_or_truncation_review,medium,review_before_metadata_update
OTC::HURRY,HURRY,OTC,Stock,Hürriyet Gazetecilik ve Matbaacilik A.S.,HURRIYET GAZETE UNSP/ADR,,United States,otc_markets_stock_screener,1,4,2,weak_abbreviation_or_truncation_review,medium,review_before_metadata_update
OTC::HVRRF,HVRRF,OTC,Stock,Hannover Rück SE,HANNOVER RE SHS,US4106931052,United States,otc_markets_stock_screener,1,2,2,weak_abbreviation_or_truncation_review,medium,review_before_metadata_update
OTC::HZLIF,HZLIF,OTC,Stock,Hertz Lithium Inc.,HERTZ ENERGY INC,CA42804X2068,Canada,otc_markets_stock_screener,1,2,2,weak_abbreviation_or_truncation_review,medium,review_before_metadata_update
OTC::IDCBY,IDCBY,OTC,Stock,Industrial and Commercial Bank of China,INDUSTRIAL & COM UNSP/ADR,US4558071076,United States,otc_markets_stock_screener,1,5,2,weak_abbreviation_or_truncation_review,medium,review_before_metadata_update
OTC::IDGXF,IDGXF,OTC,Stock,Integrated Diagnostics Holdings plc,INTEGRATED DIGNSICS NEW,JE00BLKGSR75,Jersey,otc_markets_stock_screener,1,3,2,weak_abbreviation_or_truncation_review,medium,review_before_metadata_update
OTC::IFTPF,IFTPF,OTC,Stock,Intact Financial Corporation,INTACT FNCL PREF A 7,,United States,otc_markets_stock_screener,1,2,3,weak_abbreviation_or_truncation_review,medium,review_before_metadata_update
OTC::INFFF,INFFF,OTC,Stock,Intact Financial Corporation,INTACT FNCL PREF A 5,,United States,otc_markets_stock_screener,1,2,3,weak_abbreviation_or_truncation_review,medium,review_before_metadata_update
OTC::INND,INND,OTC,Stock,Innerscope Advertising Agency Inc,INNERSCOPE HEARNG TECH,US45781P1049,United States,otc_markets_stock_screener,1,3,3,weak_abbreviation_or_truncation_review,medium,review_before_metadata_update
OTC::INTAF,INTAF,OTC,Stock,Intact Financial Corporation,INTACT FINANCL CP PFD A,,United States,otc_markets_stock_screener,1,2,4,weak_abbreviation_or_truncation_review,medium,review_before_metadata_update
OTC::IPGGF,IPGGF,OTC,Stock,Imperium Group Global Holdings Limited,IMPERIUM TECH GRP LTD,,United States,otc_markets_stock_screener,2,4,3,weak_abbreviation_or_truncation_review,medium,review_before_metadata_update
OTC::IRLTF,IRLTF,OTC,Stock,Intralot S.A. Integrated Lottery Systems and Services,BALLYS INTRALOT SA,GRS343313003,Greece,otc_markets_stock_screener,1,6,2,weak_abbreviation_or_truncation_review,medium,review_before_metadata_update
OTC::JGHAF,JGHAF,OTC,Stock,Jungheinrich Aktiengesellschaft,JUNGHEINRICH AG PFD ORD,US4818721098,United States,otc_markets_stock_screener,1,1,2,weak_abbreviation_or_truncation_review,medium,review_before_metadata_update
OTC::JNDAF,JNDAF,OTC,Stock,Jindalee Resources Limited,JINDALEE LITHIUM LTD,,United States,otc_markets_stock_screener,1,2,2,weak_abbreviation_or_truncation_review,medium,review_before_metadata_update
OTC::JRFIF,JRFIF,OTC,Stock,Japan Metropolitan Fund Investment Corporation,JAPAN MET FD INV CORP,,United States,otc_markets_stock_screener,1,4,4,weak_abbreviation_or_truncation_review,medium,review_before_metadata_update
OTC::JROOF,JROOF,OTC,Stock,Jericho Oil Corp,JERICHO ENERGY VENTURS,CA4763391063,Canada,otc_markets_stock_screener,1,2,3,weak_abbreviation_or_truncation_review,medium,review_before_metadata_update
OTC::JSAIY,JSAIY,OTC,Stock,J Sainsbury PLC OTC,J SAINSBURY PLC S/ADR,US4662492085,United States,otc_markets_stock_screener,1,2,1,weak_abbreviation_or_truncation_review,medium,review_before_metadata_update
OTC::JXHGF,JXHGF,OTC,Stock,ENEOS Holdings Inc,JX HOLDINGS INC ORD,JP3386450005,Japan,otc_markets_stock_screener,1,2,2,weak_abbreviation_or_truncation_review,medium,review_before_metadata_update
OTC::KEWL,KEWL,OTC,Stock,Keweenaw Land Association Limited,KEWEENAW LD ASSOC CTF INT,US4930261080,United States,otc_markets_stock_screener,1,3,5,weak_abbreviation_or_truncation_review,medium,review_before_metadata_update
OTC::KMFI,KMFI,OTC,Stock,The Keller Manufacturing Company Inc,KELLER MFG CO INC,US48767A2087,United States,otc_markets_stock_screener,1,3,2,weak_abbreviation_or_truncation_review,medium,review_before_metadata_update
OTC::KPCPY,KPCPY,OTC,Stock,Kasikornbank Public Co Ltd,KASIKORNBANK PCL UNSP/ADR,US4857851095,United States,otc_markets_stock_screener,1,2,2,weak_abbreviation_or_truncation_review,medium,review_before_metadata_update
OTC::KYHHY,KYHHY,OTC,Stock,Kyushu Railway Company,KYUSHU RY CO UNSP/ADR,JP3247010006,Japan,otc_markets_stock_screener,1,2,2,weak_abbreviation_or_truncation_review,medium,review_before_metadata_update
OTC::KYKOF,KYKOF,OTC,Stock,Kyowa Kirin Co. Ltd,"Kyowa Hakko Kogyo Co., Ltd.",JP3256000005,Japan,otc_markets_security_profile|otc_markets_stock_screener,1,2,3,weak_abbreviation_or_truncation_review,medium,review_before_metadata_update
OTC::KYKOY,KYKOY,OTC,Stock,"Kyowa Kirin Co., Ltd.",KYOWA HAKKO KOGY UNSP/ADR,US50156R1077,United States,otc_markets_stock_screener,1,2,3,weak_abbreviation_or_truncation_review,medium,review_before_metadata_update
OTC::KYRNF,KYRNF,OTC,Stock,"KYORIN Pharmaceutical Co., Ltd.",KYORIN CO LTD ORD,JP3247090008,Japan,otc_markets_stock_screener,1,2,1,weak_abbreviation_or_truncation_review,medium,review_before_metadata_update
OTC::LCOMF,LCOMF,OTC,Stock,Lifestyle Communities Limited,LIFESTYLE CMMTYS LTD,AU000000LIC9,Australia,otc_markets_stock_screener,1,2,2,weak_abbreviation_or_truncation_review,medium,review_before_metadata_update
OTC::LECRF,LECRF,OTC,Stock,Leocor Gold Inc,LEOCOR MNG INC,CA52637M1032,Canada,otc_markets_stock_screener,1,2,2,weak_abbreviation_or_truncation_review,medium,review_before_metadata_update
OTC::LEXTF,LEXTF,OTC,Stock,Lexston Life Sciences Corp,LEXSTON MINING CORP,CA52978C1023,Canada,otc_markets_stock_screener,1,3,2,weak_abbreviation_or_truncation_review,medium,review_before_metadata_update
OTC::LFABF,LFABF,OTC,Stock,Lifco AB (publ),LIFCO AB SHARE AK B,SE0015949201,Sweden,otc_markets_stock_screener,1,1,3,weak_abbreviation_or_truncation_review,medium,review_before_metadata_update
OTC::LINSA,LINSA,OTC,Stock,Life Insurance Company Of Alabama,LIFE INS CO ALA A,US5318642056,United States,otc_markets_stock_screener,1,3,3,weak_abbreviation_or_truncation_review,medium,review_before_metadata_update
OTC::LQWDF,LQWDF,OTC,Stock,LQwD FinTech Corp,LQWD TECHNOLOGIES CORP,CA5021541076,Canada,otc_markets_stock_screener,1,2,2,weak_abbreviation_or_truncation_review,medium,review_before_metadata_update
OTC::LRCDF,LRCDF,OTC,Stock,Laurentian Bank of Canada,LAURENTIAN BK CDA QUE,CA51925D1069,Canada,otc_markets_stock_screener,2,3,4,weak_abbreviation_or_truncation_review,medium,review_before_metadata_update
OTC::LVXFF,LVXFF,OTC,Stock,Leviathan Gold Ltd,LEVIATHAN METALS CORP,CA52737K2056,Canada,otc_markets_stock_screener,1,2,2,weak_abbreviation_or_truncation_review,medium,review_before_metadata_update
OTC::MAOIF,MAOIF,OTC,Stock,Manitou BF SA,MANITOU D F ORD,FR0000038606,France,otc_markets_stock_screener,1,2,1,weak_abbreviation_or_truncation_review,medium,review_before_metadata_update
OTC::MAOTF,MAOTF,OTC,Stock,Itissalat Al-Maghrib (IAM) S.A,MAROC TELECOM ITISSALAT,,United States,otc_markets_stock_screener,1,4,3,weak_abbreviation_or_truncation_review,medium,review_before_metadata_update
OTC::MCVEF,MCVEF,OTC,Stock,Medicover AB (publ),MEDICOVER AB SHARES AK B,SE0009778830,Sweden,otc_markets_stock_screener,1,1,3,weak_abbreviation_or_truncation_review,medium,review_before_metadata_update
OTC::MHVIY,MHVIY,OTC,Stock,Mitsubishi Heavy Industries Ltd,MITSUBISHI HVY IND U/ADR,US6067934041,United States,otc_markets_stock_screener,1,3,3,weak_abbreviation_or_truncation_review,medium,review_before_metadata_update
OTC::MKGAF,MKGAF,OTC,Stock,MERCK Kommanditgesellschaft auf Aktien,MERCK KGAA,US5893392093,United States,otc_markets_stock_screener,1,4,2,weak_abbreviation_or_truncation_review,medium,review_before_metadata_update
OTC::MMRGF,MMRGF,OTC,Stock,Minaurum Gold Inc,MINAURUM SILVER INC,CA60253E1079,Canada,otc_markets_stock_screener,1,2,2,weak_abbreviation_or_truncation_review,medium,review_before_metadata_update
OTC::MNMRF,MNMRF,OTC,Stock,Monumental Minerals Corp,MONUMENTAL ENERGY CORP,CA61534D1087,Canada,otc_markets_stock_screener,1,2,2,weak_abbreviation_or_truncation_review,medium,review_before_metadata_update
OTC::MONSF,MONSF,OTC,Stock,Montea Comm. VA,MONTEA SICAFI,BE0003853703,Belgium,otc_markets_stock_screener,1,1,2,weak_abbreviation_or_truncation_review,medium,review_before_metadata_update
OTC::MPCMF,MPCMF,OTC,Stock,Mapletree Pan Asia Commercial Trust,MAPLETREE PANASIA COML TR,,United States,otc_markets_security_profile|otc_markets_stock_screener,2,5,4,weak_abbreviation_or_truncation_review,medium,review_before_metadata_update
OTC::MPZAY,MPZAY,OTC,Stock,MIPS AB (publ),MIPS AB ADS,,United States,otc_markets_stock_screener,1,1,2,weak_abbreviation_or_truncation_review,medium,review_before_metadata_update
OTC::MRAAF,MRAAF,OTC,Stock,Murata Manufacturing Co. Ltd,MURATA MFG INC ORD,US6264251025,United States,otc_markets_stock_screener,1,2,2,weak_abbreviation_or_truncation_review,medium,review_before_metadata_update
OTC::MRAAY,MRAAY,OTC,Stock,Murata Manufacturing Inc,MURATA MFG INC UNSP/ADR,US6264251025,United States,otc_markets_stock_screener,1,2,2,weak_abbreviation_or_truncation_review,medium,review_before_metadata_update
OTC::MRCHF,MRCHF,OTC,Stock,H.U. Group Holdings Inc,MIRACA HOLDINGS INC ORD,JP3822000000,Japan,otc_markets_stock_screener,1,2,2,weak_abbreviation_or_truncation_review,medium,review_before_metadata_update
OTC::MURGY,MURGY,OTC,Stock,Muenchener Rueckver Ges,MUENCHENER RE GP UNSP/ADR,US6261881063,United States,otc_markets_stock_screener,1,3,3,weak_abbreviation_or_truncation_review,medium,review_before_metadata_update
OTC::MXTRF,MXTRF,OTC,Stock,Montero Mining and Exploration Ltd,MONTERO MNG & EXP LTD,CA6126484022,Canada,otc_markets_stock_screener,2,4,3,weak_abbreviation_or_truncation_review,medium,review_before_metadata_update
OTC::NACB,NACB,OTC,Stock,National Capital Bank of Washington,NATIONAL CAP BANCORP INC,US63518P1075,United States,otc_markets_stock_screener,1,4,3,weak_abbreviation_or_truncation_review,medium,review_before_metadata_update
OTC::NBKCF,NBKCF,OTC,Stock,National Bank of Canada,NATIONAL BK CDA PFD 38,CA6330671034,Canada,otc_markets_stock_screener,2,3,5,weak_abbreviation_or_truncation_review,medium,review_before_metadata_update
OTC::NICMF,NICMF,OTC,Stock,Nickel Mines Limited,NICKEL INDUSTRIES LTD,AU0000018236,Australia,otc_markets_stock_screener,1,2,2,weak_abbreviation_or_truncation_review,medium,review_before_metadata_update
OTC::NKRKF,NKRKF,OTC,Stock,Nokian Renkaat Oyj,NOKIAN TYRES PLC,US65528V1070,United States,otc_markets_stock_screener,1,3,2,weak_abbreviation_or_truncation_review,medium,review_before_metadata_update
OTC::NOURF,NOURF,OTC,Stock,Northern Minerals Limited,NORTHERN URANIUM LTD ORD,AU000000NTU4,Australia,otc_markets_stock_screener,1,2,2,weak_abbreviation_or_truncation_review,medium,review_before_metadata_update
OTC::NPTVF,NPTVF,OTC,Stock,Nippon Television Holdings Inc,NIPPON TV NETWORK,JP3732200005,Japan,otc_markets_stock_screener,1,3,3,weak_abbreviation_or_truncation_review,medium,review_before_metadata_update
OTC::NTOIF,NTOIF,OTC,Stock,Neste Oyj,NESTE OIL ORD,US64104Y1064,United States,otc_markets_stock_screener,1,2,2,weak_abbreviation_or_truncation_review,medium,review_before_metadata_update
OTC::OMVKY,OMVKY,OTC,Stock,OMV AG PK,OMV AG BEARER SHS S/ADR,US6708755094,United States,otc_markets_stock_screener,1,1,2,weak_abbreviation_or_truncation_review,medium,review_before_metadata_update
OTC::OONEF,OONEF,OTC,Stock,01 Communique Laboratory Inc,01 QUANTUM INC,,United States,otc_markets_stock_screener,1,3,2,weak_abbreviation_or_truncation_review,medium,review_before_metadata_update
OTC::OPHRF,OPHRF,OTC,Stock,Ophir Gold Corp.,OPHIR METALS CORP,CA68390C1086,Canada,otc_markets_stock_screener,1,2,2,weak_abbreviation_or_truncation_review,medium,review_before_metadata_update
OTC::OSOPF,OSOPF,OTC,Stock,Osotspa Public Company Limited,OSOTSPA PUB CO LTD,,United States,otc_markets_stock_screener,1,2,2,weak_abbreviation_or_truncation_review,medium,review_before_metadata_update
OTC::OUKPY,OUKPY,OTC,Stock,Metso Outotec Corp OTC,METSO OYJ UNSP/ADR,US5926721094,United States,otc_markets_stock_screener,1,3,2,weak_abbreviation_or_truncation_review,medium,review_before_metadata_update
OTC::PASMF,PASMF,OTC,Stock,Premier Miton Group plc,PREMIER ASSET MGMT GROUP,US7181721090,United States,otc_markets_stock_screener,2,3,4,weak_abbreviation_or_truncation_review,medium,review_before_metadata_update
OTC::PBFFF,PBFFF,OTC,Stock,Planet Based Foods Global Inc,PLANET BSED FD GBL VT,CA72703G2027,Canada,otc_markets_stock_screener,1,4,5,weak_abbreviation_or_truncation_review,medium,review_before_metadata_update
OTC::PRSNF,PRSNF,OTC,Stock,Personas Social Inc,KEEK SOCIAL INC,CA71534M1077,Canada,otc_markets_stock_screener,1,2,2,weak_abbreviation_or_truncation_review,medium,review_before_metadata_update
OTC::PSHZF,PSHZF,OTC,Stock,Pershing Square Holdings Ltd,PERSHING SQ HLD LTD REG S,GG00BPFJTF46,Guernsey,otc_markets_stock_screener,1,3,4,weak_abbreviation_or_truncation_review,medium,review_before_metadata_update
OTC::PTRVF,PTRVF,OTC,Stock,Petro Viking Energy Inc,AVILA ENERGY CORP,CA71646W5063,Canada,otc_markets_stock_screener,1,3,2,weak_abbreviation_or_truncation_review,medium,review_before_metadata_update
OTC::PWQQF,PWQQF,OTC,ETF,PowerShares Global Funds Ireland Public Limited Company - PowerShares EQQQ Nasdaq-100 UCITS ETF,INVESCO MKTS III PLC ETF,,United States,otc_markets_stock_screener,1,10,4,weak_abbreviation_or_truncation_review,medium,review_before_metadata_update
OTC::RICFY,RICFY,OTC,Stock,Recordati Industria Chimica e Farmaceutica S.p.A.,RECORDATI INDUST U/ADR,IT0003828271,Italy,otc_markets_stock_screener,1,4,2,weak_abbreviation_or_truncation_review,medium,review_before_metadata_update
OTC::RKWBF,RKWBF,OTC,Stock,ROCKWOOL International A/S,ROCKWOOL A S SER B,DK0010219153,Denmark,otc_markets_stock_screener|sec_company_tickers_exchange,1,2,2,weak_abbreviation_or_truncation_review,medium,review_before_metadata_update
OTC::RPNMF,RPNMF,OTC,Stock,Rapala VMC Corporation,Rapala Network Corp.,,United States,otc_markets_security_profile,1,2,2,weak_abbreviation_or_truncation_review,medium,review_before_metadata_update
OTC::RTLLF,RTLLF,OTC,Stock,RATIONAL Aktiengesellschaft,RATIONAL AG LNDSBERG,DE0007010803,Germany,otc_markets_stock_screener,1,1,2,weak_abbreviation_or_truncation_review,medium,review_before_metadata_update
OTC::SAGXF,SAGXF,OTC,Stock,AB Sagax (publ),AB SAGAX AK B,SE0005127818,Sweden,otc_markets_stock_screener,1,1,2,weak_abbreviation_or_truncation_review,medium,review_before_metadata_update
OTC::SBRKF,SBRKF,OTC,Stock,SpareBank 1 SR-Bank ASA,SPAREBANK 1 SOR NORGE ASA,NO0010631567,Norway,otc_markets_stock_screener,2,4,4,weak_abbreviation_or_truncation_review,medium,review_before_metadata_update
OTC::SCABY,SCABY,OTC,Stock,Svenska Cellulosa Aktiebolaget SCA (publ),SVENSKA CLLULSA UNSP/ADR,SE0013882560,Sweden,otc_markets_stock_screener,1,4,2,weak_abbreviation_or_truncation_review,medium,review_before_metadata_update
OTC::SDTHF,SDTHF,OTC,Stock,Sdiptech AB (publ),SDIPTECH AB SHARES AK B,SE0003756758,Sweden,otc_markets_stock_screener,1,1,3,weak_abbreviation_or_truncation_review,medium,review_before_metadata_update
OTC::SEBC,SEBC,OTC,Stock,Southeastern Banking Corp,SOESTRN BANKING CORP,US84158P1084,United States,otc_markets_stock_screener,1,2,2,weak_abbreviation_or_truncation_review,medium,review_before_metadata_update
OTC::SECYF,SECYF,OTC,Stock,Secure Energy Services Inc,SECURE WASTE INFRASTRUCTR,CA81373CAB87,Canada,otc_markets_stock_screener,1,3,3,weak_abbreviation_or_truncation_review,medium,review_before_metadata_update
OTC::SEQP,SEQP,OTC,Stock,Santana Equestrian Private Financial LLC,SANTANA EQSTRIAN PVT INC,US80285Y1038,United States,otc_markets_stock_screener,1,5,3,weak_abbreviation_or_truncation_review,medium,review_before_metadata_update
OTC::SGLFF,SGLFF,OTC,Stock,SGL Carbon SE,SGL GROUP ORD,DE0007235301,Germany,otc_markets_stock_screener,1,2,2,weak_abbreviation_or_truncation_review,medium,review_before_metadata_update
OTC::SHANF,SHANF,OTC,Stock,Shandong Molong Petroleum Machinery Company Limited,SHANDONG MOLOMG P/M H SHS,CNE1000001N1,China,otc_markets_stock_screener,1,4,2,weak_abbreviation_or_truncation_review,medium,review_before_metadata_update
OTC::SHANY,SHANY,OTC,Stock,Shandong Molong Petroleum Machinery Company Limited,SHANDONG MOL P/M UNSP/ADR,US81941T1088,United States,otc_markets_stock_screener,1,4,2,weak_abbreviation_or_truncation_review,medium,review_before_metadata_update
OTC::SIHBY,SIHBY,OTC,Stock,Shenzhen Investment Bay Area Co Ltd,SHENZHEN INVT HLDGS S/ADR,US8232191002,United States,otc_markets_stock_screener,1,4,3,weak_abbreviation_or_truncation_review,medium,review_before_metadata_update
OTC::SKSBF,SKSBF,OTC,Stock,Skanska AB (publ),SKANSKA AB B FREE,SE0000113250,Sweden,otc_markets_stock_screener,1,1,2,weak_abbreviation_or_truncation_review,medium,review_before_metadata_update
OTC::SKYZF,SKYZF,OTC,Stock,SkyCity Entertainment Group Limited,SKY CITY ENTMT GROUP LTD,NZSKCE0001S2,New Zealand,otc_markets_stock_screener,1,3,4,weak_abbreviation_or_truncation_review,medium,review_before_metadata_update
OTC::SMAYF,SMAYF,OTC,Stock,SIMEC Atlantis Energy Limited,AMPEAK ENERGY LTD,SG9999011118,Singapore,otc_markets_stock_screener,1,3,2,weak_abbreviation_or_truncation_review,medium,review_before_metadata_update
OTC::SMSMY,SMSMY,OTC,Stock,Sims Metal Management Ltd PK,SIMS LTD SP/ADR,US8291601008,United States,otc_markets_stock_screener,1,3,2,weak_abbreviation_or_truncation_review,medium,review_before_metadata_update
OTC::SNLC,SNLC,OTC,Stock,Security National Corporation,SECURITY NATL CP SIOUX CY,US8147841048,United States,otc_markets_stock_screener,1,2,5,weak_abbreviation_or_truncation_review,medium,review_before_metadata_update
OTC::SOUTF,SOUTF,OTC,Stock,Southern Cross Media Group Limited,SOUTHERN ENERGY CORP,CA8428133059,Canada,otc_markets_stock_screener,1,4,2,weak_abbreviation_or_truncation_review,medium,review_before_metadata_update
OTC::SPAIF,SPAIF,OTC,Stock,Sprout AI Inc,SPARC AI INC,,United States,otc_markets_stock_screener,1,2,2,weak_abbreviation_or_truncation_review,medium,review_before_metadata_update
OTC::SPOC,SPOC,OTC,Stock,Spectrum Technology Corporation,Spectrum Oil Corp.,,United States,otc_markets_security_profile,1,2,2,weak_abbreviation_or_truncation_review,medium,review_before_metadata_update
OTC::SPXSY,SPXSY,OTC,Stock,Spirax-Sarco Engineering PLC,SPIRAX GROUP PLC UNSP/ADR,US84857N1072,United States,otc_markets_stock_screener,1,3,2,weak_abbreviation_or_truncation_review,medium,review_before_metadata_update
OTC::SPXXF,SPXXF,OTC,Stock,SpareBank 1 Nord-Norge,SPAREBANKEN NORD PRIM CER,NO0006000801,Norway,otc_markets_stock_screener,1,3,4,weak_abbreviation_or_truncation_review,medium,review_before_metadata_update
OTC::SRLY,SRLY,OTC,Stock,Southern Realty Co,STHN REALTY CO CAL,US8437581031,United States,otc_markets_stock_screener,1,2,3,weak_abbreviation_or_truncation_review,medium,review_before_metadata_update
OTC::SRNN,SRNN,OTC,Stock,Southern Banc Company Inc,STHN BANC CO INC,US8422331087,United States,otc_markets_stock_screener,1,2,2,weak_abbreviation_or_truncation_review,medium,review_before_metadata_update
OTC::SSAAF,SSAAF,OTC,Stock,SSAB AB (publ),SSAB SWEDISH STEEL A,US78467D1037,United States,otc_markets_stock_screener,1,1,3,weak_abbreviation_or_truncation_review,medium,review_before_metadata_update
OTC::SSYRF,SSYRF,OTC,Stock,Sassy Resources Corporation,SASSY GOLD CORP,CA80387M2058,Canada,otc_markets_stock_screener,1,2,2,weak_abbreviation_or_truncation_review,medium,review_before_metadata_update
OTC::STBGY,STBGY,OTC,Stock,Scandinavian Tobacco Group A/S,SCANDINAVIAN TOB GP U/ADR,DK0060696300,Denmark,otc_markets_stock_screener,1,3,3,weak_abbreviation_or_truncation_review,medium,review_before_metadata_update
OTC::STMZF,STMZF,OTC,Stock,Scottish Mortgage Investment Trust PLC,SCOTTISH MTG INVT TR ORD,GB00BLDYK618,United Kingdom,otc_markets_stock_screener,1,4,4,weak_abbreviation_or_truncation_review,medium,review_before_metadata_update
OTC::SUIAF,SUIAF,OTC,Stock,Substrate AI S.A.,SUBSTRATE ARTIFICIAL INTL,ES0105650073,Spain,otc_markets_stock_screener,1,2,3,weak_abbreviation_or_truncation_review,medium,review_before_metadata_update
OTC::SUPCF,SUPCF,OTC,Stock,Supalai Public Company Limited,SUPALAI PCL NVDR,TH0371010Z05,Thailand,otc_markets_stock_screener,1,2,3,weak_abbreviation_or_truncation_review,medium,review_before_metadata_update
OTC::SUSTF,SUSTF,OTC,ETF,SSgA SPDR ETFs Europe II Public Limited Company - SPDR S&P U.S. Technology Select Sector UCITS ETF,SPDR S&P U S TECH SEL,,United States,otc_markets_stock_screener,1,11,3,weak_abbreviation_or_truncation_review,medium,review_before_metadata_update
OTC::SWRAY,SWRAY,OTC,Stock,Swire Pacific Ltd,SWIRE PAC LTD A S/ADR,US8707943028,United States,otc_markets_stock_screener,1,2,2,weak_abbreviation_or_truncation_review,medium,review_before_metadata_update
OTC::TBCRF,TBCRF,OTC,Stock,Timbercreek Financial Corp,TIMBERCREEK FNCL CORP,CA88709B1040,Canada,otc_markets_stock_screener,1,2,2,weak_abbreviation_or_truncation_review,medium,review_before_metadata_update
OTC::TFSVF,TFSVF,OTC,Stock,24SevenOffice Group AB (publ),DONE AI GROUP AB,,United States,otc_markets_stock_screener,1,2,3,weak_abbreviation_or_truncation_review,medium,review_before_metadata_update
OTC::THFRF,THFRF,OTC,Stock,Thai Union Group Public Company Limited,THAI UN GRP FOREIGN REG,TH0450010Y16,Thailand,otc_markets_stock_screener,2,4,5,weak_abbreviation_or_truncation_review,medium,review_before_metadata_update
OTC::THORF,THORF,OTC,Stock,Thor Mining PLC,THOR ENERGY PLC,GB00BRJ52319,United Kingdom,otc_markets_stock_screener,1,2,2,weak_abbreviation_or_truncation_review,medium,review_before_metadata_update
OTC::TLKMF,TLKMF,OTC,Stock,Telkom Indonesia (Persero) Tbk PT,PT TELEKOMUNICK IND B,ID1000129000,Indonesia,otc_markets_stock_screener,1,5,3,weak_abbreviation_or_truncation_review,medium,review_before_metadata_update
OTC::TNJIF,TNJIF,OTC,Stock,Tianjin Capital Environmental Protection Group Company Limited,TIANJIN CAP E/P GRP ORD,CNE1000004G9,China,otc_markets_stock_screener,2,5,3,weak_abbreviation_or_truncation_review,medium,review_before_metadata_update
OTC::TOPPY,TOPPY,OTC,Stock,Toppan Printing Ltd,TOPPAN HLDGS S/ADR,US8907473065,United States,otc_markets_stock_screener,1,2,2,weak_abbreviation_or_truncation_review,medium,review_before_metadata_update
OTC::TORVF,TORVF,OTC,Stock,Saint Jean Carbon Inc,VOLT CARBON TECHNOLOGIES,CA92873M1023,Canada,otc_markets_stock_screener,1,3,3,weak_abbreviation_or_truncation_review,medium,review_before_metadata_update
OTC::TTAPY,TTAPY,OTC,Stock,TTW Public Company Limited,TTW PCL UNSP/ADR,US87306N1072,United States,otc_markets_stock_screener,1,2,2,weak_abbreviation_or_truncation_review,medium,review_before_metadata_update
OTC::TTLXF,TTLXF,OTC,Stock,Tantalex Resources Corporation,TANTALEX LITHIUM RES CP,CA87588D1087,Canada,otc_markets_stock_screener,2,2,4,weak_abbreviation_or_truncation_review,medium,review_before_metadata_update
OTC::TVBCF,TVBCF,OTC,Stock,Television Broadcasts Limited,TELEVISION BRDCSTNG LTD,HK0000139300,Hong Kong,otc_markets_stock_screener,1,2,2,weak_abbreviation_or_truncation_review,medium,review_before_metadata_update
OTC::TVBCY,TVBCY,OTC,Stock,Television Broadcasts Ltd,TELEVISION BRDCSTNG S/ADR,US8795313092,United States,otc_markets_stock_screener,1,2,2,weak_abbreviation_or_truncation_review,medium,review_before_metadata_update
OTC::TVFCF,TVFCF,OTC,Stock,Télévision Française 1 Société anonyme,TELEVISION FRANCHISE,FR0000054900,France,otc_markets_stock_screener,1,4,2,weak_abbreviation_or_truncation_review,medium,review_before_metadata_update
OTC::TVLF,TVLF,OTC,Stock,Tennessee Valley Financial Holdings Inc,TENNESSEE VLY FINL HL INC,,United States,otc_markets_stock_screener,1,4,4,weak_abbreviation_or_truncation_review,medium,review_before_metadata_update
OTC::TYCB,TYCB,OTC,Stock,Taylor Calvin B Bksh,TAYLOR(CLVN B)BKG BRLN MD,US8768381035,United States,otc_markets_stock_screener,1,3,5,weak_abbreviation_or_truncation_review,medium,review_before_metadata_update
OTC::TYPMF,TYPMF,OTC,Stock,Tyro Payments Limited,TYRO PMTS LTD,AU0000066508,Australia,otc_markets_stock_screener,1,2,2,weak_abbreviation_or_truncation_review,medium,review_before_metadata_update
OTC::UBOH,UBOH,OTC,Stock,United Bancshares Inc,UNITED BNCSHS CLMBUS GRVE,US9094581017,United States,otc_markets_stock_screener,2,2,4,weak_abbreviation_or_truncation_review,medium,review_before_metadata_update
OTC::ULTXF,ULTXF,OTC,Stock,Ultra Resources Inc,ULTRA LITHIUM INC,CA90388C1068,Canada,otc_markets_stock_screener,1,2,2,weak_abbreviation_or_truncation_review,medium,review_before_metadata_update
OTC::UNHLF,UNHLF,OTC,Stock,Union Medical Healthcare Limited,EC HEALTHCARE HKD,KYG9320L1005,Cayman Islands,otc_markets_stock_screener,1,3,3,weak_abbreviation_or_truncation_review,medium,review_before_metadata_update
OTC::VEFFF,VEFFF,OTC,Stock,VEF AB (Publ),VEF AB SHARE AK,SE0016128151,Sweden,otc_markets_stock_screener,1,1,3,weak_abbreviation_or_truncation_review,medium,review_before_metadata_update
OTC::VGWEF,VGWEF,OTC,ETF,VANGUARD FUNDS PLC,VANGUARD FDS ALL WLD ETF,IE00BKX55T58,Ireland,otc_markets_stock_screener,1,2,5,weak_abbreviation_or_truncation_review,medium,review_before_metadata_update
OTC::VLKPF,VLKPF,OTC,Stock,Volkswagen AG VZO O.N.,VOLKSWAGEN AG PFD SHS,DE0007664039,Germany,otc_markets_stock_screener,1,2,2,weak_abbreviation_or_truncation_review,medium,review_before_metadata_update
OTC::VNGUF,VNGUF,OTC,ETF,Vanguard FTSE Emerging Markets UCITS,VANGUARD FDS MSCI EMRG,IE00B3VVMM84,Ireland,otc_markets_stock_screener,1,5,4,weak_abbreviation_or_truncation_review,medium,review_before_metadata_update
OTC::VNORP,VNORP,OTC,Stock,Vornado Realty Trust,VORNADO RLTY TR 6.50 A PR,US9290422081,United States,otc_markets_stock_screener,1,3,5,weak_abbreviation_or_truncation_review,medium,review_before_metadata_update
OTC::VNTA,VNTA,OTC,Stock,Ventana Biotech Inc,VENTANA GLOBAL INC,US92277F1093,United States,otc_markets_stock_screener,1,2,2,weak_abbreviation_or_truncation_review,medium,review_before_metadata_update
OTC::VOPKF,VOPKF,OTC,Stock,Koninklijke Vopak NV,VOPAK PAR ORD,NL0009432491,Netherlands,otc_markets_stock_screener,1,2,2,weak_abbreviation_or_truncation_review,medium,review_before_metadata_update
OTC::VRLAF,VRLAF,OTC,Stock,Verallia Société Anonyme,"VERALLIA,COURBEVOIE",,United States,otc_markets_stock_screener,1,3,2,weak_abbreviation_or_truncation_review,medium,review_before_metadata_update
OTC::WRLC,WRLC,OTC,Stock,Windrock Land Co,WINDROCK LD CO,US97349V1070,United States,otc_markets_stock_screener,1,2,2,weak_abbreviation_or_truncation_review,medium,review_before_metadata_update
OTC::WRTBF,WRTBF,OTC,Stock,Wärtsilä Oyj Abp,WARTSILA CORP B SHS,FI0009003727,Finland,otc_markets_stock_screener,1,3,1,weak_abbreviation_or_truncation_review,medium,review_before_metadata_update
OTC::WYGPY,WYGPY,OTC,Stock,Worley Parsons Ltd,WORLEY LTD UNSP/ADR,US98161Q1013,United States,otc_markets_stock_screener,1,2,1,weak_abbreviation_or_truncation_review,medium,review_before_metadata_update
OTC::XIAXF,XIAXF,OTC,Stock,Xiabuxiabu Catering Management (China) Holdings Co. Ltd,XIABUXIABU CATER MGMT,,United States,otc_markets_stock_screener,1,5,3,weak_abbreviation_or_truncation_review,medium,review_before_metadata_update
OTC::XJNGF,XJNGF,OTC,Stock,Xinjiang Goldwind Science & Technology Co. Ltd,GOLDWIND SCI&TECH CO H,CNE100000PP1,China,otc_markets_stock_screener,1,4,3,weak_abbreviation_or_truncation_review,medium,review_before_metadata_update
OTC::XNJJY,XNJJY,OTC,Stock,Xinjiang Goldwind Science & Technology Co. Ltd,GOLDWIND SCI&TECH CO ADR,US98421K1007,United States,otc_markets_stock_screener,1,4,3,weak_abbreviation_or_truncation_review,medium,review_before_metadata_update
OTC::YAMCY,YAMCY,OTC,Stock,Yamaha Corp DRC,YAMAHA CORP S/ADR,US9846271099,United States,otc_markets_stock_screener,1,2,1,weak_abbreviation_or_truncation_review,medium,review_before_metadata_update
OTC::YZCFF,YZCFF,OTC,Stock,Sinopec Oilfield Service Corporation,SINOPEC YIZ CHEM FIB CO L,CNE1000004D6,China,otc_markets_stock_screener,1,3,4,weak_abbreviation_or_truncation_review,medium,review_before_metadata_update
OTC::ZAIRF,ZAIRF,OTC,Stock,Zinc8 Energy Solutions Inc,ABOUND ENERGY INC,CA98959U1084,Canada,otc_markets_stock_screener,1,3,2,weak_abbreviation_or_truncation_review,medium,review_before_metadata_update
OTC::ZNZNF,ZNZNF,OTC,Stock,Zinzino AB (publ),ZINZINO HLDG AB ORD (B),SE0002480442,Sweden,otc_markets_stock_screener,1,1,2,weak_abbreviation_or_truncation_review,medium,review_before_metadata_update
