ticker,exchange,asset_type,name,figi_exch_code,openfigi_ticker,openfigi_name,openfigi_security_type,openfigi_isin,number_tokens_match,name_match,decision
2WAV3,B3,Stock,2W ECOBANK S.A.,BZ,,,,,False,False,no_openfigi_match
510720,SSE,ETF,Guotai Asset Management Co Ltd - Dividend Monthly ETF,CH,510720,GUOTAI SSE ST-OWNED ENTE DVD,ETP,,True,False,missing_isin
511260,SSE,ETF,Guotai SSE 10-Y Gov Bd ETF,CH,511260,SSE 10Y T-BOND ETF,ETP,,True,False,missing_isin
511600,SSE,ETF,华安日日鑫ETF,CH,511600,HUAAN RIRIXIN MONEY MARKET F,ETP,,True,False,missing_isin
511650,SSE,ETF,货币ETF华夏,CH,511650,CHINAAMC AMX EXP TRD MNY ETF,ETP,,True,False,missing_isin
511690,SSE,ETF,交易货币ETF大成,CH,511690,DACHENG TIANYI TRADED MMK-E,ETP,,True,False,missing_isin
511700,SSE,ETF,货币ETF平安,CH,511700,PINGAN-UOB TRADED MMK FUND-E,ETP,,True,False,missing_isin
511770,SSE,ETF,金鹰增益货币ETF,CH,511770,GOLDEN CASH PROFIT MMK-E,ETP,,True,False,missing_isin
511820,SSE,ETF,鹏华添利ETF,CH,511820,PENGHUA PROFIT ADDED MMK-B,ETP,,True,False,missing_isin
511830,SSE,ETF,货币ETF华泰柏瑞,CH,511830,HUATAI-PB TRADED MONEY MKT A,ETP,,True,False,missing_isin
511850,SSE,ETF,招商财富宝ETF,CH,511850,CH MERCHANTS CAIFUBAO MMK-E,ETP,,True,False,missing_isin
511860,SSE,ETF,货币ETF博时,CH,511860,BOSERA MARG RL TM TR MY MF-A,ETP,,True,False,missing_isin
511880,SSE,ETF,银华日利ETF,CH,511880,YINHUA TRADED MONEY MARKET,ETP,,True,False,missing_isin
511900,SSE,ETF,富国货币ETF,CH,511900,FULLGOAL SYB EXCH TRA MMKT H,ETP,,True,False,missing_isin
511930,SSE,ETF,货币ETF国联,CH,511930,GUOLIAN DAILY EARNING MMKF,ETP,,True,False,missing_isin
511950,SSE,ETF,添利货币ETF广发,CH,511950,GF TIANLI TRADED MONEY MMK F,ETP,,True,False,missing_isin
511960,SSE,ETF,货币ETF嘉实,CH,511960,HARVEST INSTI EXPRESS MMKT-H,ETP,,True,False,missing_isin
511980,SSE,ETF,货币ETF汇添富,CH,511980,CHINA UNIVERSAL TIANFUTONG-E,ETP,,True,False,missing_isin
512070,SSE,ETF,证券保险ETF易方达,CH,512070,E FUND CSI 300 FIN EX BA ETF,ETP,,False,False,missing_isin
512290,SSE,ETF,Guotai CSI Biomedicine ETF,CH,512290,GUOTAI CSI BIO-MEDICINE ETF,ETP,,True,False,missing_isin
512580,SSE,ETF,GF CSI Envirnmt Protect Inds ETF,CH,512580,GF CSI ENVIR PROTECT ETF,ETP,,True,True,missing_isin
512650,SSE,ETF,China Universal CSI Y-Rivdel int dev ETF,CH,512650,CHINA UNI CSI DELTA AREA ETF,ETP,,True,False,missing_isin
513050,SSE,ETF,E Fund CSI China Ovsea Net 50 QDII-ETF,CH,513050,EFUND OVERSEA INTERNET 50ETF,ETP,,True,False,missing_isin
513730,SSE,ETF,SOUTHEAST ASIA,CH,513730,HTPB SE ASIA+ TECH QDII,ETP,,True,False,missing_isin
513850,SSE,ETF,E FUND MSCI USA 50 ETF (QDII),CH,513850,EFD MSCI USA 50 ETF QDII,ETP,,True,False,missing_isin
515050,SSE,ETF,ChinaAMC CSI 5G Communication ETF,CH,515050,CHINAAMC SX CSI5G COMNCS ETF,ETP,,True,False,missing_isin
515060,SSE,ETF,China Asset Management Co. Ltd. - ChinaAMC CSI All Share Real Estate ETF Fund,CH,515060,CHINAAMC CSI QZ REAL EST ETF,ETP,,True,False,missing_isin
515070,SSE,ETF,China Asset Management Co. - Csi Artificial Intelligence Theme ETF Fund,CH,515070,CHINAAMC CSI AI THEME ETF,ETP,,True,False,missing_isin
515200,SSE,ETF,SWS MU Fund Management Co Ltd - SWS MU CSI Innovation 100 ETF,CH,515200,SWS MU CSI INNVT 100 ETF,ETP,,True,True,missing_isin
515210,SSE,ETF,Guotai CSI Ferrous Metals ETF,CH,515210,GT CSI FERROUS METALS ETF,ETP,,True,True,missing_isin
515770,SSE,ETF,China International Fund Management Co. Ltd. - Cifm Msci China A ETF,CH,515770,CIFM MSCI CHINA A ETF,ETP,,True,True,missing_isin
520550,SSE,ETF,China Merchants Fund Management Co. Ltd. - High Dividend Hk Equities Fund,CH,520550,CHI ME HN SN SC HI DV LW ETF,ETP,,True,False,missing_isin
560300,SSE,ETF,CHINA UNIVERSAL CSI TELECOMMUNICATIONS THEME ETF,CH,560300,CU CSI TELECOM THEMATIC ETF,ETP,,True,False,missing_isin
563330,SSE,ETF,A SHARES ETF,CH,563330,HTPB CSI CHINA A SHARE ETF,ETP,,True,False,missing_isin
588140,SSE,ETF,"Gf Fund Management Co.,Ltd - Gf Star 200 ETF",CH,588140,GF SSE SC-N-TEC IN B200 ETF,ETP,,True,False,missing_isin
588190,SSE,ETF,Yinhua SSE Tchnlgy Invtn Board 100 ETF,CH,588190,YH SSE SCI-TECH INN 100 ETF,ETP,,True,False,missing_isin
588210,SSE,ETF,E FUND SSE SCI-TECH INNOVATION BOARD 100 ETF,CH,588210,EFD SSE SCI TECH 100 ETF,ETP,,True,True,missing_isin
601956,SSE,Stock,Hubei Donper Electromechanical Group Co. Ltd.,CH,601956,HUBEI DONPER ELECTROMECHAN-A,Common Stock,,True,False,missing_isin
603091,SSE,Stock,ZX PACKING ORD A (SHH) EQSW Exp:,CH,603091,ZHEJIANG ZHONGXIN ENVIRONM-A,Common Stock,,True,False,missing_isin
603150,SSE,Stock,Anhui Higasket Plastics Co.Ltd.,CH,603150,ANHUI HIGASKET PLASTICS CO-A,Common Stock,,True,True,missing_isin
603207,SSE,Stock,XIAO FANG ORD A (SHH) EQSW Exp:,CH,603207,SHANGHAI XIAO FANG PHARMAC-A,Common Stock,,True,False,missing_isin
603284,SSE,Stock,Anhui Linping Circular Dvlp Co,CH,603284,ANHUI LINPING CIRCULAR DEV-A,Common Stock,,True,True,missing_isin
603296,SSE,Stock,HUAQIN TECHNOLOGY LTD A,CH,603296,HUAQIN CO LTD-A,Common Stock,,True,False,missing_isin
605068,SSE,Stock,Mingxin Automotive Leather Co. Ltd.,CH,605068,MINGXIN NEW MATERICAL CO L-A,Common Stock,,True,False,missing_isin
688136,SSE,Stock,Shandong Kexing Bioproducts Co. Ltd. A,CH,688136,KEXING BIOPHARRM CO LTD-A,Common Stock,,True,False,missing_isin
688218,SSE,Stock,Jiangsu Beiren Robot System Co Ltd,CH,688218,JIANGSU BEIREN SMART MANUF-A,Common Stock,,True,False,missing_isin
688221,SSE,Stock,Frontier Biopharmaceuticals (Nanjing) Co. Ltd. A,CH,688221,FRONTIER BIOTECHNOLOGIES I-A,Common Stock,,True,False,missing_isin
688223,SSE,Stock,JinkoSolar Co. Ltd. A,CH,688223,JINKO SOLAR CO LTD-A,Common Stock,,True,False,missing_isin
688235,SSE,Stock,BeiGene Ltd.,CH,688235,BEONE MEDICINES LTD-A,Common Stock,,True,False,missing_isin
688450,SSE,Stock,AGIOE ORD A (SHH) EQSW Exp:,CH,688450,SUZHOU AGIOE TECHNOLOGIES -A,Common Stock,,True,False,missing_isin
688573,SSE,Stock,XINYUREN ORD A (SHH) EQSW Exp:,CH,688573,SHENZHEN XINYUREN TECHNOLO-A,Common Stock,,True,False,missing_isin
688592,SSE,Stock,COMNAV ORD A (SHH) EQSW Exp:,CH,688592,COMNAV TECHNOLOGY LTD-A,Common Stock,,True,False,missing_isin
688602,SSE,Stock,CHEMSPEC ORD A (SHH) EQSW Exp:,CH,688602,SHANGHAI CHEMSPEC CORP-A,Common Stock,,True,False,missing_isin
688603,SSE,Stock,Guangdong Skychem Technology Co. Ltd. A,CH,688603,SHANGHAI SKYCHEM TECHNOLOG-A,Common Stock,,True,False,missing_isin
688610,SSE,Stock,I-TEK ORD A (SHH) EQSW Exp:,CH,688610,HEFEI I-TEK OPTOELECTRONIC-A,Common Stock,,True,False,missing_isin
688615,SSE,Stock,INTSIG ORD A (SHH) EQSW Exp:,CH,688615,INTSIG INFORMATION CO LTD-A,Common Stock,,True,False,missing_isin
688638,SSE,Stock,UTIMES ORD A (SHH) EQSW Exp:,CH,688638,SHENZHEN UTIMES INTELLIGEN-A,Common Stock,,True,False,missing_isin
688646,SSE,Stock,YIFILASER ORD A (SHH) EQSW Exp:,CH,688646,WUHAN YIFI LASER CORP LTD-A,Common Stock,,True,False,missing_isin
688651,SSE,Stock,WEBRAY ORD A (SHH) EQSW Exp:,CH,688651,WEBRAY TECH GROUP INC-A,Common Stock,,True,False,missing_isin
688671,SSE,Stock,BESCIENT ORD A (SHH) EQSW Exp:,CH,688671,BESCIENT TECHNOLOGIES CO L-A,Common Stock,,True,False,missing_isin
688693,SSE,Stock,CONVERT ORD A (SHH) EQSW Exp:,CH,688693,SUZHOU CONVERT SEMICONDUCT-A,Common Stock,,True,False,missing_isin
688710,SSE,Stock,INNOSTAR ORD A (SHH) EQSW Exp:,CH,688710,SHANGHAI INNOSTAR BIO-TECH-A,Common Stock,,True,False,missing_isin
689009,SSE,Stock,Ninebot Ltd,CH,689009,NINEBOT LTD-CDR,Receipt,,True,False,missing_isin
A6OP3,B3,Stock,ACESSOPAR INVESTIMENTOS E PARTICIPAÇÕES S.A.,BZ,,,,,False,False,no_openfigi_match
AB-H,TSXV,Stock,Asbestos Corporation Limited,CN,,,,,False,False,no_openfigi_match
AC2,ASX,ETF,ALLIED CREDIT ABS TRUST 2025-1P,AT,,,,,False,False,no_openfigi_match
AC3,ASX,ETF,ALLIED CREDIT ABS TRUST 2025-2,AT,,,,,False,False,no_openfigi_match
AD-UN,TSX,Stock,Alaris Equity Partners Income Trust,CN,,,,,False,False,no_openfigi_match
AF2,ASX,ETF,ANGLE ASSET FINANCE - RADIAN TRUST 2025-1,AT,,,,,False,False,no_openfigi_match
AF4,ASX,ETF,AFG 2024-1 TRUST IN RESPECT OF SERIES 2024-1,AT,,,,,False,False,no_openfigi_match
AF5,ASX,ETF,AFG 2025-1NC TRUST IN RESPECT OF SERIES 2025-1NC,AT,,,,,False,False,no_openfigi_match
AF6,ASX,ETF,AFG 2025-1 TRUST IN RESPECT OF SERIES 2025-1,AT,,,,,False,False,no_openfigi_match
AF7,ASX,ETF,ANGLE ASSET FINANCE - RADIAN TRUST 2025-2,AT,,,,,False,False,no_openfigi_match
AFOF11,B3,ETF,Alianza Fofii Fundo De Investimento Imobiliario,BZ,,,,,False,False,no_openfigi_match
AFR,TSXV,Stock,AFR NuVenture Resources Inc.,CN,,,,,False,False,no_openfigi_match
AFV.P,TSXV,Stock,Apolo V Acquisition Corp.,CN,,,,,False,False,no_openfigi_match
AGBK4,B3,Stock,BANCO AGIBANK S.A.,BZ,,,,,False,False,no_openfigi_match
AGCX11,B3,ETF,FDO INV IMOB RIO BRAVO RENDA VAREJO - FII,BZ,,,,,False,False,no_openfigi_match
AGF,TSX,Stock,AGF Management Limited,CN,,,,,False,False,no_openfigi_match
AGMR,TSXV,Stock,Silver Mountain Resources Inc.,CN,AGMR,SILVER MOUNTAIN RESOURCES IN,Common Stock,,True,True,missing_isin
AGPL11,B3,ETF,MAGNETIS TEVA AÇÕES AGRONEGOCIO ETF FDO IND,BZ,,,,,False,False,no_openfigi_match
AGRA4,B3,Stock,AGRALE S/A,BZ,,,,,False,False,no_openfigi_match
AJA,TSXV,Stock,Aja Health and Wellness Inc.,CN,AJA,AJA HEALTH AND WELLNESS INC,Common Stock,,True,True,missing_isin
AMZG3,B3,Stock,AMAZONAS DISTRIBUIDORA DE ENERGIA S.A.,BZ,,,,,False,False,no_openfigi_match
AN3,ASX,Stock,AUSTRALIA AND NEW ZEALAND BANKING GROUP LIMITED.,AT,,,,,False,False,no_openfigi_match
AO2,ASX,ETF,APOLLO SERIES 2017-2 TRUST,AT,,,,,False,False,no_openfigi_match
AO3,ASX,ETF,APOLLO SERIES 2018-1 TRUST,AT,,,,,False,False,no_openfigi_match
AQLL11,B3,ETF,ÁQUILLA FDO INV IMOB - FII,BZ,,,,,False,False,no_openfigi_match
AQR.P,TSXV,Stock,Anquiro Ventures Ltd.,CN,,,,,False,False,no_openfigi_match
ARGH,TSXV,Stock,Argo Corporation,CN,ARGH,ARGO CORP,Common Stock,,True,False,missing_isin
ATEA3,B3,Stock,ATHENA SAUDE BRASIL S.A.,BZ,,,,,False,False,no_openfigi_match
AXO,TSXV,Stock,AXO Copper Corp.,CN,AXO,AXO METALS CORP,Common Stock,,True,False,missing_isin
BA2,ASX,ETF,SERIES 2019-1 REDS TRUST,AT,,,,,False,False,no_openfigi_match
BAL-H,TSXV,Stock,Balto Resources Ltd,CN,,,,,False,False,no_openfigi_match
BAQ.P,TSXV,Stock,Bluewater Acquisition Corp.,CN,,,,,False,False,no_openfigi_match
BBD,TSX,Stock,Bombardier Inc.,CN,,,,,False,False,no_openfigi_match
BCEE3,B3,Stock,BANCO BESA S/A,BZ,,,,,False,False,no_openfigi_match
BCEE5,B3,Stock,BANCO BESA S/A,BZ,,,,,False,False,no_openfigi_match
BCPS3,B3,Stock,CLARO S.A.,BZ,,,,,False,False,no_openfigi_match
BCPS4,B3,Stock,CLARO S.A.,BZ,,,,,False,False,no_openfigi_match
BEGB4,B3,Stock,BANCO BERJ S.A.,BZ,,,,,False,False,no_openfigi_match
BEK,TSX,Stock,Becker Milk Company Ltd. (The),CN,,,,,False,False,no_openfigi_match
BEK-B,TSX,Stock,Becker Milk Co Ltd Cl B Nv Spec (BEK-B.TO,CN,,,,,False,False,no_openfigi_match
BENZ,TSX,Stock,Mercedes-Benz CDR (CAD Hedged),CN,BENZ,MERCEDES-BENZ GROUP AG,Canadian DR,,True,True,missing_isin
BFFT3,B3,Stock,Bluefit Academias de Ginástica e Participações S.A,BZ,BFFT3,BLUEFIT ACADEMIAS DE GINASTI,Common Stock,,True,False,missing_isin
BGI-UN,TSX,Stock,Brookfield Global Infrastructure Securities Income Fund,CN,,,,,False,False,no_openfigi_match
BNAC3,B3,Stock,BANCO NACIONAL S/A,BZ,,,,,False,False,no_openfigi_match
BNAC4,B3,Stock,BANCO NACIONAL S/A,BZ,,,,,False,False,no_openfigi_match
BND.U,TSX,ETF,Purpose Global Bond Fund,CN,,,,,False,False,no_openfigi_match
BNRG3,B3,Stock,BRAZIL ENERGY S.A.,BZ,,,,,False,False,no_openfigi_match
BNXA,TSXV,Stock,Banxa Holdings Inc.,CN,,,,,False,False,no_openfigi_match
BOGO,TSXV,Stock,Borealis Mining Company Limited,CN,BOGO,BOREALIS MINING CO LTD,Common Stock,,True,True,missing_isin
BONE,TSXV,Stock,Boron One Holdings Inc.,CN,BONE,BORON ONE HOLDINGS INC,Common Stock,,True,True,missing_isin
BP1,ASX,Stock,BP CAPITAL MARKETS P.L.C.,AT,,,,,False,False,no_openfigi_match
BPF,TSX,ETF,Boston Pizza Royalties Income Fund,CN,,,,,False,False,no_openfigi_match
BPF-UN,TSX,Stock,Boston Pizza Royalties Income Fund,CN,,,,,False,False,no_openfigi_match
BPO,TSX,Stock,Brookfield Office Properties Inc.,CN,,,,,False,False,no_openfigi_match
BRBI3,B3,Stock,BRBI BR PARTNERS S.A.,BZ,,,,,False,False,no_openfigi_match
BRBI4,B3,Stock,BRBI BR PARTNERS S.A.,BZ,,,,,False,False,no_openfigi_match
BS1,ASX,ETF,BLUESTONE PRIME 2024-1 TRUST,AT,,,,,False,False,no_openfigi_match
BTB,TSX,ETF,BTB Real Estate Investment Trust,CN,,,,,False,False,no_openfigi_match
BTCC.J,TSX,ETF,Purpose Bitcoin ETF,CN,,,,,False,False,no_openfigi_match
BTCE11,B3,ETF,BITCOIN ETC KARDINAL FUNDO DE ÍNDICE – IE,BZ,,,,,False,False,no_openfigi_match
BTCO.B,TSX,ETF,Purpose Core Bitcoin ETF,CN,,,,,False,False,no_openfigi_match
BTCO.U,TSX,ETF,Purpose Core Bitcoin ETF,CN,,,,,False,False,no_openfigi_match
BTCX,TSX,ETF,CI Galaxy Bitcoin ETF,CN,BTCX,CI GALAXY BITCOIN ETF,ETP,,True,True,missing_isin
BVEN3,B3,Stock,BOA VISTA ENERGIA S.A.,BZ,,,,,False,False,no_openfigi_match
BW6,ASX,ETF,BLACKWATTLE SERIES RMBS TRUST NO.6,AT,,,,,False,False,no_openfigi_match
C1GT3,B3,Stock,CELG TRANSMISSÃO S.A. - CELG T,BZ,,,,,False,False,no_openfigi_match
C3RP3,B3,Stock,COTRASA PARTICIPACOES S.A.,BZ,,,,,False,False,no_openfigi_match
CATA3,B3,Stock,CIA INDUSTRIAL CATAGUASES,BZ,CATA3,CIA INDUSTRIAL CATAGUASES,Common Stock,,True,True,missing_isin
CATA4,B3,Stock,CIA INDUSTRIAL CATAGUASES,BZ,CATA4,CIA INDUSTRIAL CATAGUASES-PR,Preference,,True,True,missing_isin
CATR,TSX,Stock,Caterpillar CDR (CAD Hedged),CN,CATR,CATERPILLAR INC-CDR,Canadian DR,,True,True,missing_isin
CBOH3,B3,Stock,CBO HOLDING S.A.,BZ,,,,,False,False,no_openfigi_match
CCAT3,B3,Stock,COMFIO COMPANHIA CATARINENSE DE FIACAO,BZ,,,,,False,False,no_openfigi_match
CCAT4,B3,Stock,COMFIO COMPANHIA CATARINENSE DE FIACAO,BZ,,,,,False,False,no_openfigi_match
CCOM.B,TSX,ETF,CI Auspice Broad Commodity ETF - Unhedged Common Units Acc,CN,,,,,False,False,no_openfigi_match
CEAC3,B3,Stock,ENERGISA ACRE - DISTRIBUIDORA DE ENERGIA S.A,BZ,,,,,False,False,no_openfigi_match
CEAC4,B3,Stock,ENERGISA ACRE - DISTRIBUIDORA DE ENERGIA S.A,BZ,,,,,False,False,no_openfigi_match
CEAG3,B3,Stock,CIA DE ENTREPOSTOS E ARMAZENS GERAIS SP,BZ,,,,,False,False,no_openfigi_match
CEAL3,B3,Stock,EQUATORIAL ALAGOAS - DISTRIBUIDORA DE ENERGIA S.A.,BZ,,,,,False,False,no_openfigi_match
CEAL4,B3,Stock,EQUATORIAL ALAGOAS - DISTRIBUIDORA DE ENERGIA S.A.,BZ,,,,,False,False,no_openfigi_match
CEAP3,B3,Stock,COMPANHIA DE ELETRICIDADE DO AMAPÁ - CEA,BZ,,,,,False,False,no_openfigi_match
CEBD3,B3,Stock,Neoenergia Distribuicao Brasilia S.A,BZ,,,,,False,False,no_openfigi_match
CEEP3,B3,Stock,CIA EST. DE ENERG. ELETRICA PARTICIPAÇÕES CEEE-PAR,BZ,,,,,False,False,no_openfigi_match
CEGS,TSX,Stock,Constellation Energy CDR (CAD Hedged),CN,CEGS,CONSTELLATION ENERGY CORP,Canadian DR,,True,True,missing_isin
CERO3,B3,Stock,ENERGISA RONDONIA - DISTRIBUIDORA DE ENERGIA S/A,BZ,,,,,False,False,no_openfigi_match
CESA3,B3,Stock,CIA ESTADUAL DE SILOS E ARMAZENS,BZ,,,,,False,False,no_openfigi_match
CFHO3,B3,Stock,CARVALHO HOLDINGS SA,BZ,,,,,False,False,no_openfigi_match
CFHO4,B3,Stock,CARVALHO HOLDINGS SA,BZ,,,,,False,False,no_openfigi_match
CGOS3,B3,Stock,EQUATORIAL GOIAS DISTRIBUIDORA DE ENERGIA S/A,BZ,,,,,False,False,no_openfigi_match
CHCL.B,TSX,ETF,CI Global Healthcare Leaders Index ETF,CN,,,,,False,False,no_openfigi_match
CIU,TSX,Stock,CU Inc.,CN,,,,,False,False,no_openfigi_match
CLNT3,B3,Stock,CLARANET TECHNOLOGY S.A.,BZ,,,,,False,False,no_openfigi_match
CLUP,TSX,ETF,SavvyLong Geared Crude Oil ETF,CN,,,,,False,False,no_openfigi_match
CMGS,TSX,Stock,Chipotle CDR (CAD Hedged),CN,CMGS,CHIPOTLE MEXICAN GRILL INC,Canadian DR,,True,False,missing_isin
CMNS3,B3,Stock,CMN SOLUTIONS AO18 PARTICIPACOES S.A.,BZ,,,,,False,False,no_openfigi_match
CNCO,TSXV,Stock,Core Nickel Corp.,CN,,,,,False,False,no_openfigi_match
CNRT5,B3,Stock,CICANORTE IND CONSERVAS ALIMENTICIAS S.A,BZ,,,,,False,False,no_openfigi_match
COCN5,B3,Stock,CIA DE COCOS DO NORDESTE,BZ,,,,,False,False,no_openfigi_match
CONX3,B3,Stock,TRIPLE PLAY BRASIL PARTICIPAÇÕES S.A.,BZ,,,,,False,False,no_openfigi_match
COP-U,TSX,Stock,Sprott Physical Copper Trust,CN,COP-U,SPROTT PHYSICAL COPPER TRUST,Closed-End Fund,,True,True,missing_isin
COP-UN,TSX,Stock,Sprott Physical Copper Trust,CN,,,,,False,False,no_openfigi_match
CPCH3,B3,Stock,CAPITAL CENTER HOTEIS S.A.,BZ,,,,,False,False,no_openfigi_match
CPCH7,B3,Stock,CAPITAL CENTER HOTEIS S.A.,BZ,,,,,False,False,no_openfigi_match
CPIS12,B3,Stock,EQUATORIAL PIAUI DISTRIBUIDORA DE ENERGIA S.A,BZ,,,,,False,False,no_openfigi_match
CPIS3,B3,Stock,EQUATORIAL PIAUI DISTRIBUIDORA DE ENERGIA S.A,BZ,,,,,False,False,no_openfigi_match
CPIS4,B3,Stock,EQUATORIAL PIAUI DISTRIBUIDORA DE ENERGIA S.A,BZ,,,,,False,False,no_openfigi_match
CPNO7,B3,Stock,COPENOR - CIA PETROQUIMICA DO NORDESTE,BZ,,,,,False,False,no_openfigi_match
CPTS11B,B3,ETF,Capitania Securities II Fundo Investimento Imobiliario FII,BZ,,,,,False,False,no_openfigi_match
CRD,TSXV,Stock,Copper Road Resources Inc.,CN,CRD,COPPER ROAD RESOURCES INC,Common Stock,,True,True,missing_isin
CRML4,B3,Stock,CARBOMIL S.A.,BZ,,,,,False,False,no_openfigi_match
CRPC4,B3,Stock,CRP CADERI CAPITAL DE RISCO S/A,BZ,,,,,False,False,no_openfigi_match
CRTE3,B3,Stock,CONC RIO-TERESOPOLIS S.A.,BZ,CRTE3,CONCESSIONARIA RIO-TERESOPOL,Common Stock,,True,False,missing_isin
CRTE5,B3,Stock,CONC RIO-TERESOPOLIS S.A.,BZ,CRTE5,CONCESSIONARIA RIO-PREF A,Preference,,True,False,missing_isin
CSAL4,B3,Stock,CIA ABASTEC. D'AGUA E SAN. EST. ALAGOAS,BZ,,,,,False,False,no_openfigi_match
CSAM3,B3,Stock,COSAMA - CIA DE SANEAMENTO DA AMAZONIA,BZ,,,,,False,False,no_openfigi_match
CSAM4,B3,Stock,COSAMA - CIA DE SANEAMENTO DA AMAZONIA,BZ,,,,,False,False,no_openfigi_match
D10,ASX,ETF,DRIVER AUSTRALIA TEN TRUST,AT,,,,,False,False,no_openfigi_match
DA8,ASX,ETF,DRIVER AUSTRALIA EIGHT TRUST,AT,,,,,False,False,no_openfigi_match
DA9,ASX,ETF,DRIVER AUSTRALIA NINE TRUST,AT,,,,,False,False,no_openfigi_match
DAQ.P,TSXV,Stock,Dominus Acquisition Corp.,CN,,,,,False,False,no_openfigi_match
DASS3,B3,Stock,DASS NORDESTE CALÇADOS E ARTIGOS ESPORTIVOS SA,BZ,,,,,False,False,no_openfigi_match
DAY,TSX,Stock,"Dayforce, Inc.",CN,DAY,DAYFORCE INC,Common Stock,,True,True,missing_isin
DGC,TSXV,Stock,Daura Gold Corp.,CN,DGC,DAURA GOLD CORP,Common Stock,,True,True,missing_isin
DII-A,TSX,Stock,Dorel Industries Inc Cl.A Mv (DII-A.TO,CN,,,,,False,False,no_openfigi_match
DIR,TSX,ETF,Dream Industrial Real Estate Investment Trust,CN,,,,,False,False,no_openfigi_match
DLC,TSXV,Stock,DLC Holdings Corp.,CN,DLC,DLC HOLDINGS CORP,Common Stock,,True,False,missing_isin
DMN,ASX,Stock,DOMINION INVESTMENT GROUP LIMITED,AT,,,,,False,False,no_openfigi_match
DNEN3B,B3,Stock,DINAMICA ENERGIA S.A.,BZ,,,,,False,False,no_openfigi_match
DNTL,TSX,Stock,dentalcorp Holdings Ltd.,CN,,,,,False,False,no_openfigi_match
DTEN3,B3,Stock,DETEN QUIMICA S.A.,BZ,,,,,False,False,no_openfigi_match
DTEN6,B3,Stock,DETEN QUIMICA S.A.,BZ,,,,,False,False,no_openfigi_match
DXA,ASX,Stock,CAISSE FRANCAISE DE FINANCEMENT LOCAL,AT,,,,,False,False,no_openfigi_match
DXDU,TSX,ETF,Dynamic Active U.S. Discount Bond ETF,CN,,,,,False,False,no_openfigi_match
DXDU.U,TSX,ETF,Dynamic Active U.S. Discount Bond ETF,CN,,,,,False,False,no_openfigi_match
DXXI3,B3,Stock,DUXXI IMOBILIÁRIA S.A.,BZ,,,,,False,False,no_openfigi_match
E3XT3,B3,Stock,IMIFARMA PRODUTOS FARMACEUTICOS E COSMETICOS SA,BZ,,,,,False,False,no_openfigi_match
EBRK11,B3,ETF,INVESTO BLUESTAR US LISTED E-BROKERS ETF FDO INV,BZ,,,,,False,False,no_openfigi_match
EBTC,ASX,ETF,Global X 21Shares Bitcoin ETF,AT,,,,,False,False,no_openfigi_match
EBTL3,B3,Stock,EMBRATEL - EMPR.BRASILEIRA DE TELEC S.A.,BZ,,,,,False,False,no_openfigi_match
EC3S3,B3,Stock,ENERGETICA CORUMBA III S.A.,BZ,,,,,False,False,no_openfigi_match
EC3S4,B3,Stock,ENERGETICA CORUMBA III S.A.,BZ,,,,,False,False,no_openfigi_match
EESG3,B3,Stock,ENVIRONMENTAL ESG PARTICIPAÇÕES S.A.,BZ,EESG3,ENVIRONMENTAL ESG PARTICIPAC,Common Stock,,True,False,missing_isin
EGCE3,B3,Stock,ENERGISA GERACAO CENTRAIS EOLICAS RN S.A.,BZ,,,,,False,False,no_openfigi_match
EIRE.P,TSXV,ETF,Monaghan Capital Fund Ltd.,CN,,,,,False,False,no_openfigi_match
EIT,TSX,ETF,Canoe EIT Income Fund,CN,,,,,False,False,no_openfigi_match
ELBR4,B3,Stock,ELEBRA S/A ELETRONICA BRASILEIRA,BZ,,,,,False,False,no_openfigi_match
ELL,TSXV,Stock,Everybody Loves Languages Corp.,CN,ELL,EVERYBODY LOVES LANGUAGES CO,Common Stock,,True,True,missing_isin
EMBP3,B3,Stock,EMBRAPAR PARTICIPACOES S.A.,BZ,,,,,False,False,no_openfigi_match
EMBP4,B3,Stock,EMBRAPAR PARTICIPACOES S.A.,BZ,,,,,False,False,no_openfigi_match
ENAC3,B3,Stock,CIA ARMAZENS GERAIS ENTREPOSTOS DO ACRE,BZ,,,,,False,False,no_openfigi_match
EON,TSXV,Stock,EON Lithium Corp.,CN,EON,EON LITHIUM CORP,Common Stock,,True,True,missing_isin
EPTR4,B3,Stock,EMPR TURISMO DE PERNAMBUCO S.A. -EMPETUR,BZ,,,,,False,False,no_openfigi_match
ESGG11,B3,ETF,INVESTO FTSE US ALL CAP CHOICE ETF FDO INV IND IE,BZ,,,,,False,False,no_openfigi_match
ESGS3,B3,Stock,COMPANHIA DE GAS DO ESPIRITO SANTO - ES GAS,BZ,,,,,False,False,no_openfigi_match
ESGS4,B3,Stock,COMPANHIA DE GAS DO ESPIRITO SANTO - ES GAS,BZ,,,,,False,False,no_openfigi_match
ESSD3,B3,Stock,ENERGISA SUL-SUDESTE DISTRIBUIDORA DE ENERGIA S.A.,BZ,,,,,False,False,no_openfigi_match
ESSE5,B3,Stock,ESSENCIA AGROPECUARIA S.A.,BZ,,,,,False,False,no_openfigi_match
ETGO3,B3,Stock,EMPR DE TRANSP URBANO DO EST GOIAS S.A.,BZ,,,,,False,False,no_openfigi_match
ETGO4,B3,Stock,EMPR DE TRANSP URBANO DO EST GOIAS S.A.,BZ,,,,,False,False,no_openfigi_match
ETHH.F,TSX,ETF,Purpose Ether ETF,CN,,,,,False,False,no_openfigi_match
ETHH.V,TSX,ETF,Purpose Ether ETF,CN,,,,,False,False,no_openfigi_match
ETHI11,B3,ETF,IT NOW BLOOMBERG GALAXY ETHEREUM FUNDO DE ÍNDICE,BZ,,,,,False,False,no_openfigi_match
F8DF5,B3,Stock,FRIGORIFICO DIAS S/A - FRIGODIAS,BZ,,,,,False,False,no_openfigi_match
FAEL6,B3,Stock,FAE -FERRAGENS E APARELHOS ELETRICOS S.A,BZ,,,,,False,False,no_openfigi_match
FAEL7,B3,Stock,FAE -FERRAGENS E APARELHOS ELETRICOS S.A,BZ,,,,,False,False,no_openfigi_match
FAP,TSX,ETF,abrdn Asia-Pacific Income Fund VCC,CN,FAP,ABRDN ASIA-PACIFIC INCOME FU,Closed-End Fund,,True,True,missing_isin
FBT.F,TSX,ETF,First Trust NYSE Arca Biotechnology ETF - Hedged Units,CN,,,,,False,False,no_openfigi_match
FCA-U,TSXV,Stock,Firm Capital Apartment Real Estate Investment Trust,CN,FCA-U,FIRM CAPITAL APARTMENT REAL,REIT,,True,True,missing_isin
FCD,TSX,ETF,Firm Capital Property Trust,CN,,,,,False,False,no_openfigi_match
FCR,TSX,ETF,First Capital Real Estate Investment Trust,CN,,,,,False,False,no_openfigi_match
FCUV.U,TSX,ETF,Fidelity U.S. Value ETF,CN,,,,,False,False,no_openfigi_match
FETH.U,TSX,ETF,Fidelity Advantage Ether ETF,CN,,,,,False,False,no_openfigi_match
FFI-UN,TSX,ETF,Flaherty & Crumrine Investment Grade Fixed Income Fund,CN,,,,,False,False,no_openfigi_match
FGCC.P,TSXV,Stock,First and Goal Capital Corp.,CN,,,,,False,False,no_openfigi_match
FGRT5,B3,Stock,FRIGORIFICO REDENTOR S.A.,BZ,,,,,False,False,no_openfigi_match
FLOT.B,TSX,ETF,Purpose Floating Rate Income Fund - ETF Non-currency hedged CAD,CN,,,,,False,False,no_openfigi_match
FLT,TSXV,Stock,Volatus Aerospace Inc.,CN,FLT,VOLATUS AEROSPACE INC,Common Stock,,True,True,missing_isin
FM1,ASX,ETF,FIRSTMAC MORTGAGE FUNDING TRUST NO.4 SERIES 4-2019,AT,,,,,False,False,no_openfigi_match
FM2,ASX,ETF,FIRSTMAC MORTGAGE FUNDING TRUST NO.4 SERIES 2-2019,AT,,,,,False,False,no_openfigi_match
FM3,ASX,ETF,FIRSTMAC MORTGAGE FUNDING TRUST NO. 4 SERIES 1-2020,AT,,,,,False,False,no_openfigi_match
FM5,ASX,ETF,FIRSTMAC MORTGAGE FUNDING TRUST NO.4 SERIES 2-2020,AT,,,,,False,False,no_openfigi_match
FMNP3,B3,Stock,FIRMINOPOLIS TRANSMISSAO S.A.,BZ,,,,,False,False,no_openfigi_match
FMR,TSX,Stock,Future Mineral Resources Inc.,CN,FMR,FUTURE MINERAL RESOURCES INC,Common Stock,,True,True,missing_isin
FNUV3,B3,Stock,FENAUVA-FEIRA NAC DA UVA TUR E EMPR S.A.,BZ,,,,,False,False,no_openfigi_match
FRNV3,B3,Stock,CIA DE NAVEG DO SAO FRANCISCO - FRANAVE,BZ,,,,,False,False,no_openfigi_match
FTRC,TSXV,Stock,FUTR Corporation (The),CN,FTRC,FUTR CORP/THE,Common Stock,,True,False,missing_isin
FTRO3,B3,Stock,FRUTOS TROPICAIS S/A,BZ,,,,,False,False,no_openfigi_match
FWZ,TSXV,Stock,Fireweed Metals Corp.,CN,FWZ,FIREWEED METALS CORP,Common Stock,,True,True,missing_isin
GCG,TSX,Stock,Guardian Capital Group Limited,CN,,,,,False,False,no_openfigi_match
GENT3,B3,Stock,LG INFORMÁTICA S.A.,BZ,,,,,False,False,no_openfigi_match
GIUS,TSX,ETF,Guardian i3 U.S. Core Equity Fund,CN,GIUS,GUARDIAN I3 US CORE EQU F-CA,ETP,,True,False,missing_isin
GIUS.F,TSX,ETF,Guardian i3 U.S. Core Equity Fund,CN,,,,,False,False,no_openfigi_match
GLIN.P,TSXV,Stock,Global Investments Capital Corp.,CN,,,,,False,False,no_openfigi_match
GOWC.P,TSXV,Stock,Can-Gow Capital Inc.,CN,,,,,False,False,no_openfigi_match
GPLA5,B3,Stock,GEPLAN HOTEIS S.A.,BZ,,,,,False,False,no_openfigi_match
GQ,TSXV,Stock,Great Quest Gold Ltd.,CN,,,,,False,False,no_openfigi_match
GRD,TSXV,Stock,Grounded Lithium Corp.,CN,GRD,GROUNDED LITHIUM CORP,Common Stock,,True,True,missing_isin
GSKR,TSXV,Stock,Goldsky Resources Corp.,CN,GSKR,GOLDSKY RESOURCES CORP,Common Stock,,True,True,missing_isin
GTM.P,TSXV,Stock,G2M Cap Corp.,CN,,,,,False,False,no_openfigi_match
GUNI3,B3,Stock,GRUPO UNI.CO S.A.,BZ,,,,,False,False,no_openfigi_match
H2OO11,B3,ETF,TREND ETF NASDAQ WATER RESOURCE FDO INV DE ÍNDICE,BZ,,,,,False,False,no_openfigi_match
HC1,ASX,ETF,HOUSEHOLD CAPITAL 2025-1 RMBS TRUST,AT,,,,,False,False,no_openfigi_match
HCAR3,B3,Stock,HOSPITAL CARE CALEDONIA S.A.,BZ,,,,,False,False,no_openfigi_match
HDGE.U,TSX,ETF,Accelerate Absolute Return Fund,CN,,,,,False,False,no_openfigi_match
HEDA3,B3,Stock,HEDERA INVESTIMENTOS E PARTICIPAÇÕES S.A,BZ,,,,,False,False,no_openfigi_match
HISU,TSX,ETF,US High Interest Savings Account Fund Unhedged ETF,CN,,,,,False,False,no_openfigi_match
HLJP3,B3,Stock,HOTEL LAJE DE PEDRA S.A.,BZ,,,,,False,False,no_openfigi_match
HOAM5,B3,Stock,CIA TROPICAL DE HOTEIS DA AMAZONIA,BZ,,,,,False,False,no_openfigi_match
HOAM6,B3,Stock,CIA TROPICAL DE HOTEIS DA AMAZONIA,BZ,,,,,False,False,no_openfigi_match
HTTD,TSX,ETF,BetaPro US 30-Year T-Bond -3x Daily Bear ETF,CN,,,,,False,False,no_openfigi_match
HTTU,TSX,ETF,BetaPro US 30-Year T-Bond 3x Daily Bull ETF,CN,,,,,False,False,no_openfigi_match
HUS,TSX,ETF,Hamilton US Financials Dividend Index ETF - CDN$ Hedged Units,CN,,,,,False,False,no_openfigi_match
IBC-H,TSXV,Stock,International Bethlehem Mining Corp,CN,,,,,False,False,no_openfigi_match
ICBB,TSX,ETF,Invesco Global Bond ETF,CN,,,,,False,False,no_openfigi_match
ICBR3,B3,Stock,INTERCEMENT BRASIL S.A.,BZ,,,,,False,False,no_openfigi_match
ICGH,TSXV,Stock,IC Group Holdings Inc.,CN,ICGH,IC GROUP HOLDINGS INC,Common Stock,,True,False,missing_isin
ICI.P,TSXV,Stock,Inceptus Capital Ltd.,CN,,,,,False,False,no_openfigi_match
IF1,ASX,Stock,"IBERDROLA FINANZAS, S.A.U.",AT,,,,,False,False,no_openfigi_match
IGBT,TSX,ETF,2028 Investment Grade Bond Trust,CN,,,,,False,False,no_openfigi_match
IGBT-UN,TSX,Stock,2028 Investment Grade Bond Trust,CN,,,,,False,False,no_openfigi_match
IIP,TSX,ETF,InterRent Real Estate Investment Trust,CN,,,,,False,False,no_openfigi_match
IMBB11,B3,ETF,Etf Bradesco Ima-B Fundo De Indice,BZ,IMBB11,ETF BRADESCO IMA-B FUNDO DE,ETP,,True,True,missing_isin
INC-UN,TSX,Stock,Income Financial Trust,CN,,,,,False,False,no_openfigi_match
INDA11,B3,ETF,TREND ETF MSCI INDIA FDO DE INV DE ÍNDICE,BZ,,,,,False,False,no_openfigi_match
INGS,TSX,Stock,ING CDR (CAD Hedged),CN,INGS,ING GROEP NV,Canadian DR,,True,False,missing_isin
INIK,TSXV,Stock,Ionik Corporation,CN,INIK,IONIK CORP,Common Stock,,True,True,missing_isin
IPNN3,B3,Stock,TESTE IPN VS SA,BZ,,,,,False,False,no_openfigi_match
IVLG3B,B3,Stock,INVITEL LEGACY S.A.,BZ,,,,,False,False,no_openfigi_match
IVPR3B,B3,Stock,INVESTIMENTOS E PARTICIP. EM INFRA S.A. - INVEPAR,BZ,IVPR3B,INV E PART INFRA-EST-INVEPAR,Common Stock,,True,False,missing_isin
IVPR4B,B3,Stock,INVESTIMENTOS E PARTICIP. EM INFRA S.A. - INVEPAR,BZ,IVPR4B,INV E PART INFRA ESTRA-PREF,Preference,,True,False,missing_isin
IZ,TSXV,Stock,International Zeolite Corp.,CN,,,,,False,False,no_openfigi_match
JCBA6,B3,Stock,J C BARRETTO FERTILIZANTES S.A.,BZ,,,,,False,False,no_openfigi_match
JFS,TSX,ETF,JFT Strategies Fund,CN,,,,,False,False,no_openfigi_match
JHC,TSXV,Stock,Jinhua Capital Corporation,CN,JHC,JINHUA CAPITAL CORP,Common Stock,,True,True,missing_isin
KAC.P,TSXV,Stock,Kalon Acquisition Corp.,CN,,,,,False,False,no_openfigi_match
KALS5,B3,Stock,KA 2 LAUNDRY SERVICES S.A.,BZ,,,,,False,False,no_openfigi_match
KALU3,B3,Stock,KALUNGA S.A,BZ,,,,,False,False,no_openfigi_match
KFW,ASX,Stock,KFW,AT,,,,,False,False,no_openfigi_match
KI1,ASX,ETF,KINGFISHER TRUST 2019-1,AT,,,,,False,False,no_openfigi_match
KIG,ASX,ETF,KINGFISHER TRUST 2016-1,AT,,,,,False,False,no_openfigi_match
KLX,TSXV,Stock,Klimat X Developments Inc.,CN,KLX,CARBON DONE RIGHT DEVELOPMEN,Common Stock,,True,False,missing_isin
KTRI,TSXV,Stock,Kootenay Resources Inc.,CN,KTRI,KOOTENAY RESOURCES INC,Common Stock,,True,True,missing_isin
LAZT3,B3,Stock,LAGO AZUL TRANSMISSO S.A.,BZ,,,,,False,False,no_openfigi_match
LEAP,TSXV,Stock,Quantum Critical Metals Corp.,CN,LEAP,QUANTUM CRITICAL METALS CORP,Common Stock,,True,True,missing_isin
LI8,ASX,ETF,LION SERIES 2020-1 TRUST,AT,,,,,False,False,no_openfigi_match
LIRC,TSX,Stock,Lithium Royalty Corp.,CN,,,,,False,False,no_openfigi_match
LLG,TSXV,Stock,Mason Resources Inc.,CN,,,,,False,False,no_openfigi_match
LMED3,B3,Stock,LIFEMED INDUSTRIAL EQUIP. DE ART. MÉD. HOSP. S.A.,BZ,LMED3,LIFEMED INDUSTRIAL DE EQUIPA,Common Stock,,True,False,missing_isin
LN,TSX,Stock,Loncor Gold Inc.,CN,LN,LONCOR GOLD INC,Common Stock,,True,True,missing_isin
LN1,ASX,ETF,LION SERIES 2022-1 TRUST,AT,,,,,False,False,no_openfigi_match
LN2,ASX,ETF,LION SERIES 2023-1 TRUST,AT,,,,,False,False,no_openfigi_match
LN3,ASX,ETF,LION SERIES 2024-1 TRUST,AT,,,,,False,False,no_openfigi_match
LNGE,TSXV,Stock,LNG Energy Group Corp.,CN,LNGE,LNG ENERGY GROUP CORP,Common Stock,,True,True,missing_isin
LO1,ASX,Stock,LLOYDS BANKING GROUP PLC,AT,,,,,False,False,no_openfigi_match
LOGS3,B3,Stock,LOGASA INDUSTRIA E COMERCIO S.A.,BZ,,,,,False,False,no_openfigi_match
LOGS4,B3,Stock,LOGASA INDUSTRIA E COMERCIO S.A.,BZ,,,,,False,False,no_openfigi_match
LP1,ASX,Stock,LIBERTY PRIME SERIES 2021-1,AT,,,,,False,False,no_openfigi_match
LR1,ASX,ETF,LA TROBE FINANCIAL CAPITAL MARKETS TRUST 2023-1,AT,,,,,False,False,no_openfigi_match
LR3,ASX,ETF,LA TROBE FINANCIAL CAPITAL MARKETS TRUST 2024-1,AT,,,,,False,False,no_openfigi_match
LR4,ASX,ETF,LA TROBE FINANCIAL CAPITAL MARKETS TRUST 2023-2,AT,,,,,False,False,no_openfigi_match
LR5,ASX,ETF,LA TROBE FINANCIAL CAPITAL MARKETS TRUST 2024-2,AT,,,,,False,False,no_openfigi_match
LR6,ASX,ETF,LA TROBE FINANCIAL CAPITAL MARKETS TRUST 2024-3,AT,,,,,False,False,no_openfigi_match
LRC-H,TSXV,Stock,Lovitt Resources Inc,CN,,,,,False,False,no_openfigi_match
LSC.P,TSXV,Stock,Lombard Street Capital Corp.,CN,,,,,False,False,no_openfigi_match
LT9,ASX,ETF,LA TROBE FINANCIAL CAPITAL MARKETS TRUST 2022-2,AT,,,,,False,False,no_openfigi_match
LTEL3B,B3,Stock,LITEL PARTICIPACOES S.A.,BZ,LTEL3B,LITEL PARTICIPACOES SA,Common Stock,,True,True,missing_isin
LTLA3B,B3,Stock,LITELA PARTICIPAÇÕES S.A.,BZ,,,,,False,False,no_openfigi_match
MA2,ASX,Stock,MA CREDIT PORTFOLIO HOLDINGS LIMITED,AT,,,,,False,False,no_openfigi_match
MAQN3,B3,Stock,MAQUINA DE VENDAS BRASIL PARTICIPAÇÕES S.A.,BZ,,,,,False,False,no_openfigi_match
MAQN4,B3,Stock,MAQUINA DE VENDAS BRASIL PARTICIPAÇÕES S.A.,BZ,,,,,False,False,no_openfigi_match
MAR-UN,TSXV,Stock,Marwest Apartment Real Estate Investment Trust,CN,,,,,False,False,no_openfigi_match
MBL,ASX,Stock,MACQUARIE BANK LIMITED,AT,,,,,False,False,no_openfigi_match
MBRF11,B3,ETF,Fundo De Investimento Imobiliário Mercantil Do Brasil-fii -Inicio,BZ,,,,,False,False,no_openfigi_match
MDIN3,B3,Stock,MUNDIAL INC,BZ,,,,,False,False,no_openfigi_match
MDS,TSX,ETF,Healthcare Special Opportunities Fund,CN,,,,,False,False,no_openfigi_match
MDSI3,B3,Stock,MUNDIAL ASIA HONG KONG,BZ,,,,,False,False,no_openfigi_match
MF3,ASX,ETF,METRO FINANCE 2023-1 TRUST,AT,,,,,False,False,no_openfigi_match
MF4,ASX,ETF,METRO FINANCE 2024-1 TRUST,AT,,,,,False,False,no_openfigi_match
MF5,ASX,ETF,METRO FINANCE 2023-2 TRUST,AT,,,,,False,False,no_openfigi_match
MF6,ASX,ETF,METRO FINANCE 2025-1 TRUST,AT,,,,,False,False,no_openfigi_match
MGFB3,B3,Stock,M&G FIBRAS HOLDING S.A.,BZ,,,,,False,False,no_openfigi_match
MIC,TSX,Stock,Sagen MI Canada Inc.,CN,,,,,False,False,no_openfigi_match
MID-UN,TSX,Stock,MINT Income Fund,CN,,,,,False,False,no_openfigi_match
MKSS3,B3,Stock,MKS SOLUÇÕES INTEGRADAS S.A.,BZ,,,,,False,False,no_openfigi_match
ML2,ASX,ETF,MA MONEY RESIDENTIAL SECURITISATION TRUST 2025-1,AT,,,,,False,False,no_openfigi_match
MLO,TSXV,Stock,Metalero Mining Corp.,CN,MLO,METALERO MINING CORP,Common Stock,,True,True,missing_isin
MLY,TSXV,Stock,Multi-Metal Development Ltd.,CN,MLY,MULTI METAL DEVELOPMENT LTD,Common Stock,,True,True,missing_isin
MM2,ASX,ETF,MME AUTOPAY ABS 2024-1 TRUST,AT,,,,,False,False,no_openfigi_match
MM4,ASX,ETF,MME PL 2025-1 TRUST,AT,,,,,False,False,no_openfigi_match
MMBR3,B3,Stock,MAGNETI MARELLI DO BRASIL IND.COM S.A.,BZ,,,,,False,False,no_openfigi_match
MMBR4,B3,Stock,MAGNETI MARELLI DO BRASIL IND.COM S.A.,BZ,,,,,False,False,no_openfigi_match
MMCA3,B3,Stock,MAGNETI MARELLI COFAP AUTOPECAS S.A.,BZ,,,,,False,False,no_openfigi_match
MMCA4,B3,Stock,MAGNETI MARELLI COFAP AUTOPECAS S.A.,BZ,,,,,False,False,no_openfigi_match
MMCF3,B3,Stock,MAGNETI MARELLI COFAP-CIA FABR PECAS S/A,BZ,,,,,False,False,no_openfigi_match
MMCF4,B3,Stock,MAGNETI MARELLI COFAP-CIA FABR PECAS S/A,BZ,,,,,False,False,no_openfigi_match
MMP-UN,TSX,Stock,Precious Metals And Mining Trust,CN,,,,,False,False,no_openfigi_match
MNBI3,B3,Stock,MLOG S.A.,BZ,,,,,False,False,no_openfigi_match
MNS.U,TSX,ETF,Royal Canadian Mint - Canadian Silver Reserves Exchange-Traded Receipts,CN,,,,,False,False,no_openfigi_match
MOGO,TSX,Stock,Mogo Inc.,CN,,,,,False,False,no_openfigi_match
MPCT,TSX,ETF,Dream Impact Trust,CN,,,,,False,False,no_openfigi_match
MTAL3,B3,Stock,CIMETAL SIDERURGIA S/A,BZ,,,,,False,False,no_openfigi_match
MTAL6,B3,Stock,CIMETAL SIDERURGIA S/A,BZ,,,,,False,False,no_openfigi_match
MTNR5,B3,Stock,METANOR - METANOL DO NORDESTE S.A.,BZ,,,,,False,False,no_openfigi_match
MTNR7,B3,Stock,METANOR - METANOL DO NORDESTE S.A.,BZ,,,,,False,False,no_openfigi_match
MWIS6,B3,Stock,MWI - SISTEMA DE COMUNICACAO S.A.,BZ,,,,,False,False,no_openfigi_match
MZ1,ASX,ETF,MEDALLION TRUST SERIES 2017-1,AT,,,,,False,False,no_openfigi_match
MZ2,ASX,ETF,MEDALLION TRUST SERIES 2017-2,AT,,,,,False,False,no_openfigi_match
MZF,ASX,ETF,MEDALLION TRUST SERIES 2016-1,AT,,,,,False,False,no_openfigi_match
MZT,ASX,ETF,MEDALLION TRUST SERIES 2016-2,AT,,,,,False,False,no_openfigi_match
NAII3,B3,Stock,NAI HOLDINGS S.A.,BZ,,,,,False,False,no_openfigi_match
NAII4,B3,Stock,NAI HOLDINGS S.A.,BZ,,,,,False,False,no_openfigi_match
NBIE.F,TSX,ETF,NBI International Equity Fund,CN,,,,,False,False,no_openfigi_match
NBUE,TSX,ETF,NBI U.S. Equity Fund,CN,NBUE,NATIONAL BANK US EQ ETF FNB,ETP,,True,False,missing_isin
NBUE.F,TSX,ETF,NBI U.S. Equity Fund,CN,,,,,False,False,no_openfigi_match
NESB3,B3,Stock,NESBER S.A.,BZ,,,,,False,False,no_openfigi_match
NGEN,TSXV,Stock,Nervgen Pharma Corp.,CN,NGEN,NERVGEN PHARMA CORP,Common Stock,,True,True,missing_isin
NIPL3,B3,Stock,NIPLAN ENGENHARIA S.A.,BZ,,,,,False,False,no_openfigi_match
NKEP3,B3,Stock,NK 031 EMPREENDIMENTOS E PARTICIPAÇÕES S.A.,BZ,,,,,False,False,no_openfigi_match
NKEP4,B3,Stock,NK 031 EMPREENDIMENTOS E PARTICIPAÇÕES S.A.,BZ,,,,,False,False,no_openfigi_match
NLFA11,B3,ETF,Nu Letras Financeiras Anbima Classe De Índice - Responsabilidade Limitada,BZ,NLFA11,NU LETRAS FINANCEIRAS ANBIMA,ETP,,True,True,missing_isin
NMG-H,TSXV,Stock,Noble Metal Group Incorporated,CN,,,,,False,False,no_openfigi_match
NODA3,B3,Stock,NOVADATA SISTEMAS E COMPUTADORES S/A,BZ,,,,,False,False,no_openfigi_match
NODA6,B3,Stock,NOVADATA SISTEMAS E COMPUTADORES S/A,BZ,,,,,False,False,no_openfigi_match
NOGV11,B3,ETF,INTER EQI TEVA ETF BOLSA SEM ESTATAIS FDO DE ÍNDIC,BZ,NOGV11,INTER EQI BOLSA SEM ESTATAIS,ETP,,True,True,missing_isin
NOVI3,B3,Stock,NORTIS INCORPORADORA E CONSTRUTORA S.A.,BZ,,,,,False,False,no_openfigi_match
NOVO,TSX,Stock,Novo Nordisk CDR (CAD Hedged),CN,NOVO,NOVO NORDISK A/S,Canadian DR,,True,True,missing_isin
NOWS,TSX,Stock,ServiceNow CDR (CAD Hedged),CN,NOWS,SERVICENOW-CDR,Canadian DR,,True,True,missing_isin
NRR-UN,TSX,Stock,Northview Residential REIT,CN,,,,,False,False,no_openfigi_match
NRZ-H,TSXV,Stock,Norzan Enterprises Ltd.,CN,,,,,False,False,no_openfigi_match
NSTL,TSX,Stock,Nestlé CDR (CAD Hedged),CN,NSTL,NESTLE SA,Canadian DR,,True,False,missing_isin
NVS,TSX,Stock,Novartis CDR (CAD Hedged),CN,NVS,NOVARTIS AG,Canadian DR,,True,False,missing_isin
NW1,ASX,ETF,NOW TRUST 2024-1,AT,,,,,False,False,no_openfigi_match
NXVL3,B3,Stock,NOXVILLE INVESTIMENTOS S.A.,BZ,,,,,False,False,no_openfigi_match
NXVL4,B3,Stock,NOXVILLE INVESTIMENTOS S.A.,BZ,,,,,False,False,no_openfigi_match
OBAH3,B3,Stock,GRUPO FARTURA DE HORTIFRUT S/A,BZ,,,,,False,False,no_openfigi_match
OBIO3,B3,Stock,OLEOPLAN S.A - ÓLEOS VEGETAIS PLANALTO,BZ,,,,,False,False,no_openfigi_match
ODTR3,B3,Stock,OTP S.A.,BZ,,,,,False,False,no_openfigi_match
OKAI,TSXV,Stock,EvokAI Creative Labs Inc.,CN,OKAI,EVOKAI CREATIVE LABS INC,Common Stock,,True,True,missing_isin
OPDL3B,B3,Stock,DALETH PARTICIPACOES S.A.,BZ,,,,,False,False,no_openfigi_match
OPEN.P,TSXV,Stock,OpenSesame Acquisition Corp.,CN,,,,,False,False,no_openfigi_match
OR2,ASX,ETF,ORDE SERIES 2025-1 TRUST,AT,,,,,False,False,no_openfigi_match
ORAC,TSX,Stock,Oracle CDR (CAD Hedged),CN,ORAC,ORACLE CORP,Canadian DR,,True,False,missing_isin
ORNA4B,B3,Stock,ORNATO S.A. INDL DE PISOS E AZULEJOS,BZ,,,,,False,False,no_openfigi_match
OULG11B,B3,ETF,Pedra Dourada Fundo De Investimento Imobiliário - FII,BZ,,,,,False,False,no_openfigi_match
OY1,ASX,ETF,OLYMPUS 2025-1 TRUST,AT,,,,,False,False,no_openfigi_match
OYS,ASX,ETF,OLYMPUS 2024-2 TRUST,AT,,,,,False,False,no_openfigi_match
P5RD3,B3,Stock,MATRIZ COMPANHIA METALURGICA PRADA,BZ,,,,,False,False,no_openfigi_match
PA1,ASX,ETF,PANORAMA AUTO TRUST 2023-1,AT,,,,,False,False,no_openfigi_match
PA2,ASX,ETF,PANORAMA AUTO TRUST 2024-1,AT,,,,,False,False,no_openfigi_match
PA3,ASX,ETF,PANORAMA AUTO TRUST 2023-3,AT,,,,,False,False,no_openfigi_match
PA4,ASX,ETF,PANORAMA AUTO TRUST 2024-3,AT,,,,,False,False,no_openfigi_match
PA5,ASX,ETF,PANORAMA AUTO TRUST 2025-1,AT,,,,,False,False,no_openfigi_match
PA6,ASX,ETF,PANORAMA AUTO TRUST 2025-3,AT,,,,,False,False,no_openfigi_match
PASS5,B3,Stock,COMPASS GAS E ENERGIA S.A.,BZ,,,,,False,False,no_openfigi_match
PBY,TSX,ETF,Canso Credit Income Fund,CN,,,,,False,False,no_openfigi_match
PBY-UN,TSX,Stock,Canso Credit Trust - Canso Credit Income Fund,CN,,,,,False,False,no_openfigi_match
PCAA.P,TSXV,Stock,PC 1 Corp.,CN,,,,,False,False,no_openfigi_match
PCBU3,B3,Stock,PACAEMBU CONSTRUTORA S.A.,BZ,,,,,False,False,no_openfigi_match
PCEM13,B3,Stock,PORTO PECEM GERACAO ENERGIA S/A,BZ,,,,,False,False,no_openfigi_match
PCEM14,B3,Stock,PORTO PECEM GERACAO ENERGIA S/A,BZ,,,,,False,False,no_openfigi_match
PCEM15,B3,Stock,PORTO PECEM GERACAO ENERGIA S/A,BZ,,,,,False,False,no_openfigi_match
PCEM16,B3,Stock,PORTO PECEM GERACAO ENERGIA S/A,BZ,,,,,False,False,no_openfigi_match
PCEM17,B3,Stock,PORTO PECEM GERACAO ENERGIA S/A,BZ,,,,,False,False,no_openfigi_match
PCFV4,B3,Stock,POCOS DE FERVEDOURO S.A.,BZ,,,,,False,False,no_openfigi_match
PFCO,TSX,ETF,PICTON Credit Opportunities Alternative Fund,CN,PFCO,PICTON CREDIT OPPORTUNITIES,ETP,,True,True,missing_isin
PHYS-U,TSX,ETF,Sprott Physical Gold Trust,CN,,,,,False,False,no_openfigi_match
PLFS3,B3,Stock,POLO FILMS INDUSTRIA E COMERCIO SA,BZ,,,,,False,False,no_openfigi_match
PLSP3,B3,Stock,PLASCORP PARTICIPAÇÕES S.A.,BZ,,,,,False,False,no_openfigi_match
PMEI,TSX,ETF,PIMCO Monthly Enhanced Income Fund,CN,,,,,False,False,no_openfigi_match
PMSP13B,B3,Stock,PREFEITURA MUNICIPAL DE SAO PAULO,BZ,PMSP13B,CEPAC - PMSP,Common Stock,,True,False,missing_isin
PMSP14B,B3,Stock,PREFEITURA MUNICIPAL DE SAO PAULO,BZ,,,,,False,False,no_openfigi_match
PMZ,TSX,ETF,Primaris Real Estate Investment Trust,CN,,,,,False,False,no_openfigi_match
POB,ASX,ETF,PROGRESS 2021-1 TRUST,AT,,,,,False,False,no_openfigi_match
POC,ASX,ETF,PROGRESS 2022-1 TRUST,AT,,,,,False,False,no_openfigi_match
POC.P,TSXV,Stock,POCML 7 Inc.,CN,,,,,False,False,no_openfigi_match
POE,ASX,ETF,PROGRESS 2023-1 TRUST,AT,,,,,False,False,no_openfigi_match
POF,ASX,ETF,PROGRESS 2022-2 TRUST,AT,,,,,False,False,no_openfigi_match
POG,ASX,ETF,PROGRESS 2024-1 TRUST,AT,,,,,False,False,no_openfigi_match
POH,ASX,ETF,PROGRESS 2023-2 TRUST,AT,,,,,False,False,no_openfigi_match
POI,ASX,ETF,PROGRESS 2025-1 TRUST,AT,,,,,False,False,no_openfigi_match
PR4,ASX,ETF,PEPPER RESIDENTIAL SECURITIES TRUST NO. 40,AT,,,,,False,False,no_openfigi_match
PRB,TSX,Stock,Probe Gold Inc.,CN,PRB,PROBE GOLD INC,Common Stock,,True,True,missing_isin
PRH,TSXV,Stock,Pearl River Holdings Limited,CN,PRH,PEARL RIVER HOLDINGS LTD,Common Stock,,True,True,missing_isin
PRMN3B,B3,Stock,PRODUTORES ENERGET.DE MANSO S.A.- PROMAN,BZ,PRMN3B,PRODUTORES ENERGET DE MANSO,Common Stock,,True,True,missing_isin
PRVA3,B3,Stock,PRIVALIA BRASIL S.A.,BZ,,,,,False,False,no_openfigi_match
PS2,ASX,ETF,PUMA SERIES 2024-2 TRUST,AT,,,,,False,False,no_openfigi_match
PSU,TSX,ETF,Purpose US Cash Fund ETF,CN,,,,,False,False,no_openfigi_match
PTBP4,B3,Stock,PORTOBELLO PARTICIPACOES CERAMICAS S.A.,BZ,,,,,False,False,no_openfigi_match
PTP-H,TSXV,Stock,Petrichor Energy Inc,CN,,,,,False,False,no_openfigi_match
PTSL3,B3,Stock,PORTOSUL PARTICIPAÇÕES S.A.,BZ,,,,,False,False,no_openfigi_match
PTSL4,B3,Stock,PORTOSUL PARTICIPAÇÕES S.A.,BZ,,,,,False,False,no_openfigi_match
PU6,ASX,ETF,PEPPER SPARKZ TRUST NO.6,AT,,,,,False,False,no_openfigi_match
PU8,ASX,ETF,PEPPER SPARKZ TRUST NO.8,AT,,,,,False,False,no_openfigi_match
PU9,ASX,ETF,PEPPER SPARKZ TRUST NO.9,AT,,,,,False,False,no_openfigi_match
PUT,ASX,ETF,PUMA SERIES 2023-1 TRUST,AT,,,,,False,False,no_openfigi_match
PUU,ASX,ETF,PUMA SERIES 2024-1 TRUST,AT,,,,,False,False,no_openfigi_match
PUV,ASX,ETF,PUMA SERIES 2025-1 TRUST,AT,,,,,False,False,no_openfigi_match
PVF,TSXV,Stock,Partners Value Investments LP,CN,,,,,False,False,no_openfigi_match
PVF-UN,TSXV,Stock,Partners Value Investments LP,CN,,,,,False,False,no_openfigi_match
PWF,TSX,Stock,Power Financial Corporation,CN,,,,,False,False,no_openfigi_match
QBR,TSX,Stock,Quebecor Inc.,CN,,,,,False,False,no_openfigi_match
QBTC,TSX,ETF,The Bitcoin Fund,CN,QBTC,BITCOIN FUND/THE,Closed-End Fund,,True,True,missing_isin
QBTC-U,TSX,Stock,The Bitcoin Fund Class A,CN,,,,,False,False,no_openfigi_match
QFOF11,B3,ETF,QR BLOOMBERG FUTURE OF FINANCE FUNDO DE ÍNDICE–IE,BZ,,,,,False,False,no_openfigi_match
QNB,ASX,Stock,QNB FINANCE LTD,AT,,,,,False,False,no_openfigi_match
QWEB11,B3,ETF,QR CF WEB 3.0 INFRA BLOCKCHAIN FDO DE ÍNDICE IE,BZ,,,,,False,False,no_openfigi_match
RA2,ASX,Stock,RESIMAC PREMIER SERIES 2020-1,AT,,,,,False,False,no_openfigi_match
RA3,ASX,Stock,RESIMAC SERIES 2024-1NC,AT,,,,,False,False,no_openfigi_match
RAMHA,ASX,Stock,RAMHA,AT,,,,,False,False,no_openfigi_match
RAV,TSX,ETF,Ravensource Fund,CN,,,,,False,False,no_openfigi_match
RBN-UN,TSX,Stock,Blue Ribbon Income Fund,CN,,,,,False,False,no_openfigi_match
RBNS3,B3,Stock,RODOBENS S.A,BZ,,,,,False,False,no_openfigi_match
RBNS4,B3,Stock,RODOBENS S.A,BZ,,,,,False,False,no_openfigi_match
RCR.P,TSXV,ETF,Canna 8 Investment Trust,CN,,,,,False,False,no_openfigi_match
REFC4,B3,Stock,REFINADORA CATARINENSE S.A.,BZ,,,,,False,False,no_openfigi_match
RENT.P,TSXV,Stock,Shine Box Capital Corp.,CN,,,,,False,False,no_openfigi_match
REVV,TSXV,Stock,ReVolve Renewable Power Corp.,CN,REVV,REVOLVE RENEWABLE POWER CORP,Common Stock,,True,True,missing_isin
REVX,TSXV,Stock,Rev Exploration Corp.,CN,REVX,REV EXPLORATION CORP,Common Stock,,True,True,missing_isin
RFAG3,B3,Stock,REDE FEDERAL ARMAZENS GERAIS FERROV. S/A,BZ,,,,,False,False,no_openfigi_match
RGIP.U,TSX,ETF,Purpose Canadian Preferred Share P2L T,CN,,,,,False,False,no_openfigi_match
RHED4,B3,Stock,RHEDE TECNOLOGIA S.A.,BZ,,,,,False,False,no_openfigi_match
RIBC8,B3,Stock,RIBEIRO CORDEIRO IND E COMERCIOS.A.,BZ,,,,,False,False,no_openfigi_match
RIVA3,B3,Stock,RIVA 9 EMPREENDIMENTOS IMOBILIÁRIOS S.A.,BZ,,,,,False,False,no_openfigi_match
RJSA3,B3,Stock,RJS S.A.,BZ,,,,,False,False,no_openfigi_match
RM1,ASX,ETF,NATIONAL RMBS TRUST 2024-1,AT,,,,,False,False,no_openfigi_match
RME,TSXV,Stock,Roland Minerals Enterprises Corp.,CN,RME,ROLAND MINERAL ENTERPRISES C,Common Stock,,True,False,missing_isin
RNPT4,B3,Stock,RENNER PARTICIPACOES S.A.,BZ,,,,,False,False,no_openfigi_match
ROOS12,B3,Stock,ROOSTER S.A. INDUSTRIA DE EQUIPAMENTOS,BZ,,,,,False,False,no_openfigi_match
RSAN3,B3,Stock,CIA RIOGRANDENSE DE SANEAMENTO,BZ,RSAN3,COMPANHIA RIOGRANDENSE DE SA,Common Stock,,True,False,missing_isin
RSAN4,B3,Stock,CIA RIOGRANDENSE DE SANEAMENTO,BZ,,,,,False,False,no_openfigi_match
RVC.P,TSXV,Stock,Ronin Ventures Corp.,CN,,,,,False,False,no_openfigi_match
RYHE,TSX,ETF,Harvest Royal Bank Enhanced High Income Shares ETF,CN,RYHE,HARVEST ENHANCED HIGH INCOME,ETP,,True,True,missing_isin
SANY6,B3,Stock,SANYO DA AMAZONIA S.A.,BZ,,,,,False,False,no_openfigi_match
SAPS,TSX,Stock,SAP CDR (CAD Hedged),CN,SAPS,SAP SE,Canadian DR,,True,False,missing_isin
SBEL.P,TSXV,Stock,Sanibel Ventures Corp.,CN,,,,,False,False,no_openfigi_match
SC1,ASX,Stock,"SHINHAN CARD CO., LTD.",AT,SC1,SOURCE CERTAIN INTERNATIONAL,Common Stock,,True,False,missing_isin
SCA,ASX,ETF,SCENTRE GROUP TRUST 1 AND SCENTRE GROUP TRUST 2,AT,,,,,False,False,no_openfigi_match
SDCI.P,TSXV,Stock,St. Davids Capital Inc.,CN,,,,,False,False,no_openfigi_match
SDRM3,B3,Stock,CIA SIDERURGICA DA AMAZONIA - SIDERAMA,BZ,,,,,False,False,no_openfigi_match
SDRM6,B3,Stock,CIA SIDERURGICA DA AMAZONIA - SIDERAMA,BZ,,,,,False,False,no_openfigi_match
SEMI11,B3,ETF,TREND ETF PHLX SEMICONDUCTOR FDO DE INV DE ÍNDICE,BZ,,,,,False,False,no_openfigi_match
SFV,ASX,Stock,SANTOS FINANCE LIMITED,AT,,,,,False,False,no_openfigi_match
SGQ,TSXV,Stock,SouthGobi Resources Ltd.,CN,SGQ,SOUTHGOBI RESOURCES LTD,Common Stock,,True,True,missing_isin
SHZ,ASX,Stock,SHINHAN BANK.,AT,,,,,False,False,no_openfigi_match
SIH,TSX,ETF,Sustainable Innovation & Health Dividend Fund,CN,,,,,False,False,no_openfigi_match
SILO3,B3,Stock,CIA DE ARMAZENS E SILOS DO EST MG-CASEMG,BZ,,,,,False,False,no_openfigi_match
SILO4,B3,Stock,CIA DE ARMAZENS E SILOS DO EST MG-CASEMG,BZ,,,,,False,False,no_openfigi_match
SMAX.U,TSX,ETF,Hamilton U.S. Equity YIELD MAXIMIZER TM ETF,CN,,,,,False,False,no_openfigi_match
SMNS,TSX,Stock,Siemens CDR (CAD Hedged),CN,SMNS,SIEMENS AG,Canadian DR,,True,False,missing_isin
SNY,TSX,Stock,Sanofi CDR (CAD Hedged),CN,SNY,SANOFI SA,Canadian DR,,True,False,missing_isin
SOLA,TSX,ETF,Evolve Solana ETF,CN,SOLA,EVOLVE SOLANA ETF,ETP,,True,True,missing_isin
SOLA.U,TSX,ETF,Evolve Solana ETF,CN,,,,,False,False,no_openfigi_match
SOLX.B,TSX,ETF,CI Galaxy Solana ETF,CN,,,,,False,False,no_openfigi_match
SOLX.U,TSX,ETF,CI Galaxy Solana ETF,CN,,,,,False,False,no_openfigi_match
SP4,ASX,ETF,SAPPHIRE XXIX SERIES 2024-1 TRUST,AT,,,,,False,False,no_openfigi_match
SP6,ASX,ETF,SAPPHIRE XXXI SERIES 2024-3 TRUST,AT,,,,,False,False,no_openfigi_match
SPAC,TSX,Stock,Mercer Park Opportunities Corp.,CN,,,,,False,False,no_openfigi_match
SPCI6,B3,Stock,SOCIEDADE DE PARTICIP. CIMENTEIRAS S.A.,BZ,,,,,False,False,no_openfigi_match
SPCR3,B3,Stock,SPE CRISTINA S.A.,BZ,,,,,False,False,no_openfigi_match
SPPP-U,TSX,Stock,Sprott Physical Platinum & Palladium Tr,CN,,,,,False,False,no_openfigi_match
SPRO.P,TSXV,Stock,Sprock-It Acquisitions Ltd.,CN,,,,,False,False,no_openfigi_match
SPRQ,TSXV,Stock,SPARQ Systems Inc.,CN,SPRQ,SPARQ SYSTEMS INC,Common Stock,,True,True,missing_isin
SRQ,TSXV,Stock,Sonoma Resources Inc.,CN,SRQ,SRQ RESOURCES INC,Common Stock,,True,False,missing_isin
SRU,TSX,ETF,SmartCentres Real Estate Investment Trust,CN,,,,,False,False,no_openfigi_match
SRV-UN,TSX,Stock,SIR Royalty Income Fund,CN,,,,,False,False,no_openfigi_match
SSS.P,TSXV,Stock,Samurai Capital Corp.,CN,,,,,False,False,no_openfigi_match
STAL6,B3,Stock,SETAL TELECOM S.A.,BZ,,,,,False,False,no_openfigi_match
STOK3,B3,Stock,ESTOK COMERCIO E REPRESENTACOES S.A.,BZ,,,,,False,False,no_openfigi_match
STRM,TSXV,Stock,Storm Exploration Inc.,CN,STRM,STORM EXPLORATION INC,Common Stock,,True,True,missing_isin
SULG3,B3,Stock,COMPANHIA DE GÁS DO ESTADO DO RIO GRANDE DO SUL,BZ,,,,,False,False,no_openfigi_match
SURF,TSXV,ETF,Starlight U.S. Residential Fund (Multi-Family) Investment LP,CN,,,,,False,False,no_openfigi_match
SURF-UN,TSXV,Stock,Starlight U.S. Residential Fund (Multi-Family) Investment LP,CN,,,,,False,False,no_openfigi_match
SVPH7,B3,Stock,SALVADOR PRAIA HOTEL S.A.,BZ,,,,,False,False,no_openfigi_match
TA1,ASX,Stock,TRANSURBAN FINANCE COMPANY PTY LTD,AT,,,,,False,False,no_openfigi_match
TBRD,TSXV,Stock,Thunderbird Entertainment Group Inc.,CN,TBRD,THUNDERBIRD ENTERTAINMENT GR,Common Stock,,True,True,missing_isin
TCQC3,B3,Stock,INDUSTRIA CARBOQUIMICA CATARINENSE S/A,BZ,,,,,False,False,no_openfigi_match
TCQC4,B3,Stock,INDUSTRIA CARBOQUIMICA CATARINENSE S/A,BZ,,,,,False,False,no_openfigi_match
TECH.B,TSX,ETF,Evolve FANGMA Index ETF,CN,,,,,False,False,no_openfigi_match
TECH.U,TSX,ETF,Evolve FANGMA Index ETF,CN,,,,,False,False,no_openfigi_match
TGEX,TSX,ETF,TD Active Global Enhanced Dividend CAD Hedged ETF,CN,,,,,False,False,no_openfigi_match
TIP-H,TSXV,Stock,Tyner Resources Ltd,CN,,,,,False,False,no_openfigi_match
TLTU,TSX,ETF,MegaLong (3X) 20+ Year US Treasury Daily Leveraged Alternative ETF,CN,,,,,False,False,no_openfigi_match
TRBR,TSXV,Stock,Trubar Inc.,CN,TRBR,TRUBAR INC,Common Stock,,True,True,missing_isin
TRBR3,B3,Stock,TRANSBRASIL S.A. LINHAS AEREAS,BZ,,,,,False,False,no_openfigi_match
TRBR4,B3,Stock,TRANSBRASIL S.A. LINHAS AEREAS,BZ,,,,,False,False,no_openfigi_match
TREG3,B3,Stock,TANGARA ENERGIA S.A.,BZ,,,,,False,False,no_openfigi_match
TT1,ASX,ETF,THINK TANK RESIDENTIAL SERIES 2024-1 TRUST,AT,,,,,False,False,no_openfigi_match
TT2,ASX,ETF,THINK TANK RESIDENTIAL SERIES 2025-2 TRUST,AT,,,,,False,False,no_openfigi_match
TT6,ASX,ETF,TRITON BOND TRUST 2021-1 IN RESPECT OF SERIES 1,AT,,,,,False,False,no_openfigi_match
TTES,TSX,Stock,TotalEnergies CDR (CAD Hedged),CN,TTES,TOTALENERGIES SE,Canadian DR,,True,False,missing_isin
TTNM,TSX,Stock,Titanium Transportation Group Inc.,CN,,,,,False,False,no_openfigi_match
TUP.P,TSXV,Stock,Tup Capital Inc.,CN,,,,,False,False,no_openfigi_match
TVA-B,TSX,Stock,TVA Group Inc,CN,,,,,False,False,no_openfigi_match
TVIT3,B3,Stock,"TIVIT TERC. DE PROC., SERV. E TEC. S.A.",BZ,TVIT3,TIVIT TERCEIRIZACAO DE PROCE,Common Stock,,True,False,missing_isin
TXBZ5,B3,Stock,TBM - TEXTIL BEZERRA DE MENEZES S.A.,BZ,,,,,False,False,no_openfigi_match
UBSS,TSX,Stock,UBS CDR (CAD Hedged),CN,UBSS,UBS GROUP AG,Canadian DR,,True,False,missing_isin
UMNY,TSX,ETF,CI U.S. Money Market ETF,CN,,,,,False,False,no_openfigi_match
UMNY.U,TSX,ETF,CI U.S. Money Market ETF,CN,,,,,False,False,no_openfigi_match
USAG11,B3,ETF,TREND ETF CRSP U.S. LARGE CAP GROWTH FDO INV IND,BZ,,,,,False,False,no_openfigi_match
USAT4,B3,Stock,USATI PARTICIPACOES PORTUARIAS S.A.,BZ,,,,,False,False,no_openfigi_match
USAV11,B3,ETF,TREND ETF CRSP US LARGE CAP VALUE FDO INV IND,BZ,,,,,False,False,no_openfigi_match
VCD,ASX,ETF,VICINITY CENTRES TRUST,AT,,,,,False,False,no_openfigi_match
VDMG3,B3,Stock,VEÍCULO DE DESESTATIZAÇÃO MG INVESTIMENTOS S.A.,BZ,,,,,False,False,no_openfigi_match
VECF3,B3,Stock,VALEC - ENG.CONSTRUCOES E FERROVIAS S.A.,BZ,,,,,False,False,no_openfigi_match
VKG-H,TSXV,Stock,Norse Gold Corp,CN,,,,,False,False,no_openfigi_match
VLPN3,B3,Stock,ELETRICIDADE VALE PARANAPANEMA S.A.,BZ,,,,,False,False,no_openfigi_match
VMY-H,TSXV,Stock,Voice Mobility International Inc,CN,,,,,False,False,no_openfigi_match
VRGL3,B3,Stock,GOL LINHAS AEREAS S.A,BZ,,,,,False,False,no_openfigi_match
VTEN.P,TSXV,Stock,V Ten Capital Corp.,CN,,,,,False,False,no_openfigi_match
WB1,ASX,ETF,SERIES 2020-1 WST TRUST,AT,,,,,False,False,no_openfigi_match
WE1,ASX,ETF,SERIES 2019-1 WST TRUST,AT,,,,,False,False,no_openfigi_match
WESG11,B3,ETF,WISE DOW JONES U.S. SELECT ESG REIT FDO INV IE,BZ,,,,,False,False,no_openfigi_match
WFCS,TSX,Stock,Wells Fargo CDR (CAD Hedged),CN,WFCS,WELLS FARGO & CO,Canadian DR,,True,True,missing_isin
WFLD,TSXV,Stock,Wellfield Technologies Inc.,CN,WFLD,WELLFIELD TECHNOLOGIES INC,Common Stock,,True,True,missing_isin
WIRE3,B3,Stock,WIREX CABLE S.A.,BZ,,,,,False,False,no_openfigi_match
WISE11,B3,ETF,WISE S&P GLOBAL REIT FUNDO DE ÍNDICE - IE,BZ,,,,,False,False,no_openfigi_match
WLR,TSXV,Stock,Walker Lane Resources Ltd.,CN,WLR,WALKER LANE RESOURCES LTD,Common Stock,,True,True,missing_isin
WNBR3,B3,Stock,W2W E-COMMERCE DE VINHOS S.A.,BZ,WNBR3,W2W E-COMMERCE DE VINHOS S/A,Common Stock,,True,True,missing_isin
WOI-H,TSXV,Stock,WORLD ORGANICS INC,CN,,,,,False,False,no_openfigi_match
WP,TSXV,ETF,Western Pacific Trust Company,CN,WP,WESTERN PACIFIC TRUST CO,Common Stock,,True,True,missing_isin
WRET11,B3,ETF,TREND ETF FTSE GLOBAL REITS FDO INV DE ÍNDICE,BZ,,,,,False,False,no_openfigi_match
WS1,ASX,ETF,SERIES 2024-1 WST TRUST,AT,,,,,False,False,no_openfigi_match
WS2,ASX,ETF,SERIES 2024-2 WST TRUST,AT,,,,,False,False,no_openfigi_match
WSE,ASX,ETF,SERIES 2021-1 WST TRUST,AT,,,,,False,False,no_openfigi_match
XBIO11,B3,ETF,TREND ETF BIOTECHNOLOGY NASDAQ FDO INV ÍNDICE,BZ,,,,,False,False,no_openfigi_match
XCL,ASX,Stock,AUSTRALIAN COMMONWEALTH GOVERNMENT LOANS,AT,,,,,False,False,no_openfigi_match
XCYT,TSXV,Stock,Xcyte Digital Corp.,CN,XCYT,XCYTE DIGITAL CORP,Common Stock,,True,True,missing_isin
XGEN11,B3,ETF,TREND ETF NASDAQ NEXT GENERATION 100 FDO INV IND,BZ,,,,,False,False,no_openfigi_match
XMF,TSX,Stock,M Split Corp.,CN,,,,,False,False,no_openfigi_match
XMF-A,TSX,Stock,M Split Corp,CN,,,,,False,False,no_openfigi_match
XNC,ASX,Stock,NEW SOUTH WALES TREASURY CORPORATION,AT,,,,,False,False,no_openfigi_match
XPML13,B3,Stock,XP MALLS FDO INV IMOB FII RESP LIM,BZ,,,,,False,False,no_openfigi_match
XQL,ASX,Stock,QUEENSLAND TREASURY CORPORATION,AT,,,,,False,False,no_openfigi_match
XRP.U,TSX,ETF,Evolve XRP ETF,CN,,,,,False,False,no_openfigi_match
XRPP,TSX,ETF,Purpose XRP ETF,CN,XRPP,PURPOSE XRP ETF,ETP,,True,True,missing_isin
XRPP.B,TSX,ETF,Purpose XRP ETF,CN,,,,,False,False,no_openfigi_match
XRPP.U,TSX,ETF,Purpose XRP ETF,CN,,,,,False,False,no_openfigi_match
XTAO,TSXV,Stock,xTAO Inc.,CN,,,,,False,False,no_openfigi_match
XTAO-U,TSXV,Stock,XTAO Inc.,CN,,,,,False,False,no_openfigi_match
XTEC11,B3,ETF,TREND ETF FTSE CHINA TECHNOLOGY FUNDO DE INVESTIME,BZ,,,,,False,False,no_openfigi_match
XVG,ASX,Stock,TREASURY CORPORATION OF VICTORIA,AT,,,,,False,False,no_openfigi_match
YOUC3,B3,Stock,YOU INC INCORPORADORA E PARTICIPAÇÕES S.A.,BZ,,,,,False,False,no_openfigi_match
ZOR,ASX,Stock,ORDINARY (UNLISTED/LISTED - COSACS),AT,,,,,False,False,no_openfigi_match
ZTL.F,TSX,ETF,BMO Long-Term US Treasury Bond Index (Hedged Units),CN,,,,,False,False,no_openfigi_match
ZUS,TSX,ETF,BMO Ultra Short-Term US Bond ETF,CN,,,,,False,False,no_openfigi_match
ZYNS,TSX,Stock,Philip Morris CDR (CAD Hedged),CN,ZYNS,PHILIP MORRIS INTERNATIONAL,Canadian DR,,True,False,missing_isin
