target_listing_key,ticker,target_exchange,official_name,official_asset_type,official_isin,official_sector,official_source_key,official_source_url,official_source_context,existing_listing_keys,existing_exchanges,existing_names,existing_asset_types,existing_isins,same_isin_listing_keys,name_exact_match_listing_keys,asset_type_mismatch,existing_dataset_context,identity_evidence,identity_resolution_context,collision_risk_flags,identity_resolution_queue,review_bucket,review_priority,review_strategy,verification_evidence_required,recommended_next_source,source_gate,review_decision,clearance_evidence_required,recommended_next_action
BVB::MET,MET,BVB,META ESTATE TRUST,Stock,ROX9GQFJ81G8,,bvb_shares_directory,https://m.bvb.ro/FinancialInstruments/Details/FinancialInstrumentsDetails.aspx?s=MET,official_source_key=bvb_shares_directory;official_source_url=https://m.bvb.ro/FinancialInstruments/Details/FinancialInstrumentsDetails.aspx?s=MET,NYSE::MET,NYSE,MetLife Inc,Stock,US59156R1086,,,false,existing_listing_keys=NYSE::MET;existing_exchanges=NYSE;existing_isins=US59156R1086;same_isin_listing_keys=none;name_exact_match_listing_keys=none;asset_type_mismatch=false,official_isin|asset_type_consistent,exchange_context=BVB::NYSE;identity_resolution_queue=review_distinct_official_isin_new_listing;review_bucket=distinct_official_isin_new_listing_candidate;identity_evidence=official_isin|asset_type_consistent,ticker_reused_on_other_exchange|existing_isin_conflict|no_exact_name_match,review_distinct_official_isin_new_listing,distinct_official_isin_new_listing_candidate,P2,batch_review_distinct_isin_new_listing_candidates,official_target_exchange_listing_key_isin_name_instrument_type_listing_status,"Official target-exchange listing record for BVB::NYSE with listing key, ISIN, name, type, and status.","Do not add the listing until official target-exchange evidence proves key, ISIN, name, type, and active status.",new_listing_candidate_requires_official_listing_add_review,official_target_exchange_listing_key_isin_name_instrument_type_listing_status,add_only_after_official_listing_key_isin_name_exchange_and_scope_review
BVB::MFC,MFC,BVB,MF CAPITAL SA,Stock,ROMECEACNOR3,,bvb_shares_directory,https://m.bvb.ro/FinancialInstruments/Details/FinancialInstrumentsDetails.aspx?s=MFC,official_source_key=bvb_shares_directory;official_source_url=https://m.bvb.ro/FinancialInstruments/Details/FinancialInstrumentsDetails.aspx?s=MFC,NYSE::MFC,NYSE,Manulife Financial Corp,Stock,CA56501R1064,,,false,existing_listing_keys=NYSE::MFC;existing_exchanges=NYSE;existing_isins=CA56501R1064;same_isin_listing_keys=none;name_exact_match_listing_keys=none;asset_type_mismatch=false,official_isin|asset_type_consistent,exchange_context=BVB::NYSE;identity_resolution_queue=review_distinct_official_isin_new_listing;review_bucket=distinct_official_isin_new_listing_candidate;identity_evidence=official_isin|asset_type_consistent,ticker_reused_on_other_exchange|existing_isin_conflict|no_exact_name_match,review_distinct_official_isin_new_listing,distinct_official_isin_new_listing_candidate,P2,batch_review_distinct_isin_new_listing_candidates,official_target_exchange_listing_key_isin_name_instrument_type_listing_status,"Official target-exchange listing record for BVB::NYSE with listing key, ISIN, name, type, and status.","Do not add the listing until official target-exchange evidence proves key, ISIN, name, type, and active status.",new_listing_candidate_requires_official_listing_add_review,official_target_exchange_listing_key_isin_name_instrument_type_listing_status,add_only_after_official_listing_key_isin_name_exchange_and_scope_review
BVB::MORA,MORA,BVB,MORARIT PANIFICATIE SA ROMAN,Stock,ROMORAACNOR8,,bvb_shares_directory,https://m.bvb.ro/FinancialInstruments/Details/FinancialInstrumentsDetails.aspx?s=MORA,official_source_key=bvb_shares_directory;official_source_url=https://m.bvb.ro/FinancialInstruments/Details/FinancialInstrumentsDetails.aspx?s=MORA,IDX::MORA,IDX,Mora Telematika Indonesia,Stock,,,,false,existing_listing_keys=IDX::MORA;existing_exchanges=IDX;existing_isins=none;same_isin_listing_keys=none;name_exact_match_listing_keys=none;asset_type_mismatch=false,official_isin|asset_type_consistent,exchange_context=BVB::IDX;identity_resolution_queue=review_distinct_official_isin_new_listing;review_bucket=distinct_official_isin_new_listing_candidate;identity_evidence=official_isin|asset_type_consistent,ticker_reused_on_other_exchange|no_exact_name_match,review_distinct_official_isin_new_listing,distinct_official_isin_new_listing_candidate,P2,batch_review_distinct_isin_new_listing_candidates,official_target_exchange_listing_key_isin_name_instrument_type_listing_status,"Official target-exchange listing record for BVB::IDX with listing key, ISIN, name, type, and status.","Do not add the listing until official target-exchange evidence proves key, ISIN, name, type, and active status.",new_listing_candidate_requires_official_listing_add_review,official_target_exchange_listing_key_isin_name_instrument_type_listing_status,add_only_after_official_listing_key_isin_name_exchange_and_scope_review
BVB::NORD,NORD,BVB,NORD SA BUCURESTI,Stock,RONORDACNOR0,,bvb_shares_directory,https://m.bvb.ro/FinancialInstruments/Details/FinancialInstrumentsDetails.aspx?s=NORD,official_source_key=bvb_shares_directory;official_source_url=https://m.bvb.ro/FinancialInstruments/Details/FinancialInstrumentsDetails.aspx?s=NORD,OTC::NORD,OTC,Nordicus Partners Corporation,Stock,USG6583A1028,,,false,existing_listing_keys=OTC::NORD;existing_exchanges=OTC;existing_isins=USG6583A1028;same_isin_listing_keys=none;name_exact_match_listing_keys=none;asset_type_mismatch=false,official_isin|asset_type_consistent,exchange_context=BVB::OTC;identity_resolution_queue=review_distinct_official_isin_new_listing;review_bucket=distinct_official_isin_new_listing_candidate;identity_evidence=official_isin|asset_type_consistent,ticker_reused_on_other_exchange|existing_isin_conflict|no_exact_name_match,review_distinct_official_isin_new_listing,distinct_official_isin_new_listing_candidate,P2,batch_review_distinct_isin_new_listing_candidates,official_target_exchange_listing_key_isin_name_instrument_type_listing_status,"Official target-exchange listing record for BVB::OTC with listing key, ISIN, name, type, and status.","Do not add the listing until official target-exchange evidence proves key, ISIN, name, type, and active status.",new_listing_candidate_requires_official_listing_add_review,official_target_exchange_listing_key_isin_name_instrument_type_listing_status,add_only_after_official_listing_key_isin_name_exchange_and_scope_review
BVB::OMSE,OMSE,BVB,COMAT CARAS SEVERIN SA RESITA,Stock,ROOMSEACNOR8,,bvb_shares_directory,https://m.bvb.ro/FinancialInstruments/Details/FinancialInstrumentsDetails.aspx?s=OMSE,official_source_key=bvb_shares_directory;official_source_url=https://m.bvb.ro/FinancialInstruments/Details/FinancialInstrumentsDetails.aspx?s=OMSE,NASDAQ::OMSE,NASDAQ,OMS Energy Technologies Inc.,Stock,KYG6755S1057,,,false,existing_listing_keys=NASDAQ::OMSE;existing_exchanges=NASDAQ;existing_isins=KYG6755S1057;same_isin_listing_keys=none;name_exact_match_listing_keys=none;asset_type_mismatch=false,official_isin|asset_type_consistent,exchange_context=BVB::NASDAQ;identity_resolution_queue=review_distinct_official_isin_new_listing;review_bucket=distinct_official_isin_new_listing_candidate;identity_evidence=official_isin|asset_type_consistent,ticker_reused_on_other_exchange|existing_isin_conflict|no_exact_name_match,review_distinct_official_isin_new_listing,distinct_official_isin_new_listing_candidate,P2,batch_review_distinct_isin_new_listing_candidates,official_target_exchange_listing_key_isin_name_instrument_type_listing_status,"Official target-exchange listing record for BVB::NASDAQ with listing key, ISIN, name, type, and status.","Do not add the listing until official target-exchange evidence proves key, ISIN, name, type, and active status.",new_listing_candidate_requires_official_listing_add_review,official_target_exchange_listing_key_isin_name_instrument_type_listing_status,add_only_after_official_listing_key_isin_name_exchange_and_scope_review
BVB::ONE,ONE,BVB,ONE UNITED PROPERTIES,Stock,ROJ8YZPDHWW8,,bvb_shares_directory,https://m.bvb.ro/FinancialInstruments/Details/FinancialInstrumentsDetails.aspx?s=ONE,official_source_key=bvb_shares_directory;official_source_url=https://m.bvb.ro/FinancialInstruments/Details/FinancialInstrumentsDetails.aspx?s=ONE,WSE::ONE,WSE,One Solution S.A.,Stock,PLONESL00011,,,false,existing_listing_keys=WSE::ONE;existing_exchanges=WSE;existing_isins=PLONESL00011;same_isin_listing_keys=none;name_exact_match_listing_keys=none;asset_type_mismatch=false,official_isin|asset_type_consistent,exchange_context=BVB::WSE;identity_resolution_queue=review_distinct_official_isin_new_listing;review_bucket=distinct_official_isin_new_listing_candidate;identity_evidence=official_isin|asset_type_consistent,ticker_reused_on_other_exchange|existing_isin_conflict|no_exact_name_match,review_distinct_official_isin_new_listing,distinct_official_isin_new_listing_candidate,P2,batch_review_distinct_isin_new_listing_candidates,official_target_exchange_listing_key_isin_name_instrument_type_listing_status,"Official target-exchange listing record for BVB::WSE with listing key, ISIN, name, type, and status.","Do not add the listing until official target-exchange evidence proves key, ISIN, name, type, and active status.",new_listing_candidate_requires_official_listing_add_review,official_target_exchange_listing_key_isin_name_instrument_type_listing_status,add_only_after_official_listing_key_isin_name_exchange_and_scope_review
BVB::PPL,PPL,BVB,PROMATERIS S.A.,Stock,ROPRLAACNOR7,,bvb_shares_directory,https://m.bvb.ro/FinancialInstruments/Details/FinancialInstrumentsDetails.aspx?s=PPL,official_source_key=bvb_shares_directory;official_source_url=https://m.bvb.ro/FinancialInstruments/Details/FinancialInstrumentsDetails.aspx?s=PPL,NYSE::PPL,NYSE,PPL Corporation,Stock,US69351T1060,,,false,existing_listing_keys=NYSE::PPL;existing_exchanges=NYSE;existing_isins=US69351T1060;same_isin_listing_keys=none;name_exact_match_listing_keys=none;asset_type_mismatch=false,official_isin|asset_type_consistent,exchange_context=BVB::NYSE;identity_resolution_queue=review_distinct_official_isin_new_listing;review_bucket=distinct_official_isin_new_listing_candidate;identity_evidence=official_isin|asset_type_consistent,ticker_reused_on_other_exchange|existing_isin_conflict|no_exact_name_match,review_distinct_official_isin_new_listing,distinct_official_isin_new_listing_candidate,P2,batch_review_distinct_isin_new_listing_candidates,official_target_exchange_listing_key_isin_name_instrument_type_listing_status,"Official target-exchange listing record for BVB::NYSE with listing key, ISIN, name, type, and status.","Do not add the listing until official target-exchange evidence proves key, ISIN, name, type, and active status.",new_listing_candidate_requires_official_listing_add_review,official_target_exchange_listing_key_isin_name_instrument_type_listing_status,add_only_after_official_listing_key_isin_name_exchange_and_scope_review
BVB::PRIN,PRIN,BVB,PROIECT COVASNA SA SFANTU GHEORGHE,Stock,ROPRINACNOR6,,bvb_shares_directory,https://m.bvb.ro/FinancialInstruments/Details/FinancialInstrumentsDetails.aspx?s=PRIN,official_source_key=bvb_shares_directory;official_source_url=https://m.bvb.ro/FinancialInstruments/Details/FinancialInstrumentsDetails.aspx?s=PRIN,SET::PRIN,SET,Prinsiri Public Company Limited,Stock,TH0865010001,,,false,existing_listing_keys=SET::PRIN;existing_exchanges=SET;existing_isins=TH0865010001;same_isin_listing_keys=none;name_exact_match_listing_keys=none;asset_type_mismatch=false,official_isin|asset_type_consistent,exchange_context=BVB::SET;identity_resolution_queue=review_distinct_official_isin_new_listing;review_bucket=distinct_official_isin_new_listing_candidate;identity_evidence=official_isin|asset_type_consistent,ticker_reused_on_other_exchange|existing_isin_conflict|no_exact_name_match,review_distinct_official_isin_new_listing,distinct_official_isin_new_listing_candidate,P2,batch_review_distinct_isin_new_listing_candidates,official_target_exchange_listing_key_isin_name_instrument_type_listing_status,"Official target-exchange listing record for BVB::SET with listing key, ISIN, name, type, and status.","Do not add the listing until official target-exchange evidence proves key, ISIN, name, type, and active status.",new_listing_candidate_requires_official_listing_add_review,official_target_exchange_listing_key_isin_name_instrument_type_listing_status,add_only_after_official_listing_key_isin_name_exchange_and_scope_review
BVB::ROOF,ROOF,BVB,ROMANOFIR SA TALMACIU,Stock,ROROOFACNOR3,,bvb_shares_directory,https://m.bvb.ro/FinancialInstruments/Details/FinancialInstrumentsDetails.aspx?s=ROOF,official_source_key=bvb_shares_directory;official_source_url=https://m.bvb.ro/FinancialInstruments/Details/FinancialInstrumentsDetails.aspx?s=ROOF,TSXV::ROOF,TSXV,Northstar Clean Technologies Inc.,Stock,CA66706T1049,,,false,existing_listing_keys=TSXV::ROOF;existing_exchanges=TSXV;existing_isins=CA66706T1049;same_isin_listing_keys=none;name_exact_match_listing_keys=none;asset_type_mismatch=false,official_isin|asset_type_consistent,exchange_context=BVB::TSXV;identity_resolution_queue=review_distinct_official_isin_new_listing;review_bucket=distinct_official_isin_new_listing_candidate;identity_evidence=official_isin|asset_type_consistent,ticker_reused_on_other_exchange|existing_isin_conflict|no_exact_name_match,review_distinct_official_isin_new_listing,distinct_official_isin_new_listing_candidate,P2,batch_review_distinct_isin_new_listing_candidates,official_target_exchange_listing_key_isin_name_instrument_type_listing_status,"Official target-exchange listing record for BVB::TSXV with listing key, ISIN, name, type, and status.","Do not add the listing until official target-exchange evidence proves key, ISIN, name, type, and active status.",new_listing_candidate_requires_official_listing_add_review,official_target_exchange_listing_key_isin_name_instrument_type_listing_status,add_only_after_official_listing_key_isin_name_exchange_and_scope_review
BVB::SAFE,SAFE,BVB,SAFETECH INNOVATIONS S.A.,Stock,RO0MDTLNZV25,,bvb_shares_directory,https://m.bvb.ro/FinancialInstruments/Details/FinancialInstrumentsDetails.aspx?s=SAFE,official_source_key=bvb_shares_directory;official_source_url=https://m.bvb.ro/FinancialInstruments/Details/FinancialInstrumentsDetails.aspx?s=SAFE,NYSE::SAFE,NYSE,Safehold Inc,Stock,CA37965G1090,,,false,existing_listing_keys=NYSE::SAFE;existing_exchanges=NYSE;existing_isins=CA37965G1090;same_isin_listing_keys=none;name_exact_match_listing_keys=none;asset_type_mismatch=false,official_isin|asset_type_consistent,exchange_context=BVB::NYSE;identity_resolution_queue=review_distinct_official_isin_new_listing;review_bucket=distinct_official_isin_new_listing_candidate;identity_evidence=official_isin|asset_type_consistent,ticker_reused_on_other_exchange|existing_isin_conflict|no_exact_name_match,review_distinct_official_isin_new_listing,distinct_official_isin_new_listing_candidate,P2,batch_review_distinct_isin_new_listing_candidates,official_target_exchange_listing_key_isin_name_instrument_type_listing_status,"Official target-exchange listing record for BVB::NYSE with listing key, ISIN, name, type, and status.","Do not add the listing until official target-exchange evidence proves key, ISIN, name, type, and active status.",new_listing_candidate_requires_official_listing_add_review,official_target_exchange_listing_key_isin_name_instrument_type_listing_status,add_only_after_official_listing_key_isin_name_exchange_and_scope_review
BVB::SFG,SFG,BVB,SPHERA FRANCHISE GROUP,Stock,ROSFGPACNOR4,,bvb_shares_directory,https://m.bvb.ro/FinancialInstruments/Details/FinancialInstrumentsDetails.aspx?s=SFG,official_source_key=bvb_shares_directory;official_source_url=https://m.bvb.ro/FinancialInstruments/Details/FinancialInstrumentsDetails.aspx?s=SFG,WSE::SFG,WSE,Silvano Fashion Group AS,Stock,EE3100001751,,,false,existing_listing_keys=WSE::SFG;existing_exchanges=WSE;existing_isins=EE3100001751;same_isin_listing_keys=none;name_exact_match_listing_keys=none;asset_type_mismatch=false,official_isin|asset_type_consistent,exchange_context=BVB::WSE;identity_resolution_queue=review_distinct_official_isin_new_listing;review_bucket=distinct_official_isin_new_listing_candidate;identity_evidence=official_isin|asset_type_consistent,ticker_reused_on_other_exchange|existing_isin_conflict|no_exact_name_match,review_distinct_official_isin_new_listing,distinct_official_isin_new_listing_candidate,P2,batch_review_distinct_isin_new_listing_candidates,official_target_exchange_listing_key_isin_name_instrument_type_listing_status,"Official target-exchange listing record for BVB::WSE with listing key, ISIN, name, type, and status.","Do not add the listing until official target-exchange evidence proves key, ISIN, name, type, and active status.",new_listing_candidate_requires_official_listing_add_review,official_target_exchange_listing_key_isin_name_instrument_type_listing_status,add_only_after_official_listing_key_isin_name_exchange_and_scope_review
BVB::SINT,SINT,BVB,SINTOFARM SA BUCURESTI,Stock,ROSINTACNOR6,,bvb_shares_directory,https://m.bvb.ro/FinancialInstruments/Details/FinancialInstrumentsDetails.aspx?s=SINT,official_source_key=bvb_shares_directory;official_source_url=https://m.bvb.ro/FinancialInstruments/Details/FinancialInstrumentsDetails.aspx?s=SINT,NASDAQ::SINT,NASDAQ,SINTX Technologies Inc,Stock,SE0000950982,,,false,existing_listing_keys=NASDAQ::SINT;existing_exchanges=NASDAQ;existing_isins=SE0000950982;same_isin_listing_keys=none;name_exact_match_listing_keys=none;asset_type_mismatch=false,official_isin|asset_type_consistent,exchange_context=BVB::NASDAQ;identity_resolution_queue=review_distinct_official_isin_new_listing;review_bucket=distinct_official_isin_new_listing_candidate;identity_evidence=official_isin|asset_type_consistent,ticker_reused_on_other_exchange|existing_isin_conflict|no_exact_name_match,review_distinct_official_isin_new_listing,distinct_official_isin_new_listing_candidate,P2,batch_review_distinct_isin_new_listing_candidates,official_target_exchange_listing_key_isin_name_instrument_type_listing_status,"Official target-exchange listing record for BVB::NASDAQ with listing key, ISIN, name, type, and status.","Do not add the listing until official target-exchange evidence proves key, ISIN, name, type, and active status.",new_listing_candidate_requires_official_listing_add_review,official_target_exchange_listing_key_isin_name_instrument_type_listing_status,add_only_after_official_listing_key_isin_name_exchange_and_scope_review
BVB::SNC,SNC,BVB,SANTIERUL NAVAL CONSTANTA S.A.,Stock,ROSANTACNOR3,,bvb_shares_directory,https://m.bvb.ro/FinancialInstruments/Details/FinancialInstrumentsDetails.aspx?s=SNC,official_source_key=bvb_shares_directory;official_source_url=https://m.bvb.ro/FinancialInstruments/Details/FinancialInstrumentsDetails.aspx?s=SNC,Euronext::SNC,Euronext,Sonaecom SGPS,Stock,PTSNC0AM0006,,,false,existing_listing_keys=Euronext::SNC;existing_exchanges=Euronext;existing_isins=PTSNC0AM0006;same_isin_listing_keys=none;name_exact_match_listing_keys=none;asset_type_mismatch=false,official_isin|asset_type_consistent,exchange_context=BVB::Euronext;identity_resolution_queue=review_distinct_official_isin_new_listing;review_bucket=distinct_official_isin_new_listing_candidate;identity_evidence=official_isin|asset_type_consistent,ticker_reused_on_other_exchange|existing_isin_conflict|no_exact_name_match,review_distinct_official_isin_new_listing,distinct_official_isin_new_listing_candidate,P2,batch_review_distinct_isin_new_listing_candidates,official_target_exchange_listing_key_isin_name_instrument_type_listing_status,"Official target-exchange listing record for BVB::Euronext with listing key, ISIN, name, type, and status.","Do not add the listing until official target-exchange evidence proves key, ISIN, name, type, and active status.",new_listing_candidate_requires_official_listing_add_review,official_target_exchange_listing_key_isin_name_instrument_type_listing_status,add_only_after_official_listing_key_isin_name_exchange_and_scope_review
BVB::SNG,SNG,BVB,S.N.G.N. ROMGAZ S.A.,Stock,ROSNGNACNOR3,,bvb_shares_directory,https://m.bvb.ro/FinancialInstruments/Details/FinancialInstrumentsDetails.aspx?s=SNG,official_source_key=bvb_shares_directory;official_source_url=https://m.bvb.ro/FinancialInstruments/Details/FinancialInstrumentsDetails.aspx?s=SNG,XETRA::SNG,XETRA,SINGULUS TECHNOL. EO 1,Stock,DE000A1681X5,,,false,existing_listing_keys=XETRA::SNG;existing_exchanges=XETRA;existing_isins=DE000A1681X5;same_isin_listing_keys=none;name_exact_match_listing_keys=none;asset_type_mismatch=false,official_isin|asset_type_consistent,exchange_context=BVB::XETRA;identity_resolution_queue=review_distinct_official_isin_new_listing;review_bucket=distinct_official_isin_new_listing_candidate;identity_evidence=official_isin|asset_type_consistent,ticker_reused_on_other_exchange|existing_isin_conflict|no_exact_name_match,review_distinct_official_isin_new_listing,distinct_official_isin_new_listing_candidate,P2,batch_review_distinct_isin_new_listing_candidates,official_target_exchange_listing_key_isin_name_instrument_type_listing_status,"Official target-exchange listing record for BVB::XETRA with listing key, ISIN, name, type, and status.","Do not add the listing until official target-exchange evidence proves key, ISIN, name, type, and active status.",new_listing_candidate_requires_official_listing_add_review,official_target_exchange_listing_key_isin_name_instrument_type_listing_status,add_only_after_official_listing_key_isin_name_exchange_and_scope_review
BVB::SNN,SNN,BVB,S.N. NUCLEARELECTRICA S.A.,Stock,ROSNNEACNOR8,,bvb_shares_directory,https://m.bvb.ro/FinancialInstruments/Details/FinancialInstrumentsDetails.aspx?s=SNN,official_source_key=bvb_shares_directory;official_source_url=https://m.bvb.ro/FinancialInstruments/Details/FinancialInstrumentsDetails.aspx?s=SNN,NYSE::SNN,NYSE,Smith & Nephew SNATS Inc,Stock,US83175M2052,,,false,existing_listing_keys=NYSE::SNN;existing_exchanges=NYSE;existing_isins=US83175M2052;same_isin_listing_keys=none;name_exact_match_listing_keys=none;asset_type_mismatch=false,official_isin|asset_type_consistent,exchange_context=BVB::NYSE;identity_resolution_queue=review_distinct_official_isin_new_listing;review_bucket=distinct_official_isin_new_listing_candidate;identity_evidence=official_isin|asset_type_consistent,ticker_reused_on_other_exchange|existing_isin_conflict|no_exact_name_match,review_distinct_official_isin_new_listing,distinct_official_isin_new_listing_candidate,P2,batch_review_distinct_isin_new_listing_candidates,official_target_exchange_listing_key_isin_name_instrument_type_listing_status,"Official target-exchange listing record for BVB::NYSE with listing key, ISIN, name, type, and status.","Do not add the listing until official target-exchange evidence proves key, ISIN, name, type, and active status.",new_listing_candidate_requires_official_listing_add_review,official_target_exchange_listing_key_isin_name_instrument_type_listing_status,add_only_after_official_listing_key_isin_name_exchange_and_scope_review
BVB::SPX,SPX,BVB,SIPEX COMPANY,Stock,ROKK42RQ8EU3,,bvb_shares_directory,https://m.bvb.ro/FinancialInstruments/Details/FinancialInstrumentsDetails.aspx?s=SPX,official_source_key=bvb_shares_directory;official_source_url=https://m.bvb.ro/FinancialInstruments/Details/FinancialInstrumentsDetails.aspx?s=SPX,LSE::SPX,LSE,Spirax Group plc,Stock,GB00BWFGQN14,,,false,existing_listing_keys=LSE::SPX;existing_exchanges=LSE;existing_isins=GB00BWFGQN14;same_isin_listing_keys=none;name_exact_match_listing_keys=none;asset_type_mismatch=false,official_isin|asset_type_consistent,exchange_context=BVB::LSE;identity_resolution_queue=review_distinct_official_isin_new_listing;review_bucket=distinct_official_isin_new_listing_candidate;identity_evidence=official_isin|asset_type_consistent,ticker_reused_on_other_exchange|existing_isin_conflict|no_exact_name_match,review_distinct_official_isin_new_listing,distinct_official_isin_new_listing_candidate,P2,batch_review_distinct_isin_new_listing_candidates,official_target_exchange_listing_key_isin_name_instrument_type_listing_status,"Official target-exchange listing record for BVB::LSE with listing key, ISIN, name, type, and status.","Do not add the listing until official target-exchange evidence proves key, ISIN, name, type, and active status.",new_listing_candidate_requires_official_listing_add_review,official_target_exchange_listing_key_isin_name_instrument_type_listing_status,add_only_after_official_listing_key_isin_name_exchange_and_scope_review
BVB::STZ,STZ,BVB,SINTEZA S.A.,Stock,ROSTZOACNOR8,,bvb_shares_directory,https://m.bvb.ro/FinancialInstruments/Details/FinancialInstrumentsDetails.aspx?s=STZ,official_source_key=bvb_shares_directory;official_source_url=https://m.bvb.ro/FinancialInstruments/Details/FinancialInstrumentsDetails.aspx?s=STZ,NYSE::STZ,NYSE,Constellation Brands Inc Class A,Stock,US21036P1084,,,false,existing_listing_keys=NYSE::STZ;existing_exchanges=NYSE;existing_isins=US21036P1084;same_isin_listing_keys=none;name_exact_match_listing_keys=none;asset_type_mismatch=false,official_isin|asset_type_consistent,exchange_context=BVB::NYSE;identity_resolution_queue=review_distinct_official_isin_new_listing;review_bucket=distinct_official_isin_new_listing_candidate;identity_evidence=official_isin|asset_type_consistent,ticker_reused_on_other_exchange|existing_isin_conflict|no_exact_name_match,review_distinct_official_isin_new_listing,distinct_official_isin_new_listing_candidate,P2,batch_review_distinct_isin_new_listing_candidates,official_target_exchange_listing_key_isin_name_instrument_type_listing_status,"Official target-exchange listing record for BVB::NYSE with listing key, ISIN, name, type, and status.","Do not add the listing until official target-exchange evidence proves key, ISIN, name, type, and active status.",new_listing_candidate_requires_official_listing_add_review,official_target_exchange_listing_key_isin_name_instrument_type_listing_status,add_only_after_official_listing_key_isin_name_exchange_and_scope_review
BVB::TEL,TEL,BVB,C.N.T.E.E. TRANSELECTRICA,Stock,ROTSELACNOR9,,bvb_shares_directory,https://m.bvb.ro/FinancialInstruments/Details/FinancialInstrumentsDetails.aspx?s=TEL,official_source_key=bvb_shares_directory;official_source_url=https://m.bvb.ro/FinancialInstruments/Details/FinancialInstrumentsDetails.aspx?s=TEL,NYSE::TEL,NYSE,TE Connectivity Ltd,Stock,IE000IVNQZ81,,,false,existing_listing_keys=NYSE::TEL;existing_exchanges=NYSE;existing_isins=IE000IVNQZ81;same_isin_listing_keys=none;name_exact_match_listing_keys=none;asset_type_mismatch=false,official_isin|asset_type_consistent,exchange_context=BVB::NYSE;identity_resolution_queue=review_distinct_official_isin_new_listing;review_bucket=distinct_official_isin_new_listing_candidate;identity_evidence=official_isin|asset_type_consistent,ticker_reused_on_other_exchange|existing_isin_conflict|no_exact_name_match,review_distinct_official_isin_new_listing,distinct_official_isin_new_listing_candidate,P2,batch_review_distinct_isin_new_listing_candidates,official_target_exchange_listing_key_isin_name_instrument_type_listing_status,"Official target-exchange listing record for BVB::NYSE with listing key, ISIN, name, type, and status.","Do not add the listing until official target-exchange evidence proves key, ISIN, name, type, and active status.",new_listing_candidate_requires_official_listing_add_review,official_target_exchange_listing_key_isin_name_instrument_type_listing_status,add_only_after_official_listing_key_isin_name_exchange_and_scope_review
BVB::TERA,TERA,BVB,TERRA ESTIVAL 2002 SA NEPTUN,Stock,ROTEREACNOR6,,bvb_shares_directory,https://m.bvb.ro/FinancialInstruments/Details/FinancialInstrumentsDetails.aspx?s=TERA,official_source_key=bvb_shares_directory;official_source_url=https://m.bvb.ro/FinancialInstruments/Details/FinancialInstrumentsDetails.aspx?s=TERA,SET::TERA,SET,TERABYTE PLUS PUBLIC COMPANY LIMITED,Stock,MU0337N00009,,,false,existing_listing_keys=SET::TERA;existing_exchanges=SET;existing_isins=MU0337N00009;same_isin_listing_keys=none;name_exact_match_listing_keys=none;asset_type_mismatch=false,official_isin|asset_type_consistent,exchange_context=BVB::SET;identity_resolution_queue=review_distinct_official_isin_new_listing;review_bucket=distinct_official_isin_new_listing_candidate;identity_evidence=official_isin|asset_type_consistent,ticker_reused_on_other_exchange|existing_isin_conflict|no_exact_name_match,review_distinct_official_isin_new_listing,distinct_official_isin_new_listing_candidate,P2,batch_review_distinct_isin_new_listing_candidates,official_target_exchange_listing_key_isin_name_instrument_type_listing_status,"Official target-exchange listing record for BVB::SET with listing key, ISIN, name, type, and status.","Do not add the listing until official target-exchange evidence proves key, ISIN, name, type, and active status.",new_listing_candidate_requires_official_listing_add_review,official_target_exchange_listing_key_isin_name_instrument_type_listing_status,add_only_after_official_listing_key_isin_name_exchange_and_scope_review
BVB::TRCS,TRCS,BVB,TRANSTEC SA TECUCI,Stock,ROTRCSACNOR0,,bvb_shares_directory,https://m.bvb.ro/FinancialInstruments/Details/FinancialInstrumentsDetails.aspx?s=TRCS,official_source_key=bvb_shares_directory;official_source_url=https://m.bvb.ro/FinancialInstruments/Details/FinancialInstrumentsDetails.aspx?s=TRCS,LSE::TRCS,LSE,Tracsis Plc,Stock,GB00B28HSF71,,,false,existing_listing_keys=LSE::TRCS;existing_exchanges=LSE;existing_isins=GB00B28HSF71;same_isin_listing_keys=none;name_exact_match_listing_keys=none;asset_type_mismatch=false,official_isin|asset_type_consistent,exchange_context=BVB::LSE;identity_resolution_queue=review_distinct_official_isin_new_listing;review_bucket=distinct_official_isin_new_listing_candidate;identity_evidence=official_isin|asset_type_consistent,ticker_reused_on_other_exchange|existing_isin_conflict|no_exact_name_match,review_distinct_official_isin_new_listing,distinct_official_isin_new_listing_candidate,P2,batch_review_distinct_isin_new_listing_candidates,official_target_exchange_listing_key_isin_name_instrument_type_listing_status,"Official target-exchange listing record for BVB::LSE with listing key, ISIN, name, type, and status.","Do not add the listing until official target-exchange evidence proves key, ISIN, name, type, and active status.",new_listing_candidate_requires_official_listing_add_review,official_target_exchange_listing_key_isin_name_instrument_type_listing_status,add_only_after_official_listing_key_isin_name_exchange_and_scope_review
BVB::TRP,TRP,BVB,TERAPLAST SA,Stock,ROTRPLACNOR7,,bvb_shares_directory,https://m.bvb.ro/FinancialInstruments/Details/FinancialInstrumentsDetails.aspx?s=TRP,official_source_key=bvb_shares_directory;official_source_url=https://m.bvb.ro/FinancialInstruments/Details/FinancialInstrumentsDetails.aspx?s=TRP,NYSE::TRP,NYSE,TC Energy Corp,Stock,CA87807B9905,,,false,existing_listing_keys=NYSE::TRP;existing_exchanges=NYSE;existing_isins=CA87807B9905;same_isin_listing_keys=none;name_exact_match_listing_keys=none;asset_type_mismatch=false,official_isin|asset_type_consistent,exchange_context=BVB::NYSE;identity_resolution_queue=review_distinct_official_isin_new_listing;review_bucket=distinct_official_isin_new_listing_candidate;identity_evidence=official_isin|asset_type_consistent,ticker_reused_on_other_exchange|existing_isin_conflict|no_exact_name_match,review_distinct_official_isin_new_listing,distinct_official_isin_new_listing_candidate,P2,batch_review_distinct_isin_new_listing_candidates,official_target_exchange_listing_key_isin_name_instrument_type_listing_status,"Official target-exchange listing record for BVB::NYSE with listing key, ISIN, name, type, and status.","Do not add the listing until official target-exchange evidence proves key, ISIN, name, type, and active status.",new_listing_candidate_requires_official_listing_add_review,official_target_exchange_listing_key_isin_name_instrument_type_listing_status,add_only_after_official_listing_key_isin_name_exchange_and_scope_review
BVB::TRSB,TRSB,BVB,TRANSCOM SA SIBIU,Stock,ROTRSBACNOR2,,bvb_shares_directory,https://m.bvb.ro/FinancialInstruments/Details/FinancialInstrumentsDetails.aspx?s=TRSB,official_source_key=bvb_shares_directory;official_source_url=https://m.bvb.ro/FinancialInstruments/Details/FinancialInstrumentsDetails.aspx?s=TRSB,OSL::TRSB,OSL,TRØNDELAG SPBK,Stock,NO0010788268,,,false,existing_listing_keys=OSL::TRSB;existing_exchanges=OSL;existing_isins=NO0010788268;same_isin_listing_keys=none;name_exact_match_listing_keys=none;asset_type_mismatch=false,official_isin|asset_type_consistent,exchange_context=BVB::OSL;identity_resolution_queue=review_distinct_official_isin_new_listing;review_bucket=distinct_official_isin_new_listing_candidate;identity_evidence=official_isin|asset_type_consistent,ticker_reused_on_other_exchange|existing_isin_conflict|no_exact_name_match,review_distinct_official_isin_new_listing,distinct_official_isin_new_listing_candidate,P2,batch_review_distinct_isin_new_listing_candidates,official_target_exchange_listing_key_isin_name_instrument_type_listing_status,"Official target-exchange listing record for BVB::OSL with listing key, ISIN, name, type, and status.","Do not add the listing until official target-exchange evidence proves key, ISIN, name, type, and active status.",new_listing_candidate_requires_official_listing_add_review,official_target_exchange_listing_key_isin_name_instrument_type_listing_status,add_only_after_official_listing_key_isin_name_exchange_and_scope_review
BVB::UNIR,UNIR,BVB,UNIREA SA CLUJ NAPOCA,Stock,ROUNIRACNOR6,,bvb_shares_directory,https://m.bvb.ro/FinancialInstruments/Details/FinancialInstrumentsDetails.aspx?s=UNIR,official_source_key=bvb_shares_directory;official_source_url=https://m.bvb.ro/FinancialInstruments/Details/FinancialInstrumentsDetails.aspx?s=UNIR,OTC::UNIR,OTC,Uniroyal Global Engineered Products Inc,Stock,US90916U2069,,,false,existing_listing_keys=OTC::UNIR;existing_exchanges=OTC;existing_isins=US90916U2069;same_isin_listing_keys=none;name_exact_match_listing_keys=none;asset_type_mismatch=false,official_isin|asset_type_consistent,exchange_context=BVB::OTC;identity_resolution_queue=review_distinct_official_isin_new_listing;review_bucket=distinct_official_isin_new_listing_candidate;identity_evidence=official_isin|asset_type_consistent,ticker_reused_on_other_exchange|existing_isin_conflict|no_exact_name_match,review_distinct_official_isin_new_listing,distinct_official_isin_new_listing_candidate,P2,batch_review_distinct_isin_new_listing_candidates,official_target_exchange_listing_key_isin_name_instrument_type_listing_status,"Official target-exchange listing record for BVB::OTC with listing key, ISIN, name, type, and status.","Do not add the listing until official target-exchange evidence proves key, ISIN, name, type, and active status.",new_listing_candidate_requires_official_listing_add_review,official_target_exchange_listing_key_isin_name_instrument_type_listing_status,add_only_after_official_listing_key_isin_name_exchange_and_scope_review
BVB::VAC,VAC,BVB,PRODVINALCO S.A.,Stock,ROPROCACNOR7,,bvb_shares_directory,https://m.bvb.ro/FinancialInstruments/Details/FinancialInstrumentsDetails.aspx?s=VAC,official_source_key=bvb_shares_directory;official_source_url=https://m.bvb.ro/FinancialInstruments/Details/FinancialInstrumentsDetails.aspx?s=VAC,NYSE::VAC,NYSE,Marriot Vacations Worldwide,Stock,US57164Y1073,,,false,existing_listing_keys=NYSE::VAC;existing_exchanges=NYSE;existing_isins=US57164Y1073;same_isin_listing_keys=none;name_exact_match_listing_keys=none;asset_type_mismatch=false,official_isin|asset_type_consistent,exchange_context=BVB::NYSE;identity_resolution_queue=review_distinct_official_isin_new_listing;review_bucket=distinct_official_isin_new_listing_candidate;identity_evidence=official_isin|asset_type_consistent,ticker_reused_on_other_exchange|existing_isin_conflict|no_exact_name_match,review_distinct_official_isin_new_listing,distinct_official_isin_new_listing_candidate,P2,batch_review_distinct_isin_new_listing_candidates,official_target_exchange_listing_key_isin_name_instrument_type_listing_status,"Official target-exchange listing record for BVB::NYSE with listing key, ISIN, name, type, and status.","Do not add the listing until official target-exchange evidence proves key, ISIN, name, type, and active status.",new_listing_candidate_requires_official_listing_add_review,official_target_exchange_listing_key_isin_name_instrument_type_listing_status,add_only_after_official_listing_key_isin_name_exchange_and_scope_review
CSE_MA::BCP,BCP,CSE_MA,BCP,Stock,MA0000011884,,cse_ma_listed_companies,https://www.casablanca-bourse.com/en/live-market/instruments/BCP,official_source_key=cse_ma_listed_companies;official_source_url=https://www.casablanca-bourse.com/en/live-market/instruments/BCP,Euronext::BCP,Euronext,Banco Comercial Portugues,Stock,PTBCP0AM0015,,,false,existing_listing_keys=Euronext::BCP;existing_exchanges=Euronext;existing_isins=PTBCP0AM0015;same_isin_listing_keys=none;name_exact_match_listing_keys=none;asset_type_mismatch=false,official_isin|asset_type_consistent,exchange_context=CSE_MA::Euronext;identity_resolution_queue=review_distinct_official_isin_new_listing;review_bucket=distinct_official_isin_new_listing_candidate;identity_evidence=official_isin|asset_type_consistent,ticker_reused_on_other_exchange|existing_isin_conflict|no_exact_name_match,review_distinct_official_isin_new_listing,distinct_official_isin_new_listing_candidate,P2,batch_review_distinct_isin_new_listing_candidates,official_target_exchange_listing_key_isin_name_instrument_type_listing_status,"Official target-exchange listing record for CSE_MA::Euronext with listing key, ISIN, name, type, and status.","Do not add the listing until official target-exchange evidence proves key, ISIN, name, type, and active status.",new_listing_candidate_requires_official_listing_add_review,official_target_exchange_listing_key_isin_name_instrument_type_listing_status,add_only_after_official_listing_key_isin_name_exchange_and_scope_review
CSE_MA::CAP,CAP,CSE_MA,CASH PLUS S.A,Stock,MA0000012767,,cse_ma_listed_companies,https://www.casablanca-bourse.com/en/live-market/instruments/CAP,official_source_key=cse_ma_listed_companies;official_source_url=https://www.casablanca-bourse.com/en/live-market/instruments/CAP,Euronext::CAP,Euronext,Capgemini SE,Stock,FR0000125338,,,false,existing_listing_keys=Euronext::CAP;existing_exchanges=Euronext;existing_isins=FR0000125338;same_isin_listing_keys=none;name_exact_match_listing_keys=none;asset_type_mismatch=false,official_isin|asset_type_consistent,exchange_context=CSE_MA::Euronext;identity_resolution_queue=review_distinct_official_isin_new_listing;review_bucket=distinct_official_isin_new_listing_candidate;identity_evidence=official_isin|asset_type_consistent,ticker_reused_on_other_exchange|existing_isin_conflict|no_exact_name_match,review_distinct_official_isin_new_listing,distinct_official_isin_new_listing_candidate,P2,batch_review_distinct_isin_new_listing_candidates,official_target_exchange_listing_key_isin_name_instrument_type_listing_status,"Official target-exchange listing record for CSE_MA::Euronext with listing key, ISIN, name, type, and status.","Do not add the listing until official target-exchange evidence proves key, ISIN, name, type, and active status.",new_listing_candidate_requires_official_listing_add_review,official_target_exchange_listing_key_isin_name_instrument_type_listing_status,add_only_after_official_listing_key_isin_name_exchange_and_scope_review
CSE_MA::CDM,CDM,CSE_MA,CDM,Stock,MA0000010381,,cse_ma_listed_companies,https://www.casablanca-bourse.com/en/live-market/instruments/CDM,official_source_key=cse_ma_listed_companies;official_source_url=https://www.casablanca-bourse.com/en/live-market/instruments/CDM,ASX::CDM,ASX,CADENCE CAPITAL LIMITED,Stock,AU000000CDM8,,,false,existing_listing_keys=ASX::CDM;existing_exchanges=ASX;existing_isins=AU000000CDM8;same_isin_listing_keys=none;name_exact_match_listing_keys=none;asset_type_mismatch=false,official_isin|asset_type_consistent,exchange_context=CSE_MA::ASX;identity_resolution_queue=review_distinct_official_isin_new_listing;review_bucket=distinct_official_isin_new_listing_candidate;identity_evidence=official_isin|asset_type_consistent,ticker_reused_on_other_exchange|existing_isin_conflict|no_exact_name_match,review_distinct_official_isin_new_listing,distinct_official_isin_new_listing_candidate,P2,batch_review_distinct_isin_new_listing_candidates,official_target_exchange_listing_key_isin_name_instrument_type_listing_status,"Official target-exchange listing record for CSE_MA::ASX with listing key, ISIN, name, type, and status.","Do not add the listing until official target-exchange evidence proves key, ISIN, name, type, and active status.",new_listing_candidate_requires_official_listing_add_review,official_target_exchange_listing_key_isin_name_instrument_type_listing_status,add_only_after_official_listing_key_isin_name_exchange_and_scope_review
CSE_MA::CTM,CTM,CSE_MA,CTM,Stock,MA0000010340,,cse_ma_listed_companies,https://www.casablanca-bourse.com/en/live-market/instruments/CTM,official_source_key=cse_ma_listed_companies;official_source_url=https://www.casablanca-bourse.com/en/live-market/instruments/CTM,NYSE MKT::CTM,NYSE MKT,Castellum Inc.,Stock,AU000000CTM4,,,false,existing_listing_keys=NYSE MKT::CTM;existing_exchanges=NYSE MKT;existing_isins=AU000000CTM4;same_isin_listing_keys=none;name_exact_match_listing_keys=none;asset_type_mismatch=false,official_isin|asset_type_consistent,exchange_context=CSE_MA::NYSE MKT;identity_resolution_queue=review_distinct_official_isin_new_listing;review_bucket=distinct_official_isin_new_listing_candidate;identity_evidence=official_isin|asset_type_consistent,ticker_reused_on_other_exchange|existing_isin_conflict|no_exact_name_match,review_distinct_official_isin_new_listing,distinct_official_isin_new_listing_candidate,P2,batch_review_distinct_isin_new_listing_candidates,official_target_exchange_listing_key_isin_name_instrument_type_listing_status,"Official target-exchange listing record for CSE_MA::NYSE MKT with listing key, ISIN, name, type, and status.","Do not add the listing until official target-exchange evidence proves key, ISIN, name, type, and active status.",new_listing_candidate_requires_official_listing_add_review,official_target_exchange_listing_key_isin_name_instrument_type_listing_status,add_only_after_official_listing_key_isin_name_exchange_and_scope_review
CSE_MA::GTM,GTM,CSE_MA,SGTM S.A,Stock,MA0000012783,,cse_ma_listed_companies,https://www.casablanca-bourse.com/en/live-market/instruments/GTM,official_source_key=cse_ma_listed_companies;official_source_url=https://www.casablanca-bourse.com/en/live-market/instruments/GTM,NASDAQ::GTM,NASDAQ,ZoomInfo Technologies Inc.,Stock,US98980F1049,,,false,existing_listing_keys=NASDAQ::GTM;existing_exchanges=NASDAQ;existing_isins=US98980F1049;same_isin_listing_keys=none;name_exact_match_listing_keys=none;asset_type_mismatch=false,official_isin|asset_type_consistent,exchange_context=CSE_MA::NASDAQ;identity_resolution_queue=review_distinct_official_isin_new_listing;review_bucket=distinct_official_isin_new_listing_candidate;identity_evidence=official_isin|asset_type_consistent,ticker_reused_on_other_exchange|existing_isin_conflict|no_exact_name_match,review_distinct_official_isin_new_listing,distinct_official_isin_new_listing_candidate,P2,batch_review_distinct_isin_new_listing_candidates,official_target_exchange_listing_key_isin_name_instrument_type_listing_status,"Official target-exchange listing record for CSE_MA::NASDAQ with listing key, ISIN, name, type, and status.","Do not add the listing until official target-exchange evidence proves key, ISIN, name, type, and active status.",new_listing_candidate_requires_official_listing_add_review,official_target_exchange_listing_key_isin_name_instrument_type_listing_status,add_only_after_official_listing_key_isin_name_exchange_and_scope_review
CSE_MA::HPS,HPS,CSE_MA,HPS,Stock,MA0000012619,,cse_ma_listed_companies,https://www.casablanca-bourse.com/en/live-market/instruments/HPS,official_source_key=cse_ma_listed_companies;official_source_url=https://www.casablanca-bourse.com/en/live-market/instruments/HPS,WSE::HPS,WSE,Hydrapres,Stock,PLHDRAP00017,,,false,existing_listing_keys=WSE::HPS;existing_exchanges=WSE;existing_isins=PLHDRAP00017;same_isin_listing_keys=none;name_exact_match_listing_keys=none;asset_type_mismatch=false,official_isin|asset_type_consistent,exchange_context=CSE_MA::WSE;identity_resolution_queue=review_distinct_official_isin_new_listing;review_bucket=distinct_official_isin_new_listing_candidate;identity_evidence=official_isin|asset_type_consistent,ticker_reused_on_other_exchange|existing_isin_conflict|no_exact_name_match,review_distinct_official_isin_new_listing,distinct_official_isin_new_listing_candidate,P2,batch_review_distinct_isin_new_listing_candidates,official_target_exchange_listing_key_isin_name_instrument_type_listing_status,"Official target-exchange listing record for CSE_MA::WSE with listing key, ISIN, name, type, and status.","Do not add the listing until official target-exchange evidence proves key, ISIN, name, type, and active status.",new_listing_candidate_requires_official_listing_add_review,official_target_exchange_listing_key_isin_name_instrument_type_listing_status,add_only_after_official_listing_key_isin_name_exchange_and_scope_review
CSE_MA::IBC,IBC,CSE_MA,IB MAROC.COM,Stock,MA0000011132,,cse_ma_listed_companies,https://www.casablanca-bourse.com/en/live-market/instruments/IBC,official_source_key=cse_ma_listed_companies;official_source_url=https://www.casablanca-bourse.com/en/live-market/instruments/IBC,WSE::IBC,WSE,IBC POLSKA F&P SPÓŁKA AKCYJNA,Stock,PLIBCPL00018,,,false,existing_listing_keys=WSE::IBC;existing_exchanges=WSE;existing_isins=PLIBCPL00018;same_isin_listing_keys=none;name_exact_match_listing_keys=none;asset_type_mismatch=false,official_isin|asset_type_consistent,exchange_context=CSE_MA::WSE;identity_resolution_queue=review_distinct_official_isin_new_listing;review_bucket=distinct_official_isin_new_listing_candidate;identity_evidence=official_isin|asset_type_consistent,ticker_reused_on_other_exchange|existing_isin_conflict|no_exact_name_match,review_distinct_official_isin_new_listing,distinct_official_isin_new_listing_candidate,P2,batch_review_distinct_isin_new_listing_candidates,official_target_exchange_listing_key_isin_name_instrument_type_listing_status,"Official target-exchange listing record for CSE_MA::WSE with listing key, ISIN, name, type, and status.","Do not add the listing until official target-exchange evidence proves key, ISIN, name, type, and active status.",new_listing_candidate_requires_official_listing_add_review,official_target_exchange_listing_key_isin_name_instrument_type_listing_status,add_only_after_official_listing_key_isin_name_exchange_and_scope_review
CSE_MA::MDP,MDP,CSE_MA,MED PAPER,Stock,MA0000012593,,cse_ma_listed_companies,https://www.casablanca-bourse.com/en/live-market/instruments/MDP,official_source_key=cse_ma_listed_companies;official_source_url=https://www.casablanca-bourse.com/en/live-market/instruments/MDP,TSX::MDP,TSX,Medexus Pharmaceuticals Inc.,Stock,CA58410Q2036,,,false,existing_listing_keys=TSX::MDP;existing_exchanges=TSX;existing_isins=CA58410Q2036;same_isin_listing_keys=none;name_exact_match_listing_keys=none;asset_type_mismatch=false,official_isin|asset_type_consistent,exchange_context=CSE_MA::TSX;identity_resolution_queue=review_distinct_official_isin_new_listing;review_bucket=distinct_official_isin_new_listing_candidate;identity_evidence=official_isin|asset_type_consistent,ticker_reused_on_other_exchange|existing_isin_conflict|no_exact_name_match,review_distinct_official_isin_new_listing,distinct_official_isin_new_listing_candidate,P2,batch_review_distinct_isin_new_listing_candidates,official_target_exchange_listing_key_isin_name_instrument_type_listing_status,"Official target-exchange listing record for CSE_MA::TSX with listing key, ISIN, name, type, and status.","Do not add the listing until official target-exchange evidence proves key, ISIN, name, type, and active status.",new_listing_candidate_requires_official_listing_add_review,official_target_exchange_listing_key_isin_name_instrument_type_listing_status,add_only_after_official_listing_key_isin_name_exchange_and_scope_review
DFM::ALEC,ALEC,DFM,ALEC Holdings PJSC,Stock,AEE01710A255,Industrials,dfm_listed_securities,https://api2.dfm.ae/web/widgets/v1/data,official_source_key=dfm_listed_securities;official_source_url=https://api2.dfm.ae/web/widgets/v1/data,NASDAQ::ALEC,NASDAQ,Alector Inc,Stock,US0144421072,,,false,existing_listing_keys=NASDAQ::ALEC;existing_exchanges=NASDAQ;existing_isins=US0144421072;same_isin_listing_keys=none;name_exact_match_listing_keys=none;asset_type_mismatch=false,official_isin|asset_type_consistent,exchange_context=DFM::NASDAQ;identity_resolution_queue=review_distinct_official_isin_new_listing;review_bucket=distinct_official_isin_new_listing_candidate;identity_evidence=official_isin|asset_type_consistent,ticker_reused_on_other_exchange|existing_isin_conflict|no_exact_name_match,review_distinct_official_isin_new_listing,distinct_official_isin_new_listing_candidate,P2,batch_review_distinct_isin_new_listing_candidates,official_target_exchange_listing_key_isin_name_instrument_type_listing_status,"Official target-exchange listing record for DFM::NASDAQ with listing key, ISIN, name, type, and status.","Do not add the listing until official target-exchange evidence proves key, ISIN, name, type, and active status.",new_listing_candidate_requires_official_listing_add_review,official_target_exchange_listing_key_isin_name_instrument_type_listing_status,add_only_after_official_listing_key_isin_name_exchange_and_scope_review
DFM::AMAN,AMAN,DFM,Dubai Islamic Insurance and Reinsurance Co. PJSC,Stock,AED000401011,Financials,dfm_listed_securities,https://api2.dfm.ae/web/widgets/v1/data,official_source_key=dfm_listed_securities;official_source_url=https://api2.dfm.ae/web/widgets/v1/data,IDX::AMAN,IDX,Makmur Berkah Amanda Pt,Stock,ID1000155005,,,false,existing_listing_keys=IDX::AMAN;existing_exchanges=IDX;existing_isins=ID1000155005;same_isin_listing_keys=none;name_exact_match_listing_keys=none;asset_type_mismatch=false,official_isin|asset_type_consistent,exchange_context=DFM::IDX;identity_resolution_queue=review_distinct_official_isin_new_listing;review_bucket=distinct_official_isin_new_listing_candidate;identity_evidence=official_isin|asset_type_consistent,ticker_reused_on_other_exchange|existing_isin_conflict|no_exact_name_match,review_distinct_official_isin_new_listing,distinct_official_isin_new_listing_candidate,P2,batch_review_distinct_isin_new_listing_candidates,official_target_exchange_listing_key_isin_name_instrument_type_listing_status,"Official target-exchange listing record for DFM::IDX with listing key, ISIN, name, type, and status.","Do not add the listing until official target-exchange evidence proves key, ISIN, name, type, and active status.",new_listing_candidate_requires_official_listing_add_review,official_target_exchange_listing_key_isin_name_instrument_type_listing_status,add_only_after_official_listing_key_isin_name_exchange_and_scope_review
DFM::CBD,CBD,DFM,Commercial Bank of Dubai PJSC,Stock,AEC000201017,Financials,dfm_listed_securities,https://api2.dfm.ae/web/widgets/v1/data,official_source_key=dfm_listed_securities;official_source_url=https://api2.dfm.ae/web/widgets/v1/data,WSE::CBD,WSE,Cannabis Poland S.A.,Stock,PLBLOCM00013,,,false,existing_listing_keys=WSE::CBD;existing_exchanges=WSE;existing_isins=PLBLOCM00013;same_isin_listing_keys=none;name_exact_match_listing_keys=none;asset_type_mismatch=false,official_isin|asset_type_consistent,exchange_context=DFM::WSE;identity_resolution_queue=review_distinct_official_isin_new_listing;review_bucket=distinct_official_isin_new_listing_candidate;identity_evidence=official_isin|asset_type_consistent,ticker_reused_on_other_exchange|existing_isin_conflict|no_exact_name_match,review_distinct_official_isin_new_listing,distinct_official_isin_new_listing_candidate,P2,batch_review_distinct_isin_new_listing_candidates,official_target_exchange_listing_key_isin_name_instrument_type_listing_status,"Official target-exchange listing record for DFM::WSE with listing key, ISIN, name, type, and status.","Do not add the listing until official target-exchange evidence proves key, ISIN, name, type, and active status.",new_listing_candidate_requires_official_listing_add_review,official_target_exchange_listing_key_isin_name_instrument_type_listing_status,add_only_after_official_listing_key_isin_name_exchange_and_scope_review
DFM::DEWA,DEWA,DFM,Dubai Electricity & Water Authority PJSC,Stock,AED001801011,Utilities,dfm_listed_securities,https://api2.dfm.ae/web/widgets/v1/data,official_source_key=dfm_listed_securities;official_source_url=https://api2.dfm.ae/web/widgets/v1/data,IDX::DEWA,IDX,Darma Henwa Tbk,Stock,ID1000107303,,,false,existing_listing_keys=IDX::DEWA;existing_exchanges=IDX;existing_isins=ID1000107303;same_isin_listing_keys=none;name_exact_match_listing_keys=none;asset_type_mismatch=false,official_isin|asset_type_consistent,exchange_context=DFM::IDX;identity_resolution_queue=review_distinct_official_isin_new_listing;review_bucket=distinct_official_isin_new_listing_candidate;identity_evidence=official_isin|asset_type_consistent,ticker_reused_on_other_exchange|existing_isin_conflict|no_exact_name_match,review_distinct_official_isin_new_listing,distinct_official_isin_new_listing_candidate,P2,batch_review_distinct_isin_new_listing_candidates,official_target_exchange_listing_key_isin_name_instrument_type_listing_status,"Official target-exchange listing record for DFM::IDX with listing key, ISIN, name, type, and status.","Do not add the listing until official target-exchange evidence proves key, ISIN, name, type, and active status.",new_listing_candidate_requires_official_listing_add_review,official_target_exchange_listing_key_isin_name_instrument_type_listing_status,add_only_after_official_listing_key_isin_name_exchange_and_scope_review
DFM::DIB,DIB,DFM,Dubai Islamic Bank PJSC,Stock,AED000201015,Financials,dfm_listed_securities,https://api2.dfm.ae/web/widgets/v1/data,official_source_key=dfm_listed_securities;official_source_url=https://api2.dfm.ae/web/widgets/v1/data,JSE::DIB,JSE,Dipula Income Fund Ltd,Stock,ZAE000203394,,,false,existing_listing_keys=JSE::DIB;existing_exchanges=JSE;existing_isins=ZAE000203394;same_isin_listing_keys=none;name_exact_match_listing_keys=none;asset_type_mismatch=false,official_isin|asset_type_consistent,exchange_context=DFM::JSE;identity_resolution_queue=review_distinct_official_isin_new_listing;review_bucket=distinct_official_isin_new_listing_candidate;identity_evidence=official_isin|asset_type_consistent,ticker_reused_on_other_exchange|existing_isin_conflict|no_exact_name_match,review_distinct_official_isin_new_listing,distinct_official_isin_new_listing_candidate,P2,batch_review_distinct_isin_new_listing_candidates,official_target_exchange_listing_key_isin_name_instrument_type_listing_status,"Official target-exchange listing record for DFM::JSE with listing key, ISIN, name, type, and status.","Do not add the listing until official target-exchange evidence proves key, ISIN, name, type, and active status.",new_listing_candidate_requires_official_listing_add_review,official_target_exchange_listing_key_isin_name_instrument_type_listing_status,add_only_after_official_listing_key_isin_name_exchange_and_scope_review
DFM::DIN,DIN,DFM,Dubai Insurance Co. PJSC,Stock,AED000301013,Financials,dfm_listed_securities,https://api2.dfm.ae/web/widgets/v1/data,official_source_key=dfm_listed_securities;official_source_url=https://api2.dfm.ae/web/widgets/v1/data,NYSE::DIN,NYSE,Dine Brands Global Inc,Stock,US2544231069,,,false,existing_listing_keys=NYSE::DIN;existing_exchanges=NYSE;existing_isins=US2544231069;same_isin_listing_keys=none;name_exact_match_listing_keys=none;asset_type_mismatch=false,official_isin|asset_type_consistent,exchange_context=DFM::NYSE;identity_resolution_queue=review_distinct_official_isin_new_listing;review_bucket=distinct_official_isin_new_listing_candidate;identity_evidence=official_isin|asset_type_consistent,ticker_reused_on_other_exchange|existing_isin_conflict|no_exact_name_match,review_distinct_official_isin_new_listing,distinct_official_isin_new_listing_candidate,P2,batch_review_distinct_isin_new_listing_candidates,official_target_exchange_listing_key_isin_name_instrument_type_listing_status,"Official target-exchange listing record for DFM::NYSE with listing key, ISIN, name, type, and status.","Do not add the listing until official target-exchange evidence proves key, ISIN, name, type, and active status.",new_listing_candidate_requires_official_listing_add_review,official_target_exchange_listing_key_isin_name_instrument_type_listing_status,add_only_after_official_listing_key_isin_name_exchange_and_scope_review
DFM::DRC,DRC,DFM,Dubai Refreshment Company PJSC,Stock,AED000501018,Consumer Staples,dfm_listed_securities,https://api2.dfm.ae/web/widgets/v1/data,official_source_key=dfm_listed_securities;official_source_url=https://api2.dfm.ae/web/widgets/v1/data,HOSE::DRC,HOSE,Danang Rubber JSC,Stock,VN000000DRC8,,,false,existing_listing_keys=HOSE::DRC;existing_exchanges=HOSE;existing_isins=VN000000DRC8;same_isin_listing_keys=none;name_exact_match_listing_keys=none;asset_type_mismatch=false,official_isin|asset_type_consistent,exchange_context=DFM::HOSE;identity_resolution_queue=review_distinct_official_isin_new_listing;review_bucket=distinct_official_isin_new_listing_candidate;identity_evidence=official_isin|asset_type_consistent,ticker_reused_on_other_exchange|existing_isin_conflict|no_exact_name_match,review_distinct_official_isin_new_listing,distinct_official_isin_new_listing_candidate,P2,batch_review_distinct_isin_new_listing_candidates,official_target_exchange_listing_key_isin_name_instrument_type_listing_status,"Official target-exchange listing record for DFM::HOSE with listing key, ISIN, name, type, and status.","Do not add the listing until official target-exchange evidence proves key, ISIN, name, type, and active status.",new_listing_candidate_requires_official_listing_add_review,official_target_exchange_listing_key_isin_name_instrument_type_listing_status,add_only_after_official_listing_key_isin_name_exchange_and_scope_review
DFM::DTC,DTC,DFM,Dubai Taxi Company PJSC,Stock,AEE01356D236,Industrials,dfm_listed_securities,https://api2.dfm.ae/web/widgets/v1/data,official_source_key=dfm_listed_securities;official_source_url=https://api2.dfm.ae/web/widgets/v1/data,JSE::DTC,JSE,Datatec,Stock,ZAE000017745,,,false,existing_listing_keys=JSE::DTC;existing_exchanges=JSE;existing_isins=ZAE000017745;same_isin_listing_keys=none;name_exact_match_listing_keys=none;asset_type_mismatch=false,official_isin|asset_type_consistent,exchange_context=DFM::JSE;identity_resolution_queue=review_distinct_official_isin_new_listing;review_bucket=distinct_official_isin_new_listing_candidate;identity_evidence=official_isin|asset_type_consistent,ticker_reused_on_other_exchange|existing_isin_conflict|no_exact_name_match,review_distinct_official_isin_new_listing,distinct_official_isin_new_listing_candidate,P2,batch_review_distinct_isin_new_listing_candidates,official_target_exchange_listing_key_isin_name_instrument_type_listing_status,"Official target-exchange listing record for DFM::JSE with listing key, ISIN, name, type, and status.","Do not add the listing until official target-exchange evidence proves key, ISIN, name, type, and active status.",new_listing_candidate_requires_official_listing_add_review,official_target_exchange_listing_key_isin_name_instrument_type_listing_status,add_only_after_official_listing_key_isin_name_exchange_and_scope_review
DFM::EIB,EIB,DFM,Emirates Islamic Bank PJSC,Stock,AEE000501016,,dfm_listed_securities,https://api2.dfm.ae/web/widgets/v1/data,official_source_key=dfm_listed_securities;official_source_url=https://api2.dfm.ae/web/widgets/v1/data,HOSE::EIB,HOSE,Vietnam Export Import Commercial Joint Stock Bank,Stock,VN000000EIB7,,,false,existing_listing_keys=HOSE::EIB;existing_exchanges=HOSE;existing_isins=VN000000EIB7;same_isin_listing_keys=none;name_exact_match_listing_keys=none;asset_type_mismatch=false,official_isin|asset_type_consistent,exchange_context=DFM::HOSE;identity_resolution_queue=review_distinct_official_isin_new_listing;review_bucket=distinct_official_isin_new_listing_candidate;identity_evidence=official_isin|asset_type_consistent,ticker_reused_on_other_exchange|existing_isin_conflict|no_exact_name_match,review_distinct_official_isin_new_listing,distinct_official_isin_new_listing_candidate,P2,batch_review_distinct_isin_new_listing_candidates,official_target_exchange_listing_key_isin_name_instrument_type_listing_status,"Official target-exchange listing record for DFM::HOSE with listing key, ISIN, name, type, and status.","Do not add the listing until official target-exchange evidence proves key, ISIN, name, type, and active status.",new_listing_candidate_requires_official_listing_add_review,official_target_exchange_listing_key_isin_name_instrument_type_listing_status,add_only_after_official_listing_key_isin_name_exchange_and_scope_review
DFM::ERC,ERC,DFM,Emirates Reem Investments Company PJSC,Stock,AEJ000101014,Consumer Staples,dfm_listed_securities,https://api2.dfm.ae/web/widgets/v1/data,official_source_key=dfm_listed_securities;official_source_url=https://api2.dfm.ae/web/widgets/v1/data,NYSE MKT::ERC,NYSE MKT,Allspring Multi Sector Income Fund,Stock,US94987D1019,,,false,existing_listing_keys=NYSE MKT::ERC;existing_exchanges=NYSE MKT;existing_isins=US94987D1019;same_isin_listing_keys=none;name_exact_match_listing_keys=none;asset_type_mismatch=false,official_isin|asset_type_consistent,exchange_context=DFM::NYSE MKT;identity_resolution_queue=review_distinct_official_isin_new_listing;review_bucket=distinct_official_isin_new_listing_candidate;identity_evidence=official_isin|asset_type_consistent,ticker_reused_on_other_exchange|existing_isin_conflict|no_exact_name_match,review_distinct_official_isin_new_listing,distinct_official_isin_new_listing_candidate,P2,batch_review_distinct_isin_new_listing_candidates,official_target_exchange_listing_key_isin_name_instrument_type_listing_status,"Official target-exchange listing record for DFM::NYSE MKT with listing key, ISIN, name, type, and status.","Do not add the listing until official target-exchange evidence proves key, ISIN, name, type, and active status.",new_listing_candidate_requires_official_listing_add_review,official_target_exchange_listing_key_isin_name_instrument_type_listing_status,add_only_after_official_listing_key_isin_name_exchange_and_scope_review
DFM::IFA,IFA,DFM,International Financial Advisors Holding Company K.P.S.C,Stock,KW0EQ0200265,Financials,dfm_listed_securities,https://api2.dfm.ae/web/widgets/v1/data,official_source_key=dfm_listed_securities;official_source_url=https://api2.dfm.ae/web/widgets/v1/data,WSE::IFA,WSE,GENERATIONIS.AI SPÓŁKA AKCYJNA,Stock,PLINFRA00015,,,false,existing_listing_keys=WSE::IFA;existing_exchanges=WSE;existing_isins=PLINFRA00015;same_isin_listing_keys=none;name_exact_match_listing_keys=none;asset_type_mismatch=false,official_isin|asset_type_consistent,exchange_context=DFM::WSE;identity_resolution_queue=review_distinct_official_isin_new_listing;review_bucket=distinct_official_isin_new_listing_candidate;identity_evidence=official_isin|asset_type_consistent,ticker_reused_on_other_exchange|existing_isin_conflict|no_exact_name_match,review_distinct_official_isin_new_listing,distinct_official_isin_new_listing_candidate,P2,batch_review_distinct_isin_new_listing_candidates,official_target_exchange_listing_key_isin_name_instrument_type_listing_status,"Official target-exchange listing record for DFM::WSE with listing key, ISIN, name, type, and status.","Do not add the listing until official target-exchange evidence proves key, ISIN, name, type, and active status.",new_listing_candidate_requires_official_listing_add_review,official_target_exchange_listing_key_isin_name_instrument_type_listing_status,add_only_after_official_listing_key_isin_name_exchange_and_scope_review
DFM::NCC,NCC,DFM,National Cement Company PJSC,Stock,AEN000901019,Materials,dfm_listed_securities,https://api2.dfm.ae/web/widgets/v1/data,official_source_key=dfm_listed_securities;official_source_url=https://api2.dfm.ae/web/widgets/v1/data,LSE::NCC,LSE,NCC Group plc,Stock,GB00B01QGK86,,,false,existing_listing_keys=LSE::NCC;existing_exchanges=LSE;existing_isins=GB00B01QGK86;same_isin_listing_keys=none;name_exact_match_listing_keys=none;asset_type_mismatch=false,official_isin|asset_type_consistent,exchange_context=DFM::LSE;identity_resolution_queue=review_distinct_official_isin_new_listing;review_bucket=distinct_official_isin_new_listing_candidate;identity_evidence=official_isin|asset_type_consistent,ticker_reused_on_other_exchange|existing_isin_conflict|no_exact_name_match,review_distinct_official_isin_new_listing,distinct_official_isin_new_listing_candidate,P2,batch_review_distinct_isin_new_listing_candidates,official_target_exchange_listing_key_isin_name_instrument_type_listing_status,"Official target-exchange listing record for DFM::LSE with listing key, ISIN, name, type, and status.","Do not add the listing until official target-exchange evidence proves key, ISIN, name, type, and active status.",new_listing_candidate_requires_official_listing_add_review,official_target_exchange_listing_key_isin_name_instrument_type_listing_status,add_only_after_official_listing_key_isin_name_exchange_and_scope_review
DFM::NGI,NGI,DFM,National General Insurance Company PJSC,Stock,AEN000301012,Financials,dfm_listed_securities,https://api2.dfm.ae/web/widgets/v1/data,official_source_key=dfm_listed_securities;official_source_url=https://api2.dfm.ae/web/widgets/v1/data,ASX::NGI,ASX,NAVIGATOR GLOBAL INVESTMENTS LIMITED,Stock,AU000000NGI6,,,false,existing_listing_keys=ASX::NGI;existing_exchanges=ASX;existing_isins=AU000000NGI6;same_isin_listing_keys=none;name_exact_match_listing_keys=none;asset_type_mismatch=false,official_isin|asset_type_consistent,exchange_context=DFM::ASX;identity_resolution_queue=review_distinct_official_isin_new_listing;review_bucket=distinct_official_isin_new_listing_candidate;identity_evidence=official_isin|asset_type_consistent,ticker_reused_on_other_exchange|existing_isin_conflict|no_exact_name_match,review_distinct_official_isin_new_listing,distinct_official_isin_new_listing_candidate,P2,batch_review_distinct_isin_new_listing_candidates,official_target_exchange_listing_key_isin_name_instrument_type_listing_status,"Official target-exchange listing record for DFM::ASX with listing key, ISIN, name, type, and status.","Do not add the listing until official target-exchange evidence proves key, ISIN, name, type, and active status.",new_listing_candidate_requires_official_listing_add_review,official_target_exchange_listing_key_isin_name_instrument_type_listing_status,add_only_after_official_listing_key_isin_name_exchange_and_scope_review
DFM::UFC,UFC,DFM,United Foods Company PJSC,Stock,AEU000901014,Consumer Staples,dfm_listed_securities,https://api2.dfm.ae/web/widgets/v1/data,official_source_key=dfm_listed_securities;official_source_url=https://api2.dfm.ae/web/widgets/v1/data,TSXV::UFC,TSXV,Urbanfund Corp.,Stock,CA9169101024,,,false,existing_listing_keys=TSXV::UFC;existing_exchanges=TSXV;existing_isins=CA9169101024;same_isin_listing_keys=none;name_exact_match_listing_keys=none;asset_type_mismatch=false,official_isin|asset_type_consistent,exchange_context=DFM::TSXV;identity_resolution_queue=review_distinct_official_isin_new_listing;review_bucket=distinct_official_isin_new_listing_candidate;identity_evidence=official_isin|asset_type_consistent,ticker_reused_on_other_exchange|existing_isin_conflict|no_exact_name_match,review_distinct_official_isin_new_listing,distinct_official_isin_new_listing_candidate,P2,batch_review_distinct_isin_new_listing_candidates,official_target_exchange_listing_key_isin_name_instrument_type_listing_status,"Official target-exchange listing record for DFM::TSXV with listing key, ISIN, name, type, and status.","Do not add the listing until official target-exchange evidence proves key, ISIN, name, type, and active status.",new_listing_candidate_requires_official_listing_add_review,official_target_exchange_listing_key_isin_name_instrument_type_listing_status,add_only_after_official_listing_key_isin_name_exchange_and_scope_review
Euronext::100H,100H,Euronext,Amundi Core FTSE 100 Swap UCITS ETF EUR Hedged Acc,ETF,LU1650492330,,euronext_etfs,"https://live.euronext.com/en/product_directory/data/etf-all-markets/download?mics=ALXA,ALXB,ALXL,ALXP,ATFX,BGEM,ENXB,ENXL,ETFP,ETLX,EXGM,MERK,MIVX,MLXB,MOTX,MTAA,MTAH,MTCH,SEDX,TNLA,TNLB,VPXB,WOMF,XACD,XAMC,XAMS,XATL,XBRU,XDUB,XESM,XLDN,XLIS,XMLI,XMOT,XMSM,XOAM,XOAS,XOBD,XOSL,XPAR,XPMC","official_source_key=euronext_etfs;official_source_url=https://live.euronext.com/en/product_directory/data/etf-all-markets/download?mics=ALXA,ALXB,ALXL,ALXP,ATFX,BGEM,ENXB,ENXL,ETFP,ETLX,EXGM,MERK,MIVX,MLXB,MOTX,MTAA,MTAH,MTCH,SEDX,TNLA,TNLB,VPXB,WOMF,XACD,XAMC,XAMS,XATL,XBRU,XDUB,XESM,XLDN,XLIS,XMLI,XMOT,XMSM,XOAM,XOAS,XOBD,XOSL,XPAR,XPMC",LSE::100H,LSE,MULTI-UNITS LUXEMBOURG - Lyxor FTSE 100 UCITS ETF - Monthly Hedged to USD - Acc,ETF,LU1650492504,,,false,existing_listing_keys=LSE::100H;existing_exchanges=LSE;existing_isins=LU1650492504;same_isin_listing_keys=none;name_exact_match_listing_keys=none;asset_type_mismatch=false,official_isin|asset_type_consistent,exchange_context=Euronext::LSE;identity_resolution_queue=review_distinct_official_isin_new_listing;review_bucket=distinct_official_isin_new_listing_candidate;identity_evidence=official_isin|asset_type_consistent,ticker_reused_on_other_exchange|existing_isin_conflict|no_exact_name_match,review_distinct_official_isin_new_listing,distinct_official_isin_new_listing_candidate,P2,batch_review_distinct_isin_new_listing_candidates,official_target_exchange_listing_key_isin_name_instrument_type_listing_status,"Official target-exchange listing record for Euronext::LSE with listing key, ISIN, name, type, and status.","Do not add the listing until official target-exchange evidence proves key, ISIN, name, type, and active status.",new_listing_candidate_requires_official_listing_add_review,official_target_exchange_listing_key_isin_name_instrument_type_listing_status,add_only_after_official_listing_key_isin_name_exchange_and_scope_review
Euronext::3SAA,3SAA,Euronext,GRANITESHARES 3X SHORT ALIBABA DAILY ETP,ETF,XS2842095759,,euronext_etfs,"https://live.euronext.com/en/product_directory/data/etf-all-markets/download?mics=ALXA,ALXB,ALXL,ALXP,ATFX,BGEM,ENXB,ENXL,ETFP,ETLX,EXGM,MERK,MIVX,MLXB,MOTX,MTAA,MTAH,MTCH,SEDX,TNLA,TNLB,VPXB,WOMF,XACD,XAMC,XAMS,XATL,XBRU,XDUB,XESM,XLDN,XLIS,XMLI,XMOT,XMSM,XOAM,XOAS,XOBD,XOSL,XPAR,XPMC","official_source_key=euronext_etfs;official_source_url=https://live.euronext.com/en/product_directory/data/etf-all-markets/download?mics=ALXA,ALXB,ALXL,ALXP,ATFX,BGEM,ENXB,ENXL,ETFP,ETLX,EXGM,MERK,MIVX,MLXB,MOTX,MTAA,MTAH,MTCH,SEDX,TNLA,TNLB,VPXB,WOMF,XACD,XAMC,XAMS,XATL,XBRU,XDUB,XESM,XLDN,XLIS,XMLI,XMOT,XMSM,XOAM,XOAS,XOBD,XOSL,XPAR,XPMC",LSE::3SAA,LSE,Leverage Shares -3x Short Apple (AAPL) ETP Securities,ETF,XS2472334742,,,false,existing_listing_keys=LSE::3SAA;existing_exchanges=LSE;existing_isins=XS2472334742;same_isin_listing_keys=none;name_exact_match_listing_keys=none;asset_type_mismatch=false,official_isin|asset_type_consistent,exchange_context=Euronext::LSE;identity_resolution_queue=review_distinct_official_isin_new_listing;review_bucket=distinct_official_isin_new_listing_candidate;identity_evidence=official_isin|asset_type_consistent,ticker_reused_on_other_exchange|existing_isin_conflict|no_exact_name_match,review_distinct_official_isin_new_listing,distinct_official_isin_new_listing_candidate,P2,batch_review_distinct_isin_new_listing_candidates,official_target_exchange_listing_key_isin_name_instrument_type_listing_status,"Official target-exchange listing record for Euronext::LSE with listing key, ISIN, name, type, and status.","Do not add the listing until official target-exchange evidence proves key, ISIN, name, type, and active status.",new_listing_candidate_requires_official_listing_add_review,official_target_exchange_listing_key_isin_name_instrument_type_listing_status,add_only_after_official_listing_key_isin_name_exchange_and_scope_review
Euronext::AAT,AAT,Euronext,AATECH,Stock,IT0005548521,,euronext_equities,https://live.euronext.com/pd_es/data/stocks/download?mics=dm_all_stock,official_source_key=euronext_equities;official_source_url=https://live.euronext.com/pd_es/data/stocks/download?mics=dm_all_stock,NYSE::AAT,NYSE,American Assets Trust Inc,Stock,PLTRNSU00013,,,false,existing_listing_keys=NYSE::AAT;existing_exchanges=NYSE;existing_isins=PLTRNSU00013;same_isin_listing_keys=none;name_exact_match_listing_keys=none;asset_type_mismatch=false,official_isin|asset_type_consistent,exchange_context=Euronext::NYSE;identity_resolution_queue=review_distinct_official_isin_new_listing;review_bucket=distinct_official_isin_new_listing_candidate;identity_evidence=official_isin|asset_type_consistent,ticker_reused_on_other_exchange|existing_isin_conflict|no_exact_name_match,review_distinct_official_isin_new_listing,distinct_official_isin_new_listing_candidate,P2,batch_review_distinct_isin_new_listing_candidates,official_target_exchange_listing_key_isin_name_instrument_type_listing_status,"Official target-exchange listing record for Euronext::NYSE with listing key, ISIN, name, type, and status.","Do not add the listing until official target-exchange evidence proves key, ISIN, name, type, and active status.",new_listing_candidate_requires_official_listing_add_review,official_target_exchange_listing_key_isin_name_instrument_type_listing_status,add_only_after_official_listing_key_isin_name_exchange_and_scope_review
Euronext::ABC,ABC,Euronext,ABC COMPANY,Stock,IT0005466294,,euronext_equities,https://live.euronext.com/pd_es/data/stocks/download?mics=dm_all_stock,official_source_key=euronext_equities;official_source_url=https://live.euronext.com/pd_es/data/stocks/download?mics=dm_all_stock,SSE_CL::ABC,SSE_CL,Empresas la Polar SA,Stock,CL0001924357,,,false,existing_listing_keys=SSE_CL::ABC;existing_exchanges=SSE_CL;existing_isins=CL0001924357;same_isin_listing_keys=none;name_exact_match_listing_keys=none;asset_type_mismatch=false,official_isin|asset_type_consistent,exchange_context=Euronext::SSE_CL;identity_resolution_queue=review_distinct_official_isin_new_listing;review_bucket=distinct_official_isin_new_listing_candidate;identity_evidence=official_isin|asset_type_consistent,ticker_reused_on_other_exchange|existing_isin_conflict|no_exact_name_match,review_distinct_official_isin_new_listing,distinct_official_isin_new_listing_candidate,P2,batch_review_distinct_isin_new_listing_candidates,official_target_exchange_listing_key_isin_name_instrument_type_listing_status,"Official target-exchange listing record for Euronext::SSE_CL with listing key, ISIN, name, type, and status.","Do not add the listing until official target-exchange evidence proves key, ISIN, name, type, and active status.",new_listing_candidate_requires_official_listing_add_review,official_target_exchange_listing_key_isin_name_instrument_type_listing_status,add_only_after_official_listing_key_isin_name_exchange_and_scope_review
