ticker,exchange,asset_type,name,stockanalysis_symbol,stockanalysis_name,stockanalysis_isin,stockanalysis_sector,stockanalysis_industry,isin_update,sector_update,decision,source_url
AN3,ASX,Stock,AUSTRALIA AND NEW ZEALAND BANKING GROUP LIMITED.,,,,,,,,no_symbol_match,
AYU,ASX,Stock,AUSTRALIAN UNITY LIMITED,,,,,,,,no_symbol_match,
BP1,ASX,Stock,BP CAPITAL MARKETS P.L.C.,,,,,,,,no_symbol_match,
DMN,ASX,Stock,DOMINION INVESTMENT GROUP LIMITED,,,,,,,,no_symbol_match,
DXA,ASX,Stock,CAISSE FRANCAISE DE FINANCEMENT LOCAL,,,,,,,,no_symbol_match,
EEL,ASX,Stock,Enrg Elements Ltd,,,,,,,,no_symbol_match,
EMS,ASX,Stock,Eastern Metals Ltd,,,,,,,,no_symbol_match,
HCF,ASX,Stock,H&G HIGH CONVICTION LIMITED,,,,,,,,no_symbol_match,
IF1,ASX,Stock,"IBERDROLA FINANZAS, S.A.U.",,,,,,,,no_symbol_match,
IRX,ASX,Stock,Inhalerx Ltd,,,,,,,,no_symbol_match,
KFW,ASX,Stock,KFW,,,,,,,,no_symbol_match,
LO1,ASX,Stock,LLOYDS BANKING GROUP PLC,,,,,,,,no_symbol_match,
LP1,ASX,Stock,LIBERTY PRIME SERIES 2021-1,,,,,,,,no_symbol_match,
MA2,ASX,Stock,MA CREDIT PORTFOLIO HOLDINGS LIMITED,,,,,,,,no_symbol_match,
MBL,ASX,Stock,MACQUARIE BANK LIMITED,,,,,,,,no_symbol_match,
MRI,ASX,Stock,My Rewards International Ltd,,,,,,,,no_symbol_match,
QNB,ASX,Stock,QNB FINANCE LTD,,,,,,,,no_symbol_match,
RA2,ASX,Stock,RESIMAC PREMIER SERIES 2020-1,,,,,,,,no_symbol_match,
RA3,ASX,Stock,RESIMAC SERIES 2024-1NC,,,,,,,,no_symbol_match,
RAMHA,ASX,Stock,RAMHA,,,,,,,,no_symbol_match,
RG1,ASX,Stock,REGAL PARTNERS GLOBAL INVESTMENTS LIMITED,,,,,,,,no_symbol_match,
RG8,ASX,Stock,REGAL ASIAN INVESTMENTS LIMITED,,,,,,,,no_symbol_match,
SC1,ASX,Stock,"SHINHAN CARD CO., LTD.",,,,,,,,no_symbol_match,
SET,ASX,Stock,SOLARIS AUSTRALIAN EQUITY INCOME PLUS LIMITED,,,,,,,,no_symbol_match,
SFV,ASX,Stock,SANTOS FINANCE LIMITED,,,,,,,,no_symbol_match,
SHZ,ASX,Stock,SHINHAN BANK.,,,,,,,,no_symbol_match,
TA1,ASX,Stock,TRANSURBAN FINANCE COMPANY PTY LTD,,,,,,,,no_symbol_match,
XCL,ASX,Stock,AUSTRALIAN COMMONWEALTH GOVERNMENT LOANS,,,,,,,,no_symbol_match,
XNC,ASX,Stock,NEW SOUTH WALES TREASURY CORPORATION,,,,,,,,no_symbol_match,
XQL,ASX,Stock,QUEENSLAND TREASURY CORPORATION,,,,,,,,no_symbol_match,
XVG,ASX,Stock,TREASURY CORPORATION OF VICTORIA,,,,,,,,no_symbol_match,
ZOR,ASX,Stock,ORDINARY (UNLISTED/LISTED - COSACS),,,,,,,,no_symbol_match,
2WAV3,B3,Stock,2W ECOBANK S.A.,,,,,,,,no_symbol_match,
A6OP3,B3,Stock,ACESSOPAR INVESTIMENTOS E PARTICIPAÇÕES S.A.,,,,,,,,no_symbol_match,
ADMF3,B3,Stock,CIABRASF CIA BRASILEIRA DE SERVIÇOS FINANCEIROS SA,,,,,,,,no_symbol_match,
AGBK4,B3,Stock,BANCO AGIBANK S.A.,,,,,,,,no_symbol_match,
AGRA4,B3,Stock,AGRALE S/A,,,,,,,,no_symbol_match,
AMZG3,B3,Stock,AMAZONAS DISTRIBUIDORA DE ENERGIA S.A.,,,,,,,,no_symbol_match,
ATEA3,B3,Stock,ATHENA SAUDE BRASIL S.A.,,,,,,,,no_symbol_match,
AUAU99,B3,Stock,UNIÃO PET PARTICIPAÇÕES S.A.,,,,,,,,no_symbol_match,
BCEE3,B3,Stock,BANCO BESA S/A,,,,,,,,no_symbol_match,
BCEE5,B3,Stock,BANCO BESA S/A,,,,,,,,no_symbol_match,
BCPS3,B3,Stock,CLARO S.A.,,,,,,,,no_symbol_match,
BCPS4,B3,Stock,CLARO S.A.,,,,,,,,no_symbol_match,
BEGB4,B3,Stock,BANCO BERJ S.A.,,,,,,,,no_symbol_match,
BETP3,B3,Stock,BETAPART PARTICIPACOES S.A.,,,,,,,,no_symbol_match,
BFFT3,B3,Stock,Bluefit Academias de Ginástica e Participações S.A,,,,,,,,no_symbol_match,
BNAC3,B3,Stock,BANCO NACIONAL S/A,,,,,,,,no_symbol_match,
BNAC4,B3,Stock,BANCO NACIONAL S/A,,,,,,,,no_symbol_match,
BNRG3,B3,Stock,BRAZIL ENERGY S.A.,,,,,,,,no_symbol_match,
BRBI3,B3,Stock,BRBI BR PARTNERS S.A.,,,,,,,,no_symbol_match,
BRBI4,B3,Stock,BRBI BR PARTNERS S.A.,,,,,,,,no_symbol_match,
BVEN3,B3,Stock,BOA VISTA ENERGIA S.A.,,,,,,,,no_symbol_match,
C1GT3,B3,Stock,CELG TRANSMISSÃO S.A. - CELG T,,,,,,,,no_symbol_match,
C3RP3,B3,Stock,COTRASA PARTICIPACOES S.A.,,,,,,,,no_symbol_match,
CATA3,B3,Stock,CIA INDUSTRIAL CATAGUASES,,,,,,,,no_symbol_match,
CATA4,B3,Stock,CIA INDUSTRIAL CATAGUASES,,,,,,,,no_symbol_match,
CBOH3,B3,Stock,CBO HOLDING S.A.,,,,,,,,no_symbol_match,
CCAT3,B3,Stock,COMFIO COMPANHIA CATARINENSE DE FIACAO,,,,,,,,no_symbol_match,
CCAT4,B3,Stock,COMFIO COMPANHIA CATARINENSE DE FIACAO,,,,,,,,no_symbol_match,
CEAC3,B3,Stock,ENERGISA ACRE - DISTRIBUIDORA DE ENERGIA S.A,,,,,,,,no_symbol_match,
CEAC4,B3,Stock,ENERGISA ACRE - DISTRIBUIDORA DE ENERGIA S.A,,,,,,,,no_symbol_match,
CEAG3,B3,Stock,CIA DE ENTREPOSTOS E ARMAZENS GERAIS SP,,,,,,,,no_symbol_match,
CEAL3,B3,Stock,EQUATORIAL ALAGOAS - DISTRIBUIDORA DE ENERGIA S.A.,,,,,,,,no_symbol_match,
CEAL4,B3,Stock,EQUATORIAL ALAGOAS - DISTRIBUIDORA DE ENERGIA S.A.,,,,,,,,no_symbol_match,
CEAP3,B3,Stock,COMPANHIA DE ELETRICIDADE DO AMAPÁ - CEA,,,,,,,,no_symbol_match,
CEBD3,B3,Stock,Neoenergia Distribuicao Brasilia S.A,,,,,,,,no_symbol_match,
CEEP3,B3,Stock,CIA EST. DE ENERG. ELETRICA PARTICIPAÇÕES CEEE-PAR,,,,,,,,no_symbol_match,
CERO3,B3,Stock,ENERGISA RONDONIA - DISTRIBUIDORA DE ENERGIA S/A,,,,,,,,no_symbol_match,
CESA3,B3,Stock,CIA ESTADUAL DE SILOS E ARMAZENS,,,,,,,,no_symbol_match,
CFHO3,B3,Stock,CARVALHO HOLDINGS SA,,,,,,,,no_symbol_match,
CFHO4,B3,Stock,CARVALHO HOLDINGS SA,,,,,,,,no_symbol_match,
CGOS3,B3,Stock,EQUATORIAL GOIAS DISTRIBUIDORA DE ENERGIA S/A,,,,,,,,no_symbol_match,
CLNT3,B3,Stock,CLARANET TECHNOLOGY S.A.,,,,,,,,no_symbol_match,
CMNS3,B3,Stock,CMN SOLUTIONS AO18 PARTICIPACOES S.A.,,,,,,,,no_symbol_match,
CNRT5,B3,Stock,CICANORTE IND CONSERVAS ALIMENTICIAS S.A,,,,,,,,no_symbol_match,
COCN5,B3,Stock,CIA DE COCOS DO NORDESTE,,,,,,,,no_symbol_match,
CONX3,B3,Stock,TRIPLE PLAY BRASIL PARTICIPAÇÕES S.A.,,,,,,,,no_symbol_match,
CPCH3,B3,Stock,CAPITAL CENTER HOTEIS S.A.,,,,,,,,no_symbol_match,
CPCH7,B3,Stock,CAPITAL CENTER HOTEIS S.A.,,,,,,,,no_symbol_match,
CPIS12,B3,Stock,EQUATORIAL PIAUI DISTRIBUIDORA DE ENERGIA S.A,,,,,,,,no_symbol_match,
CPIS3,B3,Stock,EQUATORIAL PIAUI DISTRIBUIDORA DE ENERGIA S.A,,,,,,,,no_symbol_match,
CPIS4,B3,Stock,EQUATORIAL PIAUI DISTRIBUIDORA DE ENERGIA S.A,,,,,,,,no_symbol_match,
CPNO7,B3,Stock,COPENOR - CIA PETROQUIMICA DO NORDESTE,,,,,,,,no_symbol_match,
CRML4,B3,Stock,CARBOMIL S.A.,,,,,,,,no_symbol_match,
CRPC4,B3,Stock,CRP CADERI CAPITAL DE RISCO S/A,,,,,,,,no_symbol_match,
CRTE3,B3,Stock,CONC RIO-TERESOPOLIS S.A.,,,,,,,,no_symbol_match,
CRTE5,B3,Stock,CONC RIO-TERESOPOLIS S.A.,,,,,,,,no_symbol_match,
CSAL4,B3,Stock,CIA ABASTEC. D'AGUA E SAN. EST. ALAGOAS,,,,,,,,no_symbol_match,
CSAM3,B3,Stock,COSAMA - CIA DE SANEAMENTO DA AMAZONIA,,,,,,,,no_symbol_match,
CSAM4,B3,Stock,COSAMA - CIA DE SANEAMENTO DA AMAZONIA,,,,,,,,no_symbol_match,
DASS3,B3,Stock,DASS NORDESTE CALÇADOS E ARTIGOS ESPORTIVOS SA,,,,,,,,no_symbol_match,
DNEN3B,B3,Stock,DINAMICA ENERGIA S.A.,,,,,,,,no_symbol_match,
DTEN3,B3,Stock,DETEN QUIMICA S.A.,,,,,,,,no_symbol_match,
DTEN6,B3,Stock,DETEN QUIMICA S.A.,,,,,,,,no_symbol_match,
DXXI3,B3,Stock,DUXXI IMOBILIÁRIA S.A.,,,,,,,,no_symbol_match,
E3XT3,B3,Stock,IMIFARMA PRODUTOS FARMACEUTICOS E COSMETICOS SA,,,,,,,,no_symbol_match,
EBTL3,B3,Stock,EMBRATEL - EMPR.BRASILEIRA DE TELEC S.A.,,,,,,,,no_symbol_match,
EC3S3,B3,Stock,ENERGETICA CORUMBA III S.A.,,,,,,,,no_symbol_match,
EC3S4,B3,Stock,ENERGETICA CORUMBA III S.A.,,,,,,,,no_symbol_match,
EESG3,B3,Stock,ENVIRONMENTAL ESG PARTICIPAÇÕES S.A.,,,,,,,,no_symbol_match,
EGCE3,B3,Stock,ENERGISA GERACAO CENTRAIS EOLICAS RN S.A.,,,,,,,,no_symbol_match,
ELBR4,B3,Stock,ELEBRA S/A ELETRONICA BRASILEIRA,,,,,,,,no_symbol_match,
EMBP3,B3,Stock,EMBRAPAR PARTICIPACOES S.A.,,,,,,,,no_symbol_match,
EMBP4,B3,Stock,EMBRAPAR PARTICIPACOES S.A.,,,,,,,,no_symbol_match,
ENAC3,B3,Stock,CIA ARMAZENS GERAIS ENTREPOSTOS DO ACRE,,,,,,,,no_symbol_match,
EPTR4,B3,Stock,EMPR TURISMO DE PERNAMBUCO S.A. -EMPETUR,,,,,,,,no_symbol_match,
ESGS3,B3,Stock,COMPANHIA DE GAS DO ESPIRITO SANTO - ES GAS,,,,,,,,no_symbol_match,
ESGS4,B3,Stock,COMPANHIA DE GAS DO ESPIRITO SANTO - ES GAS,,,,,,,,no_symbol_match,
ESSD3,B3,Stock,ENERGISA SUL-SUDESTE DISTRIBUIDORA DE ENERGIA S.A.,,,,,,,,no_symbol_match,
ESSE5,B3,Stock,ESSENCIA AGROPECUARIA S.A.,,,,,,,,no_symbol_match,
ETGO3,B3,Stock,EMPR DE TRANSP URBANO DO EST GOIAS S.A.,,,,,,,,no_symbol_match,
ETGO4,B3,Stock,EMPR DE TRANSP URBANO DO EST GOIAS S.A.,,,,,,,,no_symbol_match,
F8DF5,B3,Stock,FRIGORIFICO DIAS S/A - FRIGODIAS,,,,,,,,no_symbol_match,
FAEL6,B3,Stock,FAE -FERRAGENS E APARELHOS ELETRICOS S.A,,,,,,,,no_symbol_match,
FAEL7,B3,Stock,FAE -FERRAGENS E APARELHOS ELETRICOS S.A,,,,,,,,no_symbol_match,
FGRT5,B3,Stock,FRIGORIFICO REDENTOR S.A.,,,,,,,,no_symbol_match,
FMNP3,B3,Stock,FIRMINOPOLIS TRANSMISSAO S.A.,,,,,,,,no_symbol_match,
FNUV3,B3,Stock,FENAUVA-FEIRA NAC DA UVA TUR E EMPR S.A.,,,,,,,,no_symbol_match,
FRNV3,B3,Stock,CIA DE NAVEG DO SAO FRANCISCO - FRANAVE,,,,,,,,no_symbol_match,
FTRO3,B3,Stock,FRUTOS TROPICAIS S/A,,,,,,,,no_symbol_match,
GENT3,B3,Stock,LG INFORMÁTICA S.A.,,,,,,,,no_symbol_match,
GPLA5,B3,Stock,GEPLAN HOTEIS S.A.,,,,,,,,no_symbol_match,
GUNI3,B3,Stock,GRUPO UNI.CO S.A.,,,,,,,,no_symbol_match,
HCAR3,B3,Stock,HOSPITAL CARE CALEDONIA S.A.,,,,,,,,no_symbol_match,
HEDA3,B3,Stock,HEDERA INVESTIMENTOS E PARTICIPAÇÕES S.A,,,,,,,,no_symbol_match,
HLJP3,B3,Stock,HOTEL LAJE DE PEDRA S.A.,,,,,,,,no_symbol_match,
HOAM5,B3,Stock,CIA TROPICAL DE HOTEIS DA AMAZONIA,,,,,,,,no_symbol_match,
HOAM6,B3,Stock,CIA TROPICAL DE HOTEIS DA AMAZONIA,,,,,,,,no_symbol_match,
ICBR3,B3,Stock,INTERCEMENT BRASIL S.A.,,,,,,,,no_symbol_match,
IPNN3,B3,Stock,TESTE IPN VS SA,,,,,,,,no_symbol_match,
IVLG3B,B3,Stock,INVITEL LEGACY S.A.,,,,,,,,no_symbol_match,
IVPR3B,B3,Stock,INVESTIMENTOS E PARTICIP. EM INFRA S.A. - INVEPAR,,,,,,,,no_symbol_match,
IVPR4B,B3,Stock,INVESTIMENTOS E PARTICIP. EM INFRA S.A. - INVEPAR,,,,,,,,no_symbol_match,
JCBA6,B3,Stock,J C BARRETTO FERTILIZANTES S.A.,,,,,,,,no_symbol_match,
KALS5,B3,Stock,KA 2 LAUNDRY SERVICES S.A.,,,,,,,,no_symbol_match,
KALU3,B3,Stock,KALUNGA S.A,,,,,,,,no_symbol_match,
LAZT3,B3,Stock,LAGO AZUL TRANSMISSO S.A.,,,,,,,,no_symbol_match,
LMED3,B3,Stock,LIFEMED INDUSTRIAL EQUIP. DE ART. MÉD. HOSP. S.A.,,,,,,,,no_symbol_match,
LOGS3,B3,Stock,LOGASA INDUSTRIA E COMERCIO S.A.,,,,,,,,no_symbol_match,
LOGS4,B3,Stock,LOGASA INDUSTRIA E COMERCIO S.A.,,,,,,,,no_symbol_match,
LTEL3B,B3,Stock,LITEL PARTICIPACOES S.A.,,,,,,,,no_symbol_match,
LTLA3B,B3,Stock,LITELA PARTICIPAÇÕES S.A.,,,,,,,,no_symbol_match,
MAQN3,B3,Stock,MAQUINA DE VENDAS BRASIL PARTICIPAÇÕES S.A.,,,,,,,,no_symbol_match,
MAQN4,B3,Stock,MAQUINA DE VENDAS BRASIL PARTICIPAÇÕES S.A.,,,,,,,,no_symbol_match,
MDIN3,B3,Stock,MUNDIAL INC,,,,,,,,no_symbol_match,
MDSI3,B3,Stock,MUNDIAL ASIA HONG KONG,,,,,,,,no_symbol_match,
MGFB3,B3,Stock,M&G FIBRAS HOLDING S.A.,,,,,,,,no_symbol_match,
MKSS3,B3,Stock,MKS SOLUÇÕES INTEGRADAS S.A.,,,,,,,,no_symbol_match,
MMBR3,B3,Stock,MAGNETI MARELLI DO BRASIL IND.COM S.A.,,,,,,,,no_symbol_match,
MMBR4,B3,Stock,MAGNETI MARELLI DO BRASIL IND.COM S.A.,,,,,,,,no_symbol_match,
MMCA3,B3,Stock,MAGNETI MARELLI COFAP AUTOPECAS S.A.,,,,,,,,no_symbol_match,
MMCA4,B3,Stock,MAGNETI MARELLI COFAP AUTOPECAS S.A.,,,,,,,,no_symbol_match,
MMCF3,B3,Stock,MAGNETI MARELLI COFAP-CIA FABR PECAS S/A,,,,,,,,no_symbol_match,
MMCF4,B3,Stock,MAGNETI MARELLI COFAP-CIA FABR PECAS S/A,,,,,,,,no_symbol_match,
MNBI3,B3,Stock,MLOG S.A.,,,,,,,,no_symbol_match,
MTAL3,B3,Stock,CIMETAL SIDERURGIA S/A,,,,,,,,no_symbol_match,
MTAL6,B3,Stock,CIMETAL SIDERURGIA S/A,,,,,,,,no_symbol_match,
MTNR5,B3,Stock,METANOR - METANOL DO NORDESTE S.A.,,,,,,,,no_symbol_match,
MTNR7,B3,Stock,METANOR - METANOL DO NORDESTE S.A.,,,,,,,,no_symbol_match,
MWIS6,B3,Stock,MWI - SISTEMA DE COMUNICACAO S.A.,,,,,,,,no_symbol_match,
NAII3,B3,Stock,NAI HOLDINGS S.A.,,,,,,,,no_symbol_match,
NAII4,B3,Stock,NAI HOLDINGS S.A.,,,,,,,,no_symbol_match,
NESB3,B3,Stock,NESBER S.A.,,,,,,,,no_symbol_match,
NIPL3,B3,Stock,NIPLAN ENGENHARIA S.A.,,,,,,,,no_symbol_match,
NKEP3,B3,Stock,NK 031 EMPREENDIMENTOS E PARTICIPAÇÕES S.A.,,,,,,,,no_symbol_match,
NKEP4,B3,Stock,NK 031 EMPREENDIMENTOS E PARTICIPAÇÕES S.A.,,,,,,,,no_symbol_match,
NODA3,B3,Stock,NOVADATA SISTEMAS E COMPUTADORES S/A,,,,,,,,no_symbol_match,
NODA6,B3,Stock,NOVADATA SISTEMAS E COMPUTADORES S/A,,,,,,,,no_symbol_match,
NOVI3,B3,Stock,NORTIS INCORPORADORA E CONSTRUTORA S.A.,,,,,,,,no_symbol_match,
NXVL3,B3,Stock,NOXVILLE INVESTIMENTOS S.A.,,,,,,,,no_symbol_match,
NXVL4,B3,Stock,NOXVILLE INVESTIMENTOS S.A.,,,,,,,,no_symbol_match,
OBAH3,B3,Stock,GRUPO FARTURA DE HORTIFRUT S/A,,,,,,,,no_symbol_match,
OBIO3,B3,Stock,OLEOPLAN S.A - ÓLEOS VEGETAIS PLANALTO,,,,,,,,no_symbol_match,
ODTR3,B3,Stock,OTP S.A.,,,,,,,,no_symbol_match,
OPDL3B,B3,Stock,DALETH PARTICIPACOES S.A.,,,,,,,,no_symbol_match,
OPGM3,B3,Stock,GAMA PARTICIPACOES S.A.,,,,,,,,no_symbol_match,
ORNA4B,B3,Stock,ORNATO S.A. INDL DE PISOS E AZULEJOS,,,,,,,,no_symbol_match,
P5RD3,B3,Stock,MATRIZ COMPANHIA METALURGICA PRADA,,,,,,,,no_symbol_match,
PASS5,B3,Stock,COMPASS GAS E ENERGIA S.A.,,,,,,,,no_symbol_match,
PCBU3,B3,Stock,PACAEMBU CONSTRUTORA S.A.,,,,,,,,no_symbol_match,
PCEM13,B3,Stock,PORTO PECEM GERACAO ENERGIA S/A,,,,,,,,no_symbol_match,
PCEM14,B3,Stock,PORTO PECEM GERACAO ENERGIA S/A,,,,,,,,no_symbol_match,
PCEM15,B3,Stock,PORTO PECEM GERACAO ENERGIA S/A,,,,,,,,no_symbol_match,
PCEM16,B3,Stock,PORTO PECEM GERACAO ENERGIA S/A,,,,,,,,no_symbol_match,
PCEM17,B3,Stock,PORTO PECEM GERACAO ENERGIA S/A,,,,,,,,no_symbol_match,
PCFV4,B3,Stock,POCOS DE FERVEDOURO S.A.,,,,,,,,no_symbol_match,
PLFS3,B3,Stock,POLO FILMS INDUSTRIA E COMERCIO SA,,,,,,,,no_symbol_match,
PLSP3,B3,Stock,PLASCORP PARTICIPAÇÕES S.A.,,,,,,,,no_symbol_match,
PMSP13B,B3,Stock,PREFEITURA MUNICIPAL DE SAO PAULO,,,,,,,,no_symbol_match,
PMSP14B,B3,Stock,PREFEITURA MUNICIPAL DE SAO PAULO,,,,,,,,no_symbol_match,
PPAR3,B3,Stock,POLPAR S.A.,,,,,,,,no_symbol_match,
PRMN3B,B3,Stock,PRODUTORES ENERGET.DE MANSO S.A.- PROMAN,,,,,,,,no_symbol_match,
PRVA3,B3,Stock,PRIVALIA BRASIL S.A.,,,,,,,,no_symbol_match,
PTBP4,B3,Stock,PORTOBELLO PARTICIPACOES CERAMICAS S.A.,,,,,,,,no_symbol_match,
PTSL3,B3,Stock,PORTOSUL PARTICIPAÇÕES S.A.,,,,,,,,no_symbol_match,
PTSL4,B3,Stock,PORTOSUL PARTICIPAÇÕES S.A.,,,,,,,,no_symbol_match,
QVQP3,B3,Stock,524 PARTICIPACOES S.A.,,,,,,,,no_symbol_match,
RBNS3,B3,Stock,RODOBENS S.A,,,,,,,,no_symbol_match,
RBNS4,B3,Stock,RODOBENS S.A,,,,,,,,no_symbol_match,
REFC4,B3,Stock,REFINADORA CATARINENSE S.A.,,,,,,,,no_symbol_match,
RFAG3,B3,Stock,REDE FEDERAL ARMAZENS GERAIS FERROV. S/A,,,,,,,,no_symbol_match,
RHED4,B3,Stock,RHEDE TECNOLOGIA S.A.,,,,,,,,no_symbol_match,
RIBC8,B3,Stock,RIBEIRO CORDEIRO IND E COMERCIOS.A.,,,,,,,,no_symbol_match,
RIOS3,B3,Stock,RIO ALTO ENERGIAS RENOVÁVEIS S.A.,,,,,,,,no_symbol_match,
RIVA3,B3,Stock,RIVA 9 EMPREENDIMENTOS IMOBILIÁRIOS S.A.,,,,,,,,no_symbol_match,
RJSA3,B3,Stock,RJS S.A.,,,,,,,,no_symbol_match,
RNPT4,B3,Stock,RENNER PARTICIPACOES S.A.,,,,,,,,no_symbol_match,
ROOS12,B3,Stock,ROOSTER S.A. INDUSTRIA DE EQUIPAMENTOS,,,,,,,,no_symbol_match,
RSAN3,B3,Stock,CIA RIOGRANDENSE DE SANEAMENTO,,,,,,,,no_symbol_match,
RSAN4,B3,Stock,CIA RIOGRANDENSE DE SANEAMENTO,,,,,,,,no_symbol_match,
RVEE3,B3,Stock,REVEE S.A.,RVEE3,Revee S.A.,,,Amusement and Recreation Services,,,no_update,https://stockanalysis.com/quote/bvmf/RVEE3/
SANY6,B3,Stock,SANYO DA AMAZONIA S.A.,,,,,,,,no_symbol_match,
SDRM3,B3,Stock,CIA SIDERURGICA DA AMAZONIA - SIDERAMA,,,,,,,,no_symbol_match,
SDRM6,B3,Stock,CIA SIDERURGICA DA AMAZONIA - SIDERAMA,,,,,,,,no_symbol_match,
SILO3,B3,Stock,CIA DE ARMAZENS E SILOS DO EST MG-CASEMG,,,,,,,,no_symbol_match,
SILO4,B3,Stock,CIA DE ARMAZENS E SILOS DO EST MG-CASEMG,,,,,,,,no_symbol_match,
SPCI6,B3,Stock,SOCIEDADE DE PARTICIP. CIMENTEIRAS S.A.,,,,,,,,no_symbol_match,
SPCR3,B3,Stock,SPE CRISTINA S.A.,,,,,,,,no_symbol_match,
STAL6,B3,Stock,SETAL TELECOM S.A.,,,,,,,,no_symbol_match,
STOK3,B3,Stock,ESTOK COMERCIO E REPRESENTACOES S.A.,,,,,,,,no_symbol_match,
SULG3,B3,Stock,COMPANHIA DE GÁS DO ESTADO DO RIO GRANDE DO SUL,,,,,,,,no_symbol_match,
SVPH7,B3,Stock,SALVADOR PRAIA HOTEL S.A.,,,,,,,,no_symbol_match,
TCQC3,B3,Stock,INDUSTRIA CARBOQUIMICA CATARINENSE S/A,,,,,,,,no_symbol_match,
TCQC4,B3,Stock,INDUSTRIA CARBOQUIMICA CATARINENSE S/A,,,,,,,,no_symbol_match,
TRBR3,B3,Stock,TRANSBRASIL S.A. LINHAS AEREAS,,,,,,,,no_symbol_match,
TRBR4,B3,Stock,TRANSBRASIL S.A. LINHAS AEREAS,,,,,,,,no_symbol_match,
TREG3,B3,Stock,TANGARA ENERGIA S.A.,,,,,,,,no_symbol_match,
TVIT3,B3,Stock,"TIVIT TERC. DE PROC., SERV. E TEC. S.A.",,,,,,,,no_symbol_match,
TXBZ5,B3,Stock,TBM - TEXTIL BEZERRA DE MENEZES S.A.,,,,,,,,no_symbol_match,
USAT4,B3,Stock,USATI PARTICIPACOES PORTUARIAS S.A.,,,,,,,,no_symbol_match,
VDMG3,B3,Stock,VEÍCULO DE DESESTATIZAÇÃO MG INVESTIMENTOS S.A.,,,,,,,,no_symbol_match,
VECF3,B3,Stock,VALEC - ENG.CONSTRUCOES E FERROVIAS S.A.,,,,,,,,no_symbol_match,
VLPN3,B3,Stock,ELETRICIDADE VALE PARANAPANEMA S.A.,,,,,,,,no_symbol_match,
VRGL3,B3,Stock,GOL LINHAS AEREAS S.A,,,,,,,,no_symbol_match,
WIRE3,B3,Stock,WIREX CABLE S.A.,,,,,,,,no_symbol_match,
WNBR3,B3,Stock,W2W E-COMMERCE DE VINHOS S.A.,,,,,,,,no_symbol_match,
XPML13,B3,Stock,XP MALLS FDO INV IMOB FII RESP LIM,,,,,,,,no_symbol_match,
YOUC3,B3,Stock,YOU INC INCORPORADORA E PARTICIPAÇÕES S.A.,,,,,,,,no_symbol_match,
0A2T,LSE,Stock,High Templar Tech Limited,0A2T,High Templar Tech Limited,US7477981069,,Personal Credit Institutions,,,no_update,https://stockanalysis.com/quote/lon/0A2T/
0A2Y,LSE,Stock,"Telefónica, S.A.",0A2Y,"Telefónica, S.A.",US8793822086,,Radiotelephone Communications,,,no_update,https://stockanalysis.com/quote/lon/0A2Y/
0A90,LSE,Stock,0A90,,,,,,,,no_symbol_match,
0AAE,LSE,Stock,AutoStore Holdings Ltd.,0AAE,AutoStore Holdings Ltd.,BMG0670A1099,,"General Industrial Machinery and Equipment, Not Elsewhere",,,no_update,https://stockanalysis.com/quote/lon/0AAE/
0AAR,LSE,Stock,INTERCOS SPA INTERCOS ORD SHS,0AAR,Intercos S.p.A.,IT0005455875,,"Perfumes, Cosmetics, and Other Toilet Preparations",,,no_update,https://stockanalysis.com/quote/lon/0AAR/
0AB5,LSE,Stock,Iveco Group N.V.,0AB5,Iveco Group N.V.,,,Motor Vehicles and Passenger Car Bodies,,,no_update,https://stockanalysis.com/quote/lon/0AB5/
0AB7,LSE,Stock,Technoprobe S.p.A.,0AB7,Technoprobe S.p.A.,IT0005482333,,Semiconductors and Related Devices,,,no_update,https://stockanalysis.com/quote/lon/0AB7/
0ABE,LSE,Stock,Ariston Holding N.V.,0ABE,Ariston Holding N.V.,NL0015000N33,,Industrial and Commercial Fans and Blowers and Air Purification Equipment,,,no_update,https://stockanalysis.com/quote/lon/0ABE/
0ABP,LSE,Stock,NOVEM GROUP SA NOVEM GROUP ORD SHS,0ABP,Novem Group S.A.,LU2356314745,,Motor Vehicle Parts and Accessories,,,no_update,https://stockanalysis.com/quote/lon/0ABP/
0AC9,LSE,Stock,DSM-Firmenich AG,0AC9,DSM-Firmenich AG,,,Chemicals and Allied Products,,,no_update,https://stockanalysis.com/quote/lon/0AC9/
0ADF,LSE,Stock,ARM Holdings,0ADF,Arm Holdings plc,US0420682058,,Semiconductors and Related Devices,,,no_update,https://stockanalysis.com/quote/lon/0ADF/
0E1Y,LSE,Stock,Chargeurs,0E1Y,Compagnie Chargeurs Invest,FR0000130692,,Conglomerates,,,no_update,https://stockanalysis.com/quote/lon/0E1Y/
0EGH,LSE,Stock,Fiera Milano S.p.A.,0EGH,Fiera Milano S.p.A.,,,"Business Services, not elsewhere classified",,,no_update,https://stockanalysis.com/quote/lon/0EGH/
0GA3,LSE,Stock,Telecom Italia S.p.A. RNC,,,,,,,,no_symbol_match,
0HZC,LSE,Stock,Eurazeo,0HZC,Eurazeo SE,FR0000121121,,"Investors, not elsewhere classified",,,no_update,https://stockanalysis.com/quote/lon/0HZC/
0ILI,LSE,Stock,Fluidra S.A.,0ILI,"Fluidra, S.A.",,,Refrigeration And Service Industry Machinery,,,no_update,https://stockanalysis.com/quote/lon/0ILI/
0KO8,LSE,Stock,Enea S.A.,,,,,,,,no_symbol_match,
0L9J,LSE,Stock,Kontron AG,0L9J,Kontron AG,,,Computer Integrated Systems Design,,,no_update,https://stockanalysis.com/quote/lon/0L9J/
0LHX,LSE,Stock,U.S. Global Investors Inc. Cl A,,,,,,,,no_symbol_match,
0LS5,LSE,Stock,CCC S.A.,,,,,,,,no_symbol_match,
0M0E,LSE,Stock,Ercros S.A.,0M0E,"Ercros, S.A.",,,Industrial Inorganic Chemicals,,,no_update,https://stockanalysis.com/quote/lon/0M0E/
0MFW,LSE,Stock,KBC Ancora,0MFW,KBC Ancora SA,BE0003867844,,Commercial Banks,,,no_update,https://stockanalysis.com/quote/lon/0MFW/
0MO8,LSE,Stock,SED Energy Holdings Plc,,,,,,,,no_symbol_match,
0MR4,LSE,Stock,Byggmax Group AB,0MR4,Byggmax Group AB (publ),SE0003303627,,"Building Materials, Hardware, Garden Supply, and Mobile Home Dealers",,,no_update,https://stockanalysis.com/quote/lon/0MR4/
0MUN,LSE,Stock,Iren S.p.A.,0MUN,Iren SpA,,,Electric Services,,,no_update,https://stockanalysis.com/quote/lon/0MUN/
0N75,LSE,Stock,Bonduelle SAS,0N75,Bonduelle SCA,FR0000063935,,"Canned, Frozen, And Preserved Fruits, Vegetables, and Food Specialties",,,name_mismatch,https://stockanalysis.com/quote/lon/0N75/
0NE1,LSE,Stock,MFE MEDIAFOREUROPE NV,0NE1,MFE-Mediaforeurope N.V.,NL0015001OJ9,,Television Broadcasting Stations,,,no_update,https://stockanalysis.com/quote/lon/0NE1/
0NOL,LSE,Stock,Adva Optical Networking SE,0NOL,Adtran Networks SE,,,Computer Communications Equipment,,,name_mismatch,https://stockanalysis.com/quote/lon/0NOL/
0NUX,LSE,Stock,Prysmian SpA,0NUX,Prysmian S.p.A.,IT0004176001,,Drawing and Insulating of Nonferrous Wire,,,no_update,https://stockanalysis.com/quote/lon/0NUX/
0NW2,LSE,Stock,Randstad NV,0NW2,Randstad N.V.,NL0000379121,,Help Supply Services,,,no_update,https://stockanalysis.com/quote/lon/0NW2/
0NYY,LSE,Stock,Banco Comercial Portugues S/A,,,,,,,,no_symbol_match,
0NZM,LSE,Stock,L’Oreal SA,0NZM,L'Oréal S.A.,FR0000120321,,"Perfumes, Cosmetics, and Other Toilet Preparations",,,no_update,https://stockanalysis.com/quote/lon/0NZM/
0O0N,LSE,Stock,Schouw & Co.,0O0N,Aktieselskabet Schouw & Co.,DK0010253921,,Grain Mill Products,,,no_update,https://stockanalysis.com/quote/lon/0O0N/
0P0001J2VW,LSE,Stock,Amundi Index Solutions - Amundi MSCI Europe SRI PAB ,,,,,,,,no_symbol_match,
0PAN,LSE,Stock,CPI Europe AG,0PAN,CPI Europe AG,,,Real Estate Operators (except Developers) And Lessors,,,no_update,https://stockanalysis.com/quote/lon/0PAN/
0Q2F,LSE,Stock,Distribuidora Internacional de Alimentacion SA,0Q2F,"Distribuidora Internacional de Alimentación, S.A.",ES0126775008,,Miscellaneous General Merchandise Stores,,,no_update,https://stockanalysis.com/quote/lon/0Q2F/
0Q6M,LSE,Stock,Unipol Gruppo Finanziario Spa,0Q6M,Unipol Assicurazioni S.p.A.,IT0004810054,,"Fire, Marine, and Casualty Insurance",,,name_mismatch,https://stockanalysis.com/quote/lon/0Q6M/
0QAP,LSE,Stock,Carmila,0QAP,Carmila S.A.,,,Real Estate,,,no_update,https://stockanalysis.com/quote/lon/0QAP/
0QNY,LSE,Stock,3M Co.,0QNY,3M Company,,,Conglomerates,,,no_update,https://stockanalysis.com/quote/lon/0QNY/
0QVF,LSE,Stock,FinecoBank S.p.A.,0QVF,FinecoBank Banca Fineco S.p.A.,,,Commercial Banks,,,no_update,https://stockanalysis.com/quote/lon/0QVF/
0R7W,LSE,Stock,Promotora de Informaciones SA,0R7W,"Promotora de Informaciones, S.A.",ES0171743901,,Diversified Multi-Media,,,no_update,https://stockanalysis.com/quote/lon/0R7W/
0RCY,LSE,Stock,Attendo International publ AB,0RCY,Attendo AB (publ),SE0007666110,,Nursing And Personal Care Facilities,,,no_update,https://stockanalysis.com/quote/lon/0RCY/
0RHN,LSE,Stock,AcadeMedia AB,0RHN,AcadeMedia AB (publ),SE0007897079,,Educational Services,,,no_update,https://stockanalysis.com/quote/lon/0RHN/
0RLT,LSE,Stock,Qiagen NV,0RLT,Qiagen N.V.,NL0015002CX3,,Laboratory Analytical Instruments,,,no_update,https://stockanalysis.com/quote/lon/0RLT/
0RON,LSE,Stock,Banca Farmafactoring S.p.A.,0RON,BFF Bank S.p.A.,,,"Short-Term Business Credit Institutions, Except Agricultural",,,name_mismatch,https://stockanalysis.com/quote/lon/0RON/
0STP,LSE,Stock,Immobiliare Grande Distribuzione SIIQ SpA,0STP,Immobiliare Grande Distribuzione SIIQ S.p.A.,IT0005322612,,Real Estate Investment Trusts,,,no_update,https://stockanalysis.com/quote/lon/0STP/
0Y5F,LSE,Stock,Endo International PLC,,,,,,,,no_symbol_match,
0YAL,LSE,Stock,Boliden AB,0YAL,Boliden AB (publ),SE0020050417,,Primary Smelting And Refining Of Nonferrous Metals,,,no_update,https://stockanalysis.com/quote/lon/0YAL/
32QX,LSE,Stock,TELECOM EGYPT S.A.E GDS(EACH REPR 5 ORDS EGP10) (144A),,,,,,,,no_symbol_match,
37OC,LSE,Stock,OIL & GAS DEVELOPMENT COMPANY LD GDR (EACH REPR 10 ORD)(144A),,,,,,,,no_symbol_match,
3IN,LSE,Stock,3I Infrastructure PLC,,,,,,,,no_symbol_match,
47HA,LSE,Stock,INVESTEC INVESTMENT TRUST PLC 5% CUM PRF STK #1,,,,,,,,no_symbol_match,
51FL,LSE,Stock,SOCIETATEA ENERGETICA ELECTRICA SA GDR (EACH REPR 4ORD) (144A),,,,,,,,no_symbol_match,
59OT,LSE,Stock,JSC NATIONAL ATOMIC CO KAZATOMPROM GDR (EACH REPR 1 ORD) (144A),,,,,,,,no_symbol_match,
67GX,LSE,Stock,ZIGUP PLC 5% CUM PRF 50P,,,,,,,,no_symbol_match,
70GD,LSE,Stock,ANTOFAGASTA PLC 5% CUM PRF #1,,,,,,,,no_symbol_match,
72HN,LSE,Stock,MERCHANTS TRUST PLC 3.65% CUM PRF #1,,,,,,,,no_symbol_match,
78QZ,LSE,Stock,ALUMINIUM BAHRAIN B.S.C. GDR (EACH REPR 1/5 ORD) (144A),,,,,,,,no_symbol_match,
ACRM,LSE,Stock,Acuity RM Group Plc,,,,,,,,no_symbol_match,
AGVI,LSE,Stock,Aberforth Geared Value &,,,,,,,,no_symbol_match,
AGZI,LSE,Stock,Aberforth Geared Value & Income Trust plc,,,,,,,,no_symbol_match,
ALBH,LSE,Stock,ALUMINIUM BAHRAIN B.S.C. GDR (EACH REPR 1/5 ORD) (REG S),ALBH,Aluminium Bahrain B.S.C.,US0222082010,,Primary Production of Aluminum,,,no_update,https://stockanalysis.com/quote/lon/ALBH/
AMCO,LSE,Stock,Amcomri Group plc,,,,,,,,no_symbol_match,
AUSC,LSE,Stock,Abrdn UK Smaller Companies Growth Trust PLC,,,,,,,,no_symbol_match,
AWEM,LSE,Stock,Ashoka WhiteOak Emerging Mrkt,,,,,,,,no_symbol_match,
AXBA,LSE,Stock,AXIS BANK LD GDR EACH REPR 5 EQTY SHS(144A),,,,,,,,no_symbol_match,
BA69,LSE,Stock,CITY OF LONDON INVESTMENT TRUST PLC 4.2% CUM 1ST PRF STK,,,,,,,,no_symbol_match,
BASC,LSE,Stock,Brown Advisory US Smaller Companies PLC,,,,,,,,no_symbol_match,
BC88,LSE,Stock,CHEMRING GROUP PLC 7% CUM PRF #1,,,,,,,,no_symbol_match,
BIPS,LSE,Stock,Invesco Bond Income Plus Limited,,,,,,,,no_symbol_match,
BKMA,LSE,Stock,BANKMUSCAT (S.A.O.G) GDR (EACH REPR 4 COM STK) (144A),,,,,,,,no_symbol_match,
BOAR,LSE,Stock,BANK OF AFRICA GDR (REPR 1/3 ORD MAD10)(REG S),,,,,,,,no_symbol_match,
BP-A,LSE,Stock,BP p.l.c,,,,,,,,no_symbol_match,
BWRA,LSE,Stock,Bristol Water Holdings UK Limited 8.75% CUM IRRD PRF GBP1,,,,,,,,no_symbol_match,
CHIB,LSE,Stock,CT UK High Income Trust Plc,,,,,,,,no_symbol_match,
CHP,LSE,Stock,Caledonian Holdings PLC,,,,,,,,no_symbol_match,
CPIC,LSE,Stock,China Pacific Insurance (Group) Co. Ltd.,CPIC,"China Pacific Insurance (Group) Co., Ltd.",,,Life Insurance,,,no_update,https://stockanalysis.com/quote/lon/CPIC/
CTPE,LSE,Stock,CT Private Equity Trust PLC,,,,,,,,no_symbol_match,
CTUK,LSE,Stock,CT UK Capital And Income Investment Trust Plc,,,,,,,,no_symbol_match,
CVBP,LSE,Stock,Coventry Building Society,,,,,,,,no_symbol_match,
CVCE,LSE,Stock,CVC Income & Growth Limited,,,,,,,,no_symbol_match,
CVCG,LSE,Stock,CVC Income & Growth Limited,,,,,,,,no_symbol_match,
CYK,LSE,Stock,Cykel AI PLC,,,,,,,,no_symbol_match,
DSW,LSE,Stock,DSW Capital PLC,,,,,,,,no_symbol_match,
ESCT,LSE,Stock,The European Smaller Companies Trust PLC,,,,,,,,no_symbol_match,
ESOZ,LSE,Stock,EPE Special Opportunities Ltd. ZDP,,,,,,,,no_symbol_match,
FEML,LSE,Stock,Fidelity Emerging Markets Ord,,,,,,,,no_symbol_match,
FVEN,LSE,Stock,Foresight Ventures VCT plc,,,,,,,,no_symbol_match,
FWT,LSE,Stock,Foresight Solar & Techn VCT PLC Foresight Williams Tech Shares,,,,,,,,no_symbol_match,
GHV1,LSE,Stock,Gresham House Income & Growth VCT plc,,,,,,,,no_symbol_match,
GSCT,LSE,Stock,The Global Smaller Companies Trust Plc,,,,,,,,no_symbol_match,
GV1A,LSE,Stock,Gresham House Renewable Energy VCT 1 plc,,,,,,,,no_symbol_match,
GV1O,LSE,Stock,Gresham House Renewable Energy VCT 1 plc,,,,,,,,no_symbol_match,
GV2A,LSE,Stock,GRESHAM HOUSE RENEWABLE ENERGY VCT 2 PLC,,,,,,,,no_symbol_match,
GV2O,LSE,Stock,Gresham House Renewable Energy VCT 2 plc,,,,,,,,no_symbol_match,
HHPG,LSE,Stock,HON HAI PRECISION INDUSTRY CO LD GDR (EACH REPR 2 SHS)(144A),,,,,,,,no_symbol_match,
HLPD,LSE,Stock,HELLENIQ ENERGY HOLDINGS S.A. GDS (REPR 1 ORD SHS GRD500)(REG S),,,,,,,,no_symbol_match,
IAD,LSE,Stock,Invesco Asia Dragon Trust plc,,,,,,,,no_symbol_match,
JEDT,LSE,Stock,JPMorgan Euro Small Companies Trust Plc,,,,,,,,no_symbol_match,
JEGI,LSE,Stock,JPMorgan European Growth & Income plc,,,,,,,,no_symbol_match,
JIGI,LSE,Stock,JPMorgan India Growth & Income PLC,,,,,,,,no_symbol_match,
JMGI,LSE,Stock,JPMorgan Emerging Markets Investment Trust plc,,,,,,,,no_symbol_match,
JUGI,LSE,Stock,JPMorgan UK Small Cap Growth & Income Plc,,,,,,,,no_symbol_match,
KITW,LSE,Stock,Kitwave Group PLC,,,,,,,,no_symbol_match,
LEND,LSE,Stock,Sancus Lending Group Ltd,,,,,,,,no_symbol_match,
LKCS,LSE,Stock,LKCS,,,,,,,,no_symbol_match,
MBSP,LSE,Stock,Manchester Building Society 6.75% PIBS,,,,,,,,no_symbol_match,
MLHL,LSE,Stock,Malibu Life Holdings Limited,,,,,,,,no_symbol_match,
MVR2,LSE,Stock,Marwyn Value Investors 2021 Realisation,,,,,,,,no_symbol_match,
OGDC,LSE,Stock,OIL & GAS DEVELOPMENT COMPANY LD GDR (EACH REPR 10 ORD)(REGS),OGDC,Oil and Gas Development Company Limited,US67778Q2003,,Crude Petroleum and Natural Gas,,,no_update,https://stockanalysis.com/quote/lon/OGDC/
ONWD,LSE,Stock,Onward Opportunities Ltd,,,,,,,,no_symbol_match,
OT1,LSE,Stock,Oxford Technology 2 Venture Capital Trust PLC,,,,,,,,no_symbol_match,
OT3,LSE,Stock,Oxford Technology 2 Venture Capital Trust PLC OT3,,,,,,,,no_symbol_match,
OT4,LSE,Stock,Oxford Technology 2 Venture Capital Trust PLC OT4,,,,,,,,no_symbol_match,
OTPD,LSE,Stock,OTP Bank Plc,OTPD,OTP Bank Nyrt.,USX607461166,,Other,,,no_update,https://stockanalysis.com/quote/lon/OTPD/
OXH,LSE,Stock,Oxford Technology 2 Venture Capital Trust plc,,,,,,,,no_symbol_match,
PPET,LSE,Stock,Patria Private Equity Trust,,,,,,,,no_symbol_match,
PR1,LSE,Stock,Pri0r1ty Intelligence Group PLC,,,,,,,,no_symbol_match,
PU13,LSE,Stock,Puma VCT 13 PLC,,,,,,,,no_symbol_match,
PVN,LSE,Stock,Proven Vct PLC,,,,,,,,no_symbol_match,
QUBE,LSE,Stock,Quantum Base Holdings PLC,,,,,,,,no_symbol_match,
RKW,LSE,Stock,Rockwood Realisation PLC,,,,,,,,no_symbol_match,
SANB,LSE,Stock,SANTANDER UK 8 5/8% NON-CUM STLG PRF,,,,,,,,no_symbol_match,
SBIA,LSE,Stock,STATE BANK OF INDIA GDR (EACH REPR 10 SHS INR1)(144A),,,,,,,,no_symbol_match,
SBSA,LSE,Stock,Skipton Building Society 8.5% PIBS,,,,,,,,no_symbol_match,
SDIC,LSE,Stock,SDIC Power Holdings Co Ltd GDR - Reg S,SDIC,"SDIC Power Holdings Co., Ltd",US78397C2098,,Cogeneration Services and Small Power Producers,,,no_update,https://stockanalysis.com/quote/lon/SDIC/
SELK,LSE,Stock,Selkirk Group PLC,,,,,,,,no_symbol_match,
SLPE,LSE,Stock,SL Private Equity,,,,,,,,no_symbol_match,
SPMU,LSE,Stock,Spiritus Mundi PLC,,,,,,,,no_symbol_match,
SSIT,LSE,Stock,Seraphim Space Investment Trust PLC,,,,,,,,no_symbol_match,
SVCT,LSE,Stock,Seneca Growth Capital VCT plc,,,,,,,,no_symbol_match,
TAB,LSE,Stock,Becket Invest Plc,,,,,,,,no_symbol_match,
TEEG,LSE,Stock,Telecom Egypt Company S.A.E,TEEG,Telecom Egypt Company,,,Other,,,no_update,https://stockanalysis.com/quote/lon/TEEG/
TOO,LSE,Stock,Tooru Plc,,,,,,,,no_symbol_match,
TV1,LSE,Stock,Thames Ventures VCT 1,,,,,,,,no_symbol_match,
UBLS,LSE,Stock,UNITED BANK LD GDR (EACH REPR 4 EQTY SHS) (REGS),UBLS,United Bank Limited,US90953P2011,,Commercial Banks,,,no_update,https://stockanalysis.com/quote/lon/UBLS/
UPLL,LSE,Stock,UPL Ltd. GDR,UPLL,UPL Limited,,,Agricultural Chemicals,,,no_update,https://stockanalysis.com/quote/lon/UPLL/
VARE,LSE,Stock,Various Eateries PLC,,,,,,,,no_symbol_match,
ZENB,LSE,Stock,ZENITH BANK PLC GDR (EACH REPR 50 ORD SHR) REG S,ZENB,Zenith Bank Plc,US98935J1025,,Commercial Banks,,,no_update,https://stockanalysis.com/quote/lon/ZENB/
601956,SSE,Stock,Hubei Donper Electromechanical Group Co. Ltd.,601956,"Hubei Donper Electromechanical Group Co., Ltd.",,Industrials,"Machinery, Tools, Heavy Vehicles, Trains & Ships",,,no_update,https://stockanalysis.com/quote/sha/601956/
603091,SSE,Stock,ZX PACKING ORD A (SHH) EQSW Exp:,603091,"Zhejiang Zhongxin Environmental Protection Technology Group Co., Ltd.",,Materials,Paper & Paper Products,,,name_mismatch,https://stockanalysis.com/quote/sha/603091/
603150,SSE,Stock,Anhui Higasket Plastics Co.Ltd.,603150,"Anhui Higasket Plastics Co.,Ltd.",,Technology,Electronic Components,,,no_update,https://stockanalysis.com/quote/sha/603150/
603207,SSE,Stock,XIAO FANG ORD A (SHH) EQSW Exp:,603207,"Shanghai Xiao Fang Pharmaceutical Co.,Ltd.",,Healthcare,Drug Manufacturers - Specialty & Generic,,,no_update,https://stockanalysis.com/quote/sha/603207/
603284,SSE,Stock,Anhui Linping Circular Dvlp Co,603284,"Anhui Linping Circular Development Co., Ltd.",,,"Converted Paper And Paperboard Products, Except Containers And Boxes",,,no_update,https://stockanalysis.com/quote/sha/603284/
603296,SSE,Stock,HUAQIN TECHNOLOGY LTD A,603296,"Huaqin Co., Ltd.",,Technology,Consumer Electronics,,,no_update,https://stockanalysis.com/quote/sha/603296/
605068,SSE,Stock,Mingxin Automotive Leather Co. Ltd.,605068,"Mingxin New Material Co.,Ltd.",CNE1000077F7,Consumer Discretionary,Auto Parts,,,name_mismatch,https://stockanalysis.com/quote/sha/605068/
688136,SSE,Stock,Shandong Kexing Bioproducts Co. Ltd. A,688136,"Kexing Biopharm Co., Ltd.",CNE100006ZG6,Healthcare,Biotechnology,,,name_mismatch,https://stockanalysis.com/quote/sha/688136/
688218,SSE,Stock,Jiangsu Beiren Robot System Co Ltd,688218,"Jiangsu Beiren Robot System Co., Ltd",,Industrials,Specialty Industrial Machinery,,,no_update,https://stockanalysis.com/quote/sha/688218/
688221,SSE,Stock,Frontier Biopharmaceuticals (Nanjing) Co. Ltd. A,688221,Frontier Biotechnologies Inc.,,Healthcare,Drug Manufacturers - Specialty & Generic,,,name_mismatch,https://stockanalysis.com/quote/sha/688221/
688223,SSE,Stock,JinkoSolar Co. Ltd. A,688223,"Jinko Solar Co., Ltd.",,Technology,Solar,,,no_update,https://stockanalysis.com/quote/sha/688223/
688235,SSE,Stock,BeiGene Ltd.,688235,BeOne Medicines AG,CNE100005XT6,Healthcare,Biotechnology,,,name_mismatch,https://stockanalysis.com/quote/sha/688235/
688450,SSE,Stock,AGIOE ORD A (SHH) EQSW Exp:,688450,"Suzhou Agioe Technologies Co., Ltd.",,Industrials,Specialty Industrial Machinery,,,name_mismatch,https://stockanalysis.com/quote/sha/688450/
688573,SSE,Stock,XINYUREN ORD A (SHH) EQSW Exp:,688573,"Shenzhen Xinyuren Technology Co., Ltd.",,Industrials,Electrical Equipment & Parts,,,name_mismatch,https://stockanalysis.com/quote/sha/688573/
688592,SSE,Stock,COMNAV ORD A (SHH) EQSW Exp:,688592,ComNav Technology Ltd.,,Technology,Communication Equipment,,,name_mismatch,https://stockanalysis.com/quote/sha/688592/
688602,SSE,Stock,CHEMSPEC ORD A (SHH) EQSW Exp:,688602,Shanghai Chemspec Corporation,,Materials,Chemicals,,,name_mismatch,https://stockanalysis.com/quote/sha/688602/
688603,SSE,Stock,Guangdong Skychem Technology Co. Ltd. A,688603,"Shanghai Skychem Technology Co., Ltd.",,Materials,Specialty Chemicals,,,no_update,https://stockanalysis.com/quote/sha/688603/
688610,SSE,Stock,I-TEK ORD A (SHH) EQSW Exp:,688610,"Hefei I-TEK OptoElectronics Co., Ltd.",,Technology,Electronic Components,,,name_mismatch,https://stockanalysis.com/quote/sha/688610/
688615,SSE,Stock,INTSIG ORD A (SHH) EQSW Exp:,688615,"Intsig Information Co., Ltd.",,Technology,Software - Infrastructure,,,name_mismatch,https://stockanalysis.com/quote/sha/688615/
688638,SSE,Stock,UTIMES ORD A (SHH) EQSW Exp:,688638,"Shenzhen UTIMES Intelligent Equipment Co., Ltd.",,Industrials,Specialty Industrial Machinery,,,no_update,https://stockanalysis.com/quote/sha/688638/
688646,SSE,Stock,YIFILASER ORD A (SHH) EQSW Exp:,688646,Wuhan Yifi Laser Corporation Limited,,Industrials,Specialty Industrial Machinery,,,name_mismatch,https://stockanalysis.com/quote/sha/688646/
688651,SSE,Stock,WEBRAY ORD A (SHH) EQSW Exp:,688651,"WebRAY Tech(Beijing) Co., Ltd.",,Technology,Software - Infrastructure,,,name_mismatch,https://stockanalysis.com/quote/sha/688651/
688671,SSE,Stock,BESCIENT ORD A (SHH) EQSW Exp:,688671,"Bescient Technologies Co., Ltd.",,Industrials,Pollution & Treatment Controls,,,name_mismatch,https://stockanalysis.com/quote/sha/688671/
688693,SSE,Stock,CONVERT ORD A (SHH) EQSW Exp:,688693,"Suzhou Convert Semiconductor CO., LTD.",,Technology,Electronic Components,,,name_mismatch,https://stockanalysis.com/quote/sha/688693/
688710,SSE,Stock,INNOSTAR ORD A (SHH) EQSW Exp:,688710,"Shanghai InnoStar Bio-tech Co., Ltd.",,Healthcare,Drug Manufacturers - General,,,name_mismatch,https://stockanalysis.com/quote/sha/688710/
689009,SSE,Stock,Ninebot Ltd,689009,Ninebot Limited,,Consumer Discretionary,Leisure,,,no_update,https://stockanalysis.com/quote/sha/689009/
001316,SZSE,Stock,Zhejiang XiaSha Precision,001316,"Lubair Aviation Technology Co., Ltd.",CNE100005DM3,Industrials,Aerospace & Defense,,,name_mismatch,https://stockanalysis.com/quote/she/001316/
001366,SZSE,Stock,Boen Group Co. Ltd. Cl A,001366,"Boen Group Co., Ltd.",,Consumer Staples,Farm Products,,,no_update,https://stockanalysis.com/quote/she/001366/
301047,SZSE,Stock,Sino BiologicalInc.,301047,"Sino Biological,Inc.",,Healthcare,Biotechnology,,,no_update,https://stockanalysis.com/quote/she/301047/
301177,SZSE,Stock,DR Corporation Limited,301177,DR Corporation Limited,,Consumer Discretionary,Luxury Goods,,,no_update,https://stockanalysis.com/quote/she/301177/
301539,SZSE,Stock,Hongxin Tech Co Ltd,301539,"Zhejiang Hongxin Technology Co., Ltd.",CNE100006HP5,Consumer Discretionary,Auto Parts,,,name_mismatch,https://stockanalysis.com/quote/she/301539/
301589,SZSE,Stock,Novastar Co Ltd,301589,"Xi'an NovaStar Tech Co., Ltd.",,Technology,Electronic Components,,,no_update,https://stockanalysis.com/quote/she/301589/
AD-UN,TSX,Stock,Alaris Equity Partners Income Trust,,,,,,,,no_symbol_match,
AGF,TSX,Stock,AGF Management Limited,,,,,,,,no_symbol_match,
BBD,TSX,Stock,Bombardier Inc.,,,,,,,,no_symbol_match,
BEK,TSX,Stock,Becker Milk Company Ltd. (The),,,,,,,,no_symbol_match,
BEK-B,TSX,Stock,Becker Milk Co Ltd Cl B Nv Spec (BEK-B.TO,,,,,,,,no_symbol_match,
BENZ,TSX,Stock,Mercedes-Benz CDR (CAD Hedged),BENZ,Mercedes-Benz Group AG,,,Motor Vehicles and Passenger Car Bodies,,,no_update,https://stockanalysis.com/quote/tsx/BENZ/
BGI-UN,TSX,Stock,Brookfield Global Infrastructure Securities Income Fund,,,,,,,,no_symbol_match,
BOFA,TSX,Stock,Bank of America CDR (CAD Hedged),BOFA,Bank of America Corporation,,,Commercial Banks,,,no_update,https://stockanalysis.com/quote/tsx/BOFA/
BPF-UN,TSX,Stock,Boston Pizza Royalties Income Fund,,,,,,,,no_symbol_match,
BPO,TSX,Stock,Brookfield Office Properties Inc.,,,,,,,,no_symbol_match,
CATR,TSX,Stock,Caterpillar CDR (CAD Hedged),CATR,Caterpillar Inc.,,,Construction Machinery and Equipment,,,no_update,https://stockanalysis.com/quote/tsx/CATR/
CEGS,TSX,Stock,Constellation Energy CDR (CAD Hedged),CEGS,Constellation Energy Corporation,,,Electric Services,,,no_update,https://stockanalysis.com/quote/tsx/CEGS/
CIU,TSX,Stock,CU Inc.,,,,,,,,no_symbol_match,
CMGS,TSX,Stock,Chipotle CDR (CAD Hedged),CMGS,"Chipotle Mexican Grill, Inc.",,Consumer Discretionary,Restaurants,,,name_mismatch,https://stockanalysis.com/quote/tsx/CMGS/
COP-U,TSX,Stock,Sprott Physical Copper Trust,,,,,,,,no_symbol_match,
COP-UN,TSX,Stock,Sprott Physical Copper Trust,,,,,,,,no_symbol_match,
DAY,TSX,Stock,"Dayforce, Inc.",,,,,,,,no_symbol_match,
DII-A,TSX,Stock,Dorel Industries Inc Cl.A Mv (DII-A.TO,,,,,,,,no_symbol_match,
DNTL,TSX,Stock,dentalcorp Holdings Ltd.,,,,,,,,no_symbol_match,
GCG,TSX,Stock,Guardian Capital Group Limited,,,,,,,,no_symbol_match,
IGBT-UN,TSX,Stock,2028 Investment Grade Bond Trust,,,,,,,,no_symbol_match,
INC-UN,TSX,Stock,Income Financial Trust,,,,,,,,no_symbol_match,
INGS,TSX,Stock,ING CDR (CAD Hedged),INGS,ING Groep N.V.,,,Commercial Banks,,,name_mismatch,https://stockanalysis.com/quote/tsx/INGS/
LIRC,TSX,Stock,Lithium Royalty Corp.,,,,,,,,no_symbol_match,
LN,TSX,Stock,Loncor Gold Inc.,,,,,,,,no_symbol_match,
LVMH,TSX,Stock,LVMH CDR (CAD Hedged),LVMH,"LVMH Moët Hennessy - Louis Vuitton, Société Européenne",,Consumer Discretionary,Luxury Goods,,,name_mismatch,https://stockanalysis.com/quote/tsx/LVMH/
MAK-U,TSX,Stock,MAK Acquisition Corp.,,,,,,,,no_symbol_match,
MIC,TSX,Stock,Sagen MI Canada Inc.,,,,,,,,no_symbol_match,
MID-UN,TSX,Stock,MINT Income Fund,,,,,,,,no_symbol_match,
MMP-UN,TSX,Stock,Precious Metals And Mining Trust,,,,,,,,no_symbol_match,
MOGO,TSX,Stock,Mogo Inc.,,,,,,,,no_symbol_match,
NOVO,TSX,Stock,Novo Nordisk CDR (CAD Hedged),NOVO,Novo Nordisk A/S,,Healthcare,Drug Manufacturers - General,,,no_update,https://stockanalysis.com/quote/tsx/NOVO/
NOWS,TSX,Stock,ServiceNow CDR (CAD Hedged),NOWS,"ServiceNow, Inc.",,Technology,Software - Application,,,no_update,https://stockanalysis.com/quote/tsx/NOWS/
NRR-UN,TSX,Stock,Northview Residential REIT,,,,,,,,no_symbol_match,
NSTL,TSX,Stock,Nestlé CDR (CAD Hedged),NSTL,Nestlé S.A.,,,Food and Kindred Products,,,no_update,https://stockanalysis.com/quote/tsx/NSTL/
NVS,TSX,Stock,Novartis CDR (CAD Hedged),NVS,Novartis AG,,,Pharmaceutical Preparations,,,no_update,https://stockanalysis.com/quote/tsx/NVS/
ORAC,TSX,Stock,Oracle CDR (CAD Hedged),ORAC,Oracle Corporation,,,Prepackaged Software,,,no_update,https://stockanalysis.com/quote/tsx/ORAC/
PBY-UN,TSX,Stock,Canso Credit Trust - Canso Credit Income Fund,,,,,,,,no_symbol_match,
PGIC,TSX,Stock,Premium Global Income Split Corp.,,,,,,,,no_symbol_match,
PRB,TSX,Stock,Probe Gold Inc.,,,,,,,,no_symbol_match,
PWF,TSX,Stock,Power Financial Corporation,,,,,,,,no_symbol_match,
PWI,TSX,Stock,Sustainable Power & Infrastructure Split Corp.,,,,,,,,no_symbol_match,
QBR,TSX,Stock,Quebecor Inc.,,,,,,,,no_symbol_match,
QBTC-U,TSX,Stock,The Bitcoin Fund Class A,,,,,,,,no_symbol_match,
RBN-UN,TSX,Stock,Blue Ribbon Income Fund,,,,,,,,no_symbol_match,
SAPS,TSX,Stock,SAP CDR (CAD Hedged),SAPS,SAP SE,,,Prepackaged Software,,,no_update,https://stockanalysis.com/quote/tsx/SAPS/
SMNS,TSX,Stock,Siemens CDR (CAD Hedged),SMNS,Siemens Aktiengesellschaft,,,Conglomerates,,,no_update,https://stockanalysis.com/quote/tsx/SMNS/
SNY,TSX,Stock,Sanofi CDR (CAD Hedged),SNY,Sanofi,,Healthcare,Drug Manufacturers - General,,,no_update,https://stockanalysis.com/quote/tsx/SNY/
SPAC,TSX,Stock,Mercer Park Opportunities Corp.,,,,,,,,no_symbol_match,
SPAC-U,TSX,Stock,Mercer Park Opportunities Corp Ordinary Shares - Class A (Restricted Voting,,,,,,,,no_symbol_match,
SPPP-U,TSX,Stock,Sprott Physical Platinum & Palladium Tr,,,,,,,,no_symbol_match,
SRV-UN,TSX,Stock,SIR Royalty Income Fund,,,,,,,,no_symbol_match,
TTES,TSX,Stock,TotalEnergies CDR (CAD Hedged),TTES,TotalEnergies SE,,Energy,Oil & Gas Integrated,,,no_update,https://stockanalysis.com/quote/tsx/TTES/
TTNM,TSX,Stock,Titanium Transportation Group Inc.,,,,,,,,no_symbol_match,
TVA-B,TSX,Stock,TVA Group Inc,,,,,,,,no_symbol_match,
U-U,TSX,Stock,Sprott Physical Uranium Trust,,,,,,,,no_symbol_match,
UBSS,TSX,Stock,UBS CDR (CAD Hedged),UBSS,UBS Group AG,,,Investment Advice,,,no_update,https://stockanalysis.com/quote/tsx/UBSS/
VISA,TSX,Stock,Visa CDR (CAD Hedged),VISA,Visa Inc.,,,"Functions Related to Depository Banking, Not Elsewhere Classified",,,no_update,https://stockanalysis.com/quote/tsx/VISA/
WFCS,TSX,Stock,Wells Fargo CDR (CAD Hedged),WFCS,Wells Fargo & Company,,Financials,Banks - Diversified,,,no_update,https://stockanalysis.com/quote/tsx/WFCS/
XMF,TSX,Stock,M Split Corp.,,,,,,,,no_symbol_match,
XMF-A,TSX,Stock,M Split Corp,,,,,,,,no_symbol_match,
ZYNS,TSX,Stock,Philip Morris CDR (CAD Hedged),ZYNS,Philip Morris International Inc.,,,Cigarettes,,,no_update,https://stockanalysis.com/quote/tsx/ZYNS/
AB-H,TSXV,Stock,Asbestos Corporation Limited,,,,,,,,no_symbol_match,
ADJ.P,TSXV,Stock,AD4 Capital Corp.,,,,,,,,no_symbol_match,
AFR,TSXV,Stock,AFR NuVenture Resources Inc.,,,,,,,,no_symbol_match,
AFV.P,TSXV,Stock,Apolo V Acquisition Corp.,,,,,,,,no_symbol_match,
AGMR,TSXV,Stock,Silver Mountain Resources Inc.,,,,,,,,no_symbol_match,
AJA,TSXV,Stock,Aja Health and Wellness Inc.,AJA,AJA Health and Wellness Inc.,,Healthcare,Health Information Services,,,no_update,https://stockanalysis.com/quote/tsxv/AJA/
ALDD.P,TSXV,Stock,ALDD Ventures Corp.,,,,,,,,no_symbol_match,
AMV.P,TSXV,Stock,AMV II Capital Corporation,,,,,,,,no_symbol_match,
AMYA.P,TSXV,Stock,Amaya Big Sky Capital Corp.,,,,,,,,no_symbol_match,
AOCC.P,TSXV,Stock,Artrari One Capital Corp.,,,,,,,,no_symbol_match,
AQR.P,TSXV,Stock,Anquiro Ventures Ltd.,,,,,,,,no_symbol_match,
ARGH,TSXV,Stock,Argo Corporation,ARGH,Argo Corporation,,Technology,Software - Application,,,no_update,https://stockanalysis.com/quote/tsxv/ARGH/
AUNK.P,TSXV,Stock,Ankh II Capital Inc.,,,,,,,,no_symbol_match,
AXO,TSXV,Stock,AXO Copper Corp.,AXO,Axo Metals Corp.,CA05465W1068,Materials,Copper,,,name_mismatch,https://stockanalysis.com/quote/tsxv/AXO/
AZC.P,TSXV,Stock,A2ZCryptocap Inc.,,,,,,,,no_symbol_match,
BAL-H,TSXV,Stock,Balto Resources Ltd,,,,,,,,no_symbol_match,
BAQ.P,TSXV,Stock,Bluewater Acquisition Corp.,,,,,,,,no_symbol_match,
BLCC.P,TSXV,Stock,Bow Lake Capital Corp.,,,,,,,,no_symbol_match,
BLTC.P,TSXV,Stock,Baltic I Acquisition Corp.,,,,,,,,no_symbol_match,
BNXA,TSXV,Stock,Banxa Holdings Inc.,,,,,,,,no_symbol_match,
BOGO,TSXV,Stock,Borealis Mining Company Limited,BOGO,Borealis Mining Company Limited,,Materials,Other Industrial Metals & Mining,,,no_update,https://stockanalysis.com/quote/tsxv/BOGO/
BONE,TSXV,Stock,Boron One Holdings Inc.,BONE,Boron One Holdings Inc.,,Materials,Other Industrial Metals & Mining,,,no_update,https://stockanalysis.com/quote/tsxv/BONE/
CAPL.P,TSXV,Stock,Caplink Ventures Inc.,,,,,,,,no_symbol_match,
CCIC.P,TSXV,Stock,Chicane Capital I Corp.,,,,,,,,no_symbol_match,
CCZ.P,TSXV,Stock,Chablis Capital Corp.,,,,,,,,no_symbol_match,
CHII.P,TSXV,Stock,Chicane Capital II Corp.,,,,,,,,no_symbol_match,
CNCO,TSXV,Stock,Core Nickel Corp.,,,,,,,,no_symbol_match,
CNJ.P,TSXV,Stock,CNJ Capital Investments Inc.,,,,,,,,no_symbol_match,
CNST.P,TSXV,Stock,Constellation Capital Corp.,,,,,,,,no_symbol_match,
CRD,TSXV,Stock,Copper Road Resources Inc.,CRD,Copper Road Resources Inc.,,Materials,Other Industrial Metals & Mining,,,no_update,https://stockanalysis.com/quote/tsxv/CRD/
CT.P,TSXV,Stock,CarbonTech Capital Corp.,,,,,,,,no_symbol_match,
DAQ.P,TSXV,Stock,Dominus Acquisition Corp.,DAQ.P,Dominus Acquisitions Corp.,,Financials,Shell Companies,,,no_update,https://stockanalysis.com/quote/tsxv/DAQ.P/
DGC,TSXV,Stock,Daura Gold Corp.,DGC,Daura Gold Corp.,,Materials,Gold,,,no_update,https://stockanalysis.com/quote/tsxv/DGC/
DGL.P,TSXV,Stock,DGL Investments No. 1 Inc.,,,,,,,,no_symbol_match,
DLC,TSXV,Stock,DLC Holdings Corp.,DLC,DLC Holdings Corp.,,Real Estate,Real Estate Services,,,no_update,https://stockanalysis.com/quote/tsxv/DLC/
DVX.P,TSXV,Stock,Drummond Ventures Corp.,,,,,,,,no_symbol_match,
ECCS.P,TSXV,Stock,ECC Ventures 6 Corp.,,,,,,,,no_symbol_match,
ECCV.P,TSXV,Stock,ECC Ventures 5 Corp.,,,,,,,,no_symbol_match,
EESH.P,TSXV,Stock,Aneesh Capital Corp.,,,,,,,,no_symbol_match,
EIRE-P,TSXV,Stock,Monaghan Capital Fund Ltd.,,,,,,,,no_symbol_match,
ELL,TSXV,Stock,Everybody Loves Languages Corp.,,,,,,,,no_symbol_match,
EON,TSXV,Stock,EON Lithium Corp.,EON,Eon Lithium Corp.,,Materials,Other Industrial Metals & Mining,,,no_update,https://stockanalysis.com/quote/tsxv/EON/
EVOC.P,TSXV,Stock,Evocati Capital Resources Inc.,,,,,,,,no_symbol_match,
FCA-U,TSXV,Stock,Firm Capital Apartment Real Estate Investment Trust,,,,,,,,no_symbol_match,
FFC.P,TSXV,Stock,Fife Capital Corp.,,,,,,,,no_symbol_match,
FGCC.P,TSXV,Stock,First and Goal Capital Corp.,,,,,,,,no_symbol_match,
FIVD.P,TSXV,Stock,5D Acquisition Corp.,,,,,,,,no_symbol_match,
FLT,TSXV,Stock,Volatus Aerospace Inc.,,,,,,,,no_symbol_match,
FONC.P,TSXV,Stock,Florence One Capital Inc.,,,,,,,,no_symbol_match,
FUN.P,TSXV,Stock,Fountainhall Capital Corp.,,,,,,,,no_symbol_match,
GCV.P,TSXV,Stock,Golden Star Capital Ventures Inc.,,,,,,,,no_symbol_match,
GLIN.P,TSXV,Stock,Global Investments Capital Corp.,,,,,,,,no_symbol_match,
GOWC.P,TSXV,Stock,Can-Gow Capital Inc.,,,,,,,,no_symbol_match,
GQ,TSXV,Stock,Great Quest Gold Ltd.,,,,,,,,no_symbol_match,
GTM.P,TSXV,Stock,G2M Cap Corp.,,,,,,,,no_symbol_match,
GXY.P,TSXV,Stock,Galaxy Ventures Inc.,,,,,,,,no_symbol_match,
HAW.P,TSXV,Stock,Haw Capital 2 Corp.,,,,,,,,no_symbol_match,
HEC.P,TSXV,Stock,Haviland Enviro Corp.,,,,,,,,no_symbol_match,
HO.P,TSXV,Stock,H2 Ventures 1 Inc.,,,,,,,,no_symbol_match,
IBC-H,TSXV,Stock,International Bethlehem Mining Corp,,,,,,,,no_symbol_match,
ICGH,TSXV,Stock,IC Group Holdings Inc.,ICGH,IC Group Holdings Inc.,,Communication Services,Advertising Agencies,,,no_update,https://stockanalysis.com/quote/tsxv/ICGH/
ICI.P,TSXV,Stock,Inceptus Capital Ltd.,,,,,,,,no_symbol_match,
IKC.P,TSXV,Stock,Ikigai Capital Corp.,,,,,,,,no_symbol_match,
INIK,TSXV,Stock,Ionik Corporation,INIK,Ionik Corporation,,Communication Services,Advertising Agencies,,,no_update,https://stockanalysis.com/quote/tsxv/INIK/
IZ,TSXV,Stock,International Zeolite Corp.,,,,,,,,no_symbol_match,
JCI-H,TSXV,Stock,JM CAPITAL II CORP,,,,,,,,no_symbol_match,
JHC,TSXV,Stock,Jinhua Capital Corporation,JHC,Jinhua Capital Corporation,,Financials,Shell Companies,,,no_update,https://stockanalysis.com/quote/tsxv/JHC/
JOJO.P,TSXV,Stock,Jo-Jo Capital Canada Ltd.,,,,,,,,no_symbol_match,
KAC.P,TSXV,Stock,Kalon Acquisition Corp.,,,,,,,,no_symbol_match,
KKL.P,TSXV,Stock,Kelly Ventures Ltd.,,,,,,,,no_symbol_match,
KLX,TSXV,Stock,Klimat X Developments Inc.,KLX,Carbon Done Right Developments Inc.,,Technology,Information Technology Services,,,no_update,https://stockanalysis.com/quote/tsxv/KLX/
KPEN.P,TSXV,Stock,KP3993 Resources Inc.,KPEN.P,KP3993 Resources Inc.,,,"Unit Investment Trusts, Face-Amount Certificate Offices, and Closed-End Management Investment Offices",,,no_update,https://stockanalysis.com/quote/tsxv/KPEN.P/
LDB.P,TSXV,Stock,LDB Capital Corp.,,,,,,,,no_symbol_match,
LILL.P,TSXV,Stock,Little Fish Acquisition I Corp.,,,,,,,,no_symbol_match,
LLG,TSXV,Stock,Mason Resources Inc.,,,,,,,,no_symbol_match,
LNGE,TSXV,Stock,LNG Energy Group Corp.,LNGE,LNG Energy Group Corp.,,Energy,Oil & Gas Exploration & Production,,,no_update,https://stockanalysis.com/quote/tsxv/LNGE/
LRC-H,TSXV,Stock,Lovitt Resources Inc,,,,,,,,no_symbol_match,
LSC.P,TSXV,Stock,Lombard Street Capital Corp.,,,,,,,,no_symbol_match,
MAND.P,TSXV,Stock,Mandeville Ventures Inc.,,,,,,,,no_symbol_match,
MAR-UN,TSXV,Stock,Marwest Apartment Real Estate Investment Trust,,,,,,,,no_symbol_match,
MCCP.P,TSXV,Stock,Michichi Capital Corp.,,,,,,,,no_symbol_match,
MLO,TSXV,Stock,Metalero Mining Corp.,MLO,Metalero Mining Corp.,,Materials,Gold,,,no_update,https://stockanalysis.com/quote/tsxv/MLO/
MLY,TSXV,Stock,Multi-Metal Development Ltd.,,,,,,,,no_symbol_match,
MUST-H,TSXV,Stock,Must Capital Inc,,,,,,,,no_symbol_match,
NEME.P,TSXV,Stock,New Media Capital 2.0 Inc.,,,,,,,,no_symbol_match,
NGEN,TSXV,Stock,Nervgen Pharma Corp.,,,,,,,,no_symbol_match,
NIS.P,TSXV,Stock,Cann-is Capital Corp.,,,,,,,,no_symbol_match,
NLII.P,TSXV,Stock,NL2 Capital Inc.,,,,,,,,no_symbol_match,
NMG-H,TSXV,Stock,Noble Metal Group Incorporated,,,,,,,,no_symbol_match,
NRZ-H,TSXV,Stock,Norzan Enterprises Ltd.,,,,,,,,no_symbol_match,
NVN.P,TSXV,Stock,Navion Capital II Inc.,,,,,,,,no_symbol_match,
OAC.P,TSXV,Stock,Oa Capital Corp.,,,,,,,,no_symbol_match,
OKAI,TSXV,Stock,EvokAI Creative Labs Inc.,OKAI,EvokAI Creative Labs Inc.,,Healthcare,Health Information Services,,,no_update,https://stockanalysis.com/quote/tsxv/OKAI/
OPEN.P,TSXV,Stock,OpenSesame Acquisition Corp.,,,,,,,,no_symbol_match,
PCAA.P,TSXV,Stock,PC 1 Corp.,PCAA.P,PC 1 Corp.,,Financials,Shell Companies,,,no_update,https://stockanalysis.com/quote/tsxv/PCAA.P/
PDVN.P,TSXV,Stock,Pardus Ventures Inc.,,,,,,,,no_symbol_match,
PNTI.P,TSXV,Stock,Pentagon I Capital Corp.,,,,,,,,no_symbol_match,
POC.P,TSXV,Stock,POCML 7 Inc.,,,,,,,,no_symbol_match,
PRH,TSXV,Stock,Pearl River Holdings Limited,PRH,Pearl River Holdings Limited,,Consumer Discretionary,Packaging & Containers,,,no_update,https://stockanalysis.com/quote/tsxv/PRH/
PTP-H,TSXV,Stock,Petrichor Energy Inc,,,,,,,,no_symbol_match,
PVF,TSXV,Stock,Partners Value Investments LP,,,,,,,,no_symbol_match,
PVF-UN,TSXV,Stock,Partners Value Investments LP,,,,,,,,no_symbol_match,
R.P,TSXV,Stock,Rockport Capital Corp.,,,,,,,,no_symbol_match,
RCR-P,TSXV,Stock,Canna 8 Investment Trust,,,,,,,,no_symbol_match,
REBL.P,TSXV,Stock,Genesis Acquisition Corp.,,,,,,,,no_symbol_match,
RENT.P,TSXV,Stock,Shine Box Capital Corp.,,,,,,,,no_symbol_match,
REVV,TSXV,Stock,ReVolve Renewable Power Corp.,,,,,,,,no_symbol_match,
REVX,TSXV,Stock,Rev Exploration Corp.,REVX,Rev Exploration Corp.,,Materials,Gold,,,no_update,https://stockanalysis.com/quote/tsxv/REVX/
RME,TSXV,Stock,Roland Minerals Enterprises Corp.,RME,Roland Mineral Enterprises Corp.,,Materials,Other Industrial Metals & Mining,,,no_update,https://stockanalysis.com/quote/tsxv/RME/
ROSH.P,TSXV,Stock,Roshni Capital Inc.,,,,,,,,no_symbol_match,
RRCC.P,TSXV,Stock,Raging Rhino Capital Corp.,,,,,,,,no_symbol_match,
RSC.P,TSXV,Stock,Rockmount Capital Corporation,,,,,,,,no_symbol_match,
RVC.P,TSXV,Stock,Ronin Ventures Corp.,RVC.P,Ronin Ventures Corp.,,Financials,Shell Companies,,,no_update,https://stockanalysis.com/quote/tsxv/RVC.P/
SAC.P,TSXV,Stock,Savanna Capital Corp.,,,,,,,,no_symbol_match,
SBEL.P,TSXV,Stock,Sanibel Ventures Corp.,,,,,,,,no_symbol_match,
SDCI.P,TSXV,Stock,St. Davids Capital Inc.,,,,,,,,no_symbol_match,
SEVN.P,TSXV,Stock,Seven Oaks Capital Corp.,,,,,,,,no_symbol_match,
SGQ,TSXV,Stock,SouthGobi Resources Ltd.,SGQ,SouthGobi Resources Ltd.,,Energy,Thermal Coal,,,no_update,https://stockanalysis.com/quote/tsxv/SGQ/
SHK.P,TSXV,Stock,Sparrowhawk Opportunity Corp.,SHK.P,Sparrowhawk Opportunity Corp.,,,"Unit Investment Trusts, Face-Amount Certificate Offices, and Closed-End Management Investment Offices",,,no_update,https://stockanalysis.com/quote/tsxv/SHK.P/
SHLL.P,TSXV,Stock,Shellron Capital Ltd.,,,,,,,,no_symbol_match,
SLX.P,TSXV,Stock,Searchlight Innovations Inc.,,,,,,,,no_symbol_match,
SPRO.P,TSXV,Stock,Sprock-It Acquisitions Ltd.,,,,,,,,no_symbol_match,
SPRQ,TSXV,Stock,SPARQ Systems Inc.,SPRQ,SPARQ Systems Inc.,,Industrials,Electrical Equipment & Parts,,,no_update,https://stockanalysis.com/quote/tsxv/SPRQ/
SRQ,TSXV,Stock,Sonoma Resources Inc.,SRQ,SRQ Resources Inc.,,Materials,Other Industrial Metals & Mining,,,no_update,https://stockanalysis.com/quote/tsxv/SRQ/
SSS.P,TSXV,Stock,Samurai Capital Corp.,,,,,,,,no_symbol_match,
STRM,TSXV,Stock,Storm Exploration Inc.,STRM,Storm Exploration Inc.,,Materials,Other Precious Metals & Mining,,,no_update,https://stockanalysis.com/quote/tsxv/STRM/
SURF-UN,TSXV,Stock,Starlight U.S. Residential Fund (Multi-Family) Investment LP,,,,,,,,no_symbol_match,
TBRD,TSXV,Stock,Thunderbird Entertainment Group Inc.,,,,,,,,no_symbol_match,
TCK.P,TSXV,Stock,Trillium Acquisition Corp.,,,,,,,,no_symbol_match,
THY-P,TSXV,Stock,Thermopylae Capital Inc.,,,,,,,,no_symbol_match,
TIP-H,TSXV,Stock,Tyner Resources Ltd,,,,,,,,no_symbol_match,
TOP.P,TSXV,Stock,Transition Opportunities Corp.,,,,,,,,no_symbol_match,
TRBR,TSXV,Stock,Trubar Inc.,,,,,,,,no_symbol_match,
TTO-H,TSXV,Stock,Atoro Capital Corp,,,,,,,,no_symbol_match,
TUP.P,TSXV,Stock,Tup Capital Inc.,,,,,,,,no_symbol_match,
UPT.P,TSXV,Stock,Upstart Investments Inc.,,,,,,,,no_symbol_match,
VAL.P,TSXV,Stock,Valencia Capital Inc.,,,,,,,,no_symbol_match,
VCC.P,TSXV,Stock,Veteran Capital Corp.,,,,,,,,no_symbol_match,
VKG-H,TSXV,Stock,Norse Gold Corp,,,,,,,,no_symbol_match,
VMY-H,TSXV,Stock,Voice Mobility International Inc,,,,,,,,no_symbol_match,
VTEN.P,TSXV,Stock,V Ten Capital Corp.,,,,,,,,no_symbol_match,
WITT.P,TSXV,Stock,Wittering Capital Corp.,,,,,,,,no_symbol_match,
WOI-H,TSXV,Stock,WORLD ORGANICS INC,,,,,,,,no_symbol_match,
WOOD.P,TSXV,Stock,Woodbridge Ventures II Inc.,,,,,,,,no_symbol_match,
XCYT,TSXV,Stock,Xcyte Digital Corp.,XCYT,Xcyte Digital Corp.,,Financials,Shell Companies,,,no_update,https://stockanalysis.com/quote/tsxv/XCYT/
XTAO,TSXV,Stock,xTAO Inc.,,,,,,,,no_symbol_match,
XTAO-U,TSXV,Stock,XTAO Inc.,,,,,,,,no_symbol_match,
YSK.P,TSXV,Stock,Space Kingdom Digital Capital Corp.,,,,,,,,no_symbol_match,
